date,ad_id,spend,impressions,clicks,installs,signups,trials,adj_trials,v3s,thruplays
2026-06-01,120236574936400167,266.05,47018,558,14,9,1,1.58,7402,693
2026-06-02,120236574936400167,274.73,50089,624,7,3,3,4.73,7816,774
2026-06-03,120236574936400167,126.9,20085,341,14,7,2,3.13,3592,539
2026-06-04,120236574936400167,76.59,12210,308,8,1,2,3.19,2303,517
2026-06-05,120236574936400167,157.98,24646,368,20,10,3,4.8,4174,413
2026-06-06,120236574936400167,283.0,43610,650,28,12,3,4.97,7069,847
2026-06-07,120236574936400167,259.61,43816,943,12,8,5,8.15,5588,610
2026-06-08,120236574936400167,234.28,39633,975,14,5,2,3.32,5266,728
2026-06-09,120236574936400167,238.91,37387,1099,9,5,3,4.94,6000,873
2026-06-10,120236574936400167,178.77,28675,855,16,12,4,6.67,4635,533
2026-06-11,120236574936400167,371.18,65619,1570,20,8,6,10.25,11085,840
2026-06-12,120236574936400167,285.56,47443,1627,15,6,3,5.09,7904,816
2026-06-13,120236574936400167,294.86,47706,1949,16,12,4,7.21,7059,779
2026-06-14,120236574936400167,269.39,45386,1194,14,5,3,5.41,6788,671
2026-06-15,120236574936400167,170.64,28102,356,9,4,4,7.49,4545,425
2026-06-16,120236574936400167,97.02,14270,180,6,4,3,5.54,2490,192
2026-06-17,120236574936400167,165.58,25101,341,4,1,0,0.0,4383,420
2026-06-18,120236574936400167,107.79,14399,209,14,8,3,5.44,2418,240
2026-06-19,120236574936400167,182.61,24183,325,16,7,4,7.56,4107,347
2026-06-20,120236574936400167,197.44,27844,397,15,8,3,5.61,4153,357
2026-06-21,120236574936400167,105.66,13945,229,6,1,1,1.93,2244,204
2026-06-22,120236574936400167,102.04,14695,195,10,5,1,1.93,2200,138
2026-06-23,120236574936400167,123.89,17529,231,9,3,2,3.78,2688,280
2026-06-24,120236574936400167,176.79,27372,392,22,15,7,12.6,4178,422
2026-06-25,120236574936400167,449.26,84548,958,31,20,7,12.68,11678,907
2026-06-26,120236574936400167,520.9,92166,1082,38,24,19,33.11,13953,989
2026-06-27,120236574936400167,526.66,102115,1142,26,10,5,8.0,14788,1138
2026-06-28,120236574936400167,409.14,77872,802,16,2,2,3.26,10398,800
2026-06-29,120236574936400167,15.84,2839,28,4,1,0,0.0,357,34
2026-09-15,120239549733890167,0.56,142,9,0,0,0,0.0,0,0
2026-06-01,120240275100650167,7.06,2796,35,0,0,0,0.0,178,66
2026-06-02,120240275100650167,2.89,787,6,0,0,0,0.0,70,19
2026-06-03,120240275100650167,2.53,543,4,1,0,0,0.0,54,10
2026-06-04,120240275100650167,0.2,44,0,0,0,0,0.0,3,0
2026-06-05,120240275100650167,0.23,75,2,0,0,0,0.0,5,1
2026-06-06,120240275100650167,6.65,2801,38,1,1,0,0.0,140,38
2026-06-07,120240275100650167,7.39,2298,22,0,0,0,0.0,218,59
2026-06-08,120240275100650167,4.92,1105,9,0,0,0,0.0,139,32
2026-06-09,120240275100650167,2.87,747,6,0,0,0,0.0,105,25
2026-06-10,120240275100650167,0.04,1,0,0,0,0,0.0,0,0
2026-06-01,120242147246810167,424.2,59137,928,35,20,15,23.64,16231,259
2026-06-02,120242147246810167,384.2,58126,931,32,19,6,9.46,15587,280
2026-06-03,120242147246810167,228.97,30980,521,33,18,9,14.09,8198,180
2026-06-04,120242147246810167,174.06,25003,418,11,5,2,3.19,6465,131
2026-06-05,120242147246810167,432.39,66107,924,50,27,5,7.99,17915,333
2026-06-06,120242147246810167,516.49,72818,1100,43,26,5,8.28,19301,345
2026-06-07,120242147246810167,504.92,78201,1221,32,16,13,21.2,20145,343
2026-06-08,120242147246810167,322.48,51831,721,34,26,14,23.24,12678,225
2026-06-09,120242147246810167,30.74,4992,71,3,1,1,1.65,1223,26
2026-06-10,120242147246810167,26.59,3125,51,4,1,3,5.01,860,16
2026-06-11,120242147246810167,17.08,2442,38,5,0,1,1.71,602,16
2026-06-12,120242147246810167,42.51,6683,102,7,4,2,3.4,1624,24
2026-06-13,120242147246810167,99.0,11026,190,5,3,2,3.61,3275,71
2026-06-14,120242147246810167,282.5,34932,562,24,18,7,12.62,9751,177
2026-06-15,120242147246810167,127.41,18163,296,6,3,2,3.74,4670,63
2026-06-16,120242147246810167,45.85,5825,120,1,0,1,1.85,1537,25
2026-06-17,120242147246810167,67.52,10394,146,8,9,4,7.25,2452,30
2026-06-18,120242147246810167,42.7,6223,85,0,0,0,0.0,1460,23
2026-06-19,120242147246810167,36.3,5921,96,4,3,2,3.78,1330,28
2026-06-20,120242147246810167,177.09,23078,370,11,8,2,3.74,5640,140
2026-06-21,120242147246810167,169.67,21320,344,15,7,6,11.6,5098,129
2026-06-22,120242147246810167,226.4,34100,577,17,10,5,9.65,7779,168
2026-06-23,120242147246810167,164.14,24208,439,13,8,2,3.78,5591,105
2026-06-24,120242147246810167,65.79,9659,161,7,2,0,0.0,2373,58
2026-06-25,120242147246810167,180.58,32679,537,8,6,2,3.62,7568,158
2026-06-26,120242147246810167,956.01,175041,2588,61,35,10,17.43,39906,863
2026-06-27,120242147246810167,685.72,119197,1849,65,39,10,16.0,29219,568
2026-06-28,120242147246810167,495.25,80333,1443,36,17,10,16.32,20557,366
2026-06-29,120242147246810167,151.01,28143,496,13,8,6,9.38,6626,115
2026-06-01,120242508326330167,0.06,17,0,0,0,0,0.0,0,0
2026-06-02,120242508326330167,7.71,2438,27,0,0,0,0.0,0,0
2026-06-03,120242508326330167,0.08,29,0,0,0,0,0.0,0,0
2026-06-04,120242508326330167,0.03,12,0,0,0,0,0.0,0,0
2026-06-05,120242508326330167,0.6,171,1,0,0,0,0.0,0,0
2026-06-06,120242508326330167,0.8,256,6,0,0,0,0.0,0,0
2026-06-07,120242508326330167,19.51,7926,190,0,0,0,0.0,0,0
2026-06-08,120242508326330167,6.96,1974,79,0,0,0,0.0,0,0
2026-06-09,120242508326330167,2.19,664,31,0,0,0,0.0,0,0
2026-06-10,120242508326330167,0.6,160,12,0,0,0,0.0,0,0
2026-06-12,120242508326330167,7.52,3076,167,0,0,0,0.0,0,0
2026-06-13,120242508326330167,2.39,635,37,0,0,0,0.0,0,0
2026-06-14,120242508326330167,0.94,333,14,0,0,0,0.0,0,0
2026-06-15,120242508326330167,0.75,244,2,0,0,0,0.0,0,0
2026-06-01,120242508965130167,0.47,86,1,0,0,0,0.0,0,0
2026-06-02,120242508965130167,5.3,1262,7,0,0,0,0.0,0,0
2026-06-03,120242508965130167,0.15,35,0,0,0,0,0.0,0,0
2026-06-04,120242508965130167,0.17,41,1,0,0,0,0.0,0,0
2026-06-05,120242508965130167,3.15,952,6,0,0,0,0.0,0,0
2026-06-06,120242508965130167,0.49,160,0,0,0,0,0.0,0,0
2026-06-07,120242508965130167,15.3,5388,139,0,0,0,0.0,0,0
2026-06-08,120242508965130167,13.36,3392,119,0,0,0,0.0,0,0
2026-06-09,120242508965130167,5.71,1317,53,0,0,0,0.0,0,0
2026-06-10,120242508965130167,0.71,148,8,0,0,0,0.0,0,0
2026-06-11,120242508965130167,0.06,16,0,0,0,0,0.0,0,0
2026-06-12,120242508965130167,14.87,4494,230,0,0,0,0.0,0,0
2026-06-13,120242508965130167,9.02,2029,179,0,0,0,0.0,0,0
2026-06-14,120242508965130167,1.88,558,27,0,0,0,0.0,0,0
2026-06-15,120242508965130167,0.82,138,2,0,0,0,0.0,0,0
2026-09-15,120242510079090167,1.06,204,0,0,0,0,0.0,0,0
2026-06-01,120243701212520167,26.77,4961,42,0,0,0,0.0,1011,30
2026-06-02,120243701212520167,31.47,5760,62,3,1,0,0.0,1163,55
2026-06-03,120243701212520167,1.39,175,5,0,0,0,0.0,48,21
2026-06-04,120243701212520167,7.19,1022,10,0,0,0,0.0,184,14
2026-06-05,120243701212520167,64.03,11458,112,2,2,0,0.0,2529,70
2026-06-06,120243701212520167,14.53,1802,16,1,2,0,0.0,371,16
2026-06-07,120243701212520167,220.41,40258,440,6,3,3,4.89,8396,462
2026-06-08,120243701212520167,80.12,12005,130,3,1,0,0.0,2669,164
2026-06-09,120243701212520167,29.12,4892,52,0,0,0,0.0,1043,65
2026-06-10,120243701212520167,11.36,1495,17,0,0,1,1.67,399,22
2026-06-11,120243701212520167,6.82,1015,8,1,1,0,0.0,194,11
2026-06-12,120243701212520167,20.23,3636,56,0,0,0,0.0,760,20
2026-06-13,120243701212520167,28.75,4464,37,1,2,0,0.0,1067,35
2026-06-14,120243701212520167,96.81,15428,152,6,4,0,0.0,3500,108
2026-06-15,120243701212520167,47.5,7841,98,3,2,2,3.74,1502,72
2026-06-16,120243701212520167,64.77,9769,102,2,1,2,3.69,1952,67
2026-06-17,120243701212520167,26.15,4130,45,1,0,0,0.0,837,41
2026-06-18,120243701212520167,20.53,3423,52,0,0,0,0.0,671,23
2026-06-19,120243701212520167,23.96,4395,63,1,0,0,0.0,905,13
2026-06-20,120243701212520167,51.0,7641,94,2,0,0,0.0,1644,45
2026-06-21,120243701212520167,26.58,3829,55,2,1,0,0.0,728,26
2026-06-22,120243701212520167,82.55,12971,123,3,2,1,1.93,2560,67
2026-06-23,120243701212520167,116.05,19415,252,10,7,2,3.78,3638,97
2026-06-24,120243701212520167,5.92,992,17,1,0,0,0.0,164,10
2026-06-01,120245092958860167,97.16,18520,231,3,3,1,1.58,3155,3
2026-06-02,120245092958860167,209.49,37915,456,8,6,1,1.58,6920,18
2026-06-03,120245092958860167,25.29,3451,52,0,0,0,0.0,683,0
2026-06-04,120245092958860167,49.0,7777,117,1,2,0,0.0,1399,2
2026-06-05,120245092958860167,229.42,35140,508,16,12,6,9.59,8131,17
2026-06-06,120245092958860167,44.68,5640,109,2,0,0,0.0,1027,1
2026-06-07,120245092958860167,791.98,134907,2282,41,22,17,27.72,24155,39
2026-06-08,120245092958860167,296.7,45740,661,10,5,2,3.32,8743,13
2026-06-09,120245092958860167,519.16,96601,1614,31,23,14,23.06,16929,31
2026-06-10,120245092958860167,256.25,41820,913,20,12,10,16.69,7497,14
2026-06-11,120245092958860167,383.95,63635,1638,25,16,19,32.46,10461,19
2026-06-12,120245092958860167,371.58,53040,1475,20,22,10,16.98,9088,20
2026-06-13,120245092958860167,422.36,66056,1899,21,15,3,5.41,10529,11
2026-06-14,120245092958860167,468.2,77732,1573,31,16,5,9.02,13112,21
2026-06-15,120245092958860167,303.33,49890,687,9,2,2,3.74,8710,8
2026-06-16,120245092958860167,207.03,32766,449,23,13,7,12.92,5810,12
2026-06-17,120245092958860167,262.98,38358,479,13,6,4,7.25,6933,14
2026-06-18,120245092958860167,201.24,31465,428,9,8,4,7.26,5997,13
2026-06-19,120245092958860167,257.5,37981,546,5,5,2,3.78,7329,8
2026-06-20,120245092958860167,262.64,37047,623,16,10,8,14.96,6355,14
2026-06-21,120245092958860167,152.13,20479,377,3,2,2,3.87,3737,8
2026-06-22,120245092958860167,17.64,1983,34,1,0,0,0.0,408,1
2026-06-23,120245092958860167,12.03,1690,22,2,3,1,1.89,272,0
2026-06-24,120245092958860167,14.12,2151,32,3,1,1,1.8,358,1
2026-06-25,120245092958860167,29.13,4886,58,1,2,1,1.81,932,1
2026-06-26,120245092958860167,14.39,2906,36,3,1,2,3.49,446,1
2026-06-27,120245092958860167,35.13,8429,99,3,0,3,4.8,1243,2
2026-06-28,120245092958860167,39.88,7780,99,0,0,0,0.0,1149,2
2026-06-29,120245092958860167,135.05,19388,291,5,1,1,1.56,3909,10
2026-06-30,120245092958860167,212.19,36557,471,15,11,3,4.72,6377,16
2026-07-01,120245092958860167,101.44,14730,222,7,4,3,4.65,3023,12
2026-07-02,120245092958860167,70.87,8951,142,2,1,3,4.97,1679,3
2026-07-03,120245092958860167,299.62,40051,541,12,7,5,7.78,7636,20
2026-07-04,120245092958860167,288.96,46971,752,15,8,2,3.41,8292,18
2026-07-05,120245092958860167,139.37,21462,338,5,4,2,3.56,3592,7
2026-07-06,120245092958860167,105.71,13422,262,6,5,3,5.28,2188,4
2026-07-07,120245092958860167,122.56,14752,277,10,6,7,12.25,2501,6
2026-07-08,120245092958860167,101.26,11944,223,1,0,0,0.0,2092,2
2026-07-09,120245092958860167,110.31,13026,233,4,2,3,5.06,2454,4
2026-07-10,120245092958860167,357.24,53887,854,11,9,1,1.77,10111,35
2026-07-11,120245092958860167,370.96,64418,1054,21,15,12,20.49,10792,26
2026-07-12,120245092958860167,221.69,30026,507,11,7,5,8.5,5231,16
2026-07-13,120245092958860167,204.71,25716,363,11,7,4,6.76,4483,12
2026-07-14,120245092958860167,159.91,19948,264,8,4,5,8.44,3114,4
2026-07-15,120245092958860167,100.87,11937,173,4,3,3,5.16,1894,6
2026-07-16,120245092958860167,111.59,13892,212,7,3,3,4.88,2076,5
2026-07-17,120245092958860167,144.4,17925,280,5,3,2,3.45,3157,5
2026-07-18,120245092958860167,274.56,42496,550,9,7,3,4.77,7425,14
2026-07-19,120245092958860167,316.97,55284,737,17,13,1,1.55,8515,11
2026-07-20,120245092958860167,277.65,43584,587,15,4,5,7.72,7181,19
2026-07-21,120245092958860167,269.94,38317,499,6,8,3,4.6,7044,16
2026-07-22,120245092958860167,374.34,56666,792,22,11,5,7.78,10526,22
2026-07-23,120245092958860167,227.51,36056,507,24,14,4,6.5,5885,13
2026-07-24,120245092958860167,508.53,77463,1039,32,14,12,17.72,13311,28
2026-07-25,120245092958860167,444.53,84016,1110,18,11,5,7.92,13395,29
2026-07-26,120245092958860167,443.56,81785,996,23,11,5,8.02,13060,23
2026-07-27,120245092958860167,330.21,58155,675,19,10,9,13.94,9145,20
2026-07-28,120245092958860167,427.84,78577,871,17,11,6,9.14,11521,22
2026-07-29,120245092958860167,327.34,50797,593,15,11,3,4.37,8567,15
2026-06-01,120245149598320167,0.3,95,4,0,0,0,0.0,5,1
2026-06-02,120245149598320167,0.01,2,0,0,0,0,0.0,0,0
2026-06-01,120245149824260167,4.35,1134,16,0,0,0,0.0,161,9
2026-06-02,120245149824260167,2.58,949,2,0,0,0,0.0,114,4
2026-06-03,120245149824260167,0.01,2,0,0,0,0,0.0,0,0
2026-06-01,120245417330630167,135.35,24897,794,12,6,8,12.61,7934,281
2026-06-02,120245417330630167,51.9,7976,231,7,2,2,3.15,2553,95
2026-06-03,120245417330630167,6.82,1041,23,1,1,1,1.57,346,15
2026-06-04,120245417330630167,40.08,7403,236,3,1,1,1.6,2160,83
2026-06-05,120245417330630167,139.95,30669,1017,9,8,2,3.2,9486,330
2026-06-06,120245417330630167,145.55,21725,727,19,8,4,6.63,6606,306
2026-06-07,120245417330630167,202.33,38863,1307,25,16,6,9.78,11583,443
2026-06-01,120245417330640167,65.86,12550,233,9,6,1,1.58,3073,80
2026-06-02,120245417330640167,18.71,2796,61,2,1,0,0.0,703,30
2026-06-03,120245417330640167,12.69,1625,43,2,1,3,4.7,445,22
2026-06-04,120245417330640167,24.3,3347,64,1,1,0,0.0,949,30
2026-06-05,120245417330640167,32.6,5376,136,2,2,0,0.0,1385,44
2026-06-06,120245417330640167,91.52,15945,335,6,1,1,1.66,3777,127
2026-06-07,120245417330640167,51.52,7332,231,5,2,2,3.26,1858,106
2026-06-01,120245417330650167,81.34,14227,183,5,3,2,3.15,3984,137
2026-06-02,120245417330650167,105.46,14346,214,5,4,2,3.15,4373,226
2026-06-03,120245417330650167,3.25,411,10,0,0,0,0.0,136,10
2026-06-04,120245417330650167,24.93,4355,73,4,2,1,1.6,1286,62
2026-06-05,120245417330650167,106.64,18420,250,13,11,6,9.59,5468,295
2026-06-06,120245417330650167,120.2,17542,218,8,7,2,3.31,5138,190
2026-06-07,120245417330650167,338.7,46154,682,21,12,3,4.89,14972,673
2026-06-01,120245841850380167,20.05,5234,120,1,1,0,0.0,0,0
2026-06-02,120245841850380167,9.11,2530,31,0,0,0,0.0,0,0
2026-06-03,120245841850380167,0.32,71,1,0,0,0,0.0,0,0
2026-06-01,120245842589820167,0.76,345,1,0,0,0,0.0,47,1
2026-06-01,120245842877290167,2.9,175,7,1,0,0,0.0,48,6
2026-06-01,120245867679760167,2.04,811,5,0,0,0,0.0,0,0
2026-06-01,120245867679860167,1.51,787,7,0,0,0,0.0,0,0
2026-06-01,120245867679870167,0.54,313,0,0,0,0,0.0,0,0
2026-06-01,120245867680560167,11.21,6045,39,0,0,0,0.0,0,0
2026-06-02,120245867680560167,15.84,8528,52,0,0,0,0.0,0,0
2026-06-01,120245867680580167,4.38,1160,13,0,0,0,0.0,0,0
2026-06-02,120245867680580167,11.12,4714,37,0,0,0,0.0,0,0
2026-06-01,120245867682020167,1.47,378,3,0,0,0,0.0,0,0
2026-06-01,120245867682590167,29.84,16418,86,0,0,0,0.0,0,0
2026-06-02,120245867682590167,0.64,512,0,0,0,0,0.0,0,0
2026-06-01,120245867684240167,0.87,563,3,0,0,0,0.0,0,0
2026-06-01,120245867700400167,1.85,886,1,0,0,0,0.0,0,0
2026-06-01,120245867702310167,0.41,359,3,0,0,0,0.0,0,0
2026-06-10,120245867702310167,0.17,494,3,0,0,0,0.0,0,0
2026-06-11,120245867702310167,10.87,6703,33,0,0,0,0.0,0,0
2026-06-12,120245867702310167,14.69,6855,49,0,0,0,0.0,0,0
2026-06-01,120245867742990167,373.1,165470,1280,3,3,2,5.07,0,0
2026-06-02,120245867742990167,14.15,7240,43,0,0,0,0.0,0,0
2026-06-01,120245904196600167,3.16,1084,12,0,0,0,0.0,0,0
2026-06-01,120245904237110167,17.91,6620,56,0,0,0,0.0,711,21
2026-06-02,120245904237110167,49.62,18137,139,0,0,0,0.0,1804,62
2026-06-01,120246000716790167,20.74,6329,268,0,0,0,0.0,2016,149
2026-06-02,120246000716790167,45.07,13262,315,3,2,0,0.0,3527,272
2026-06-01,120246000716800167,47.24,14572,290,3,2,0,0.0,5788,208
2026-06-02,120246000716800167,47.96,13361,256,6,3,0,0.0,5704,223
2026-06-01,120246000716810167,15.19,3859,189,0,0,0,0.0,1108,219
2026-06-01,120246000716820167,856.78,258501,2788,53,32,0,0.0,75843,3544
2026-06-02,120246000716820167,720.64,196252,2892,45,21,0,0.0,56729,4384
2026-06-01,120246000716910167,24.9,6343,135,1,0,0,0.0,1673,42
2026-06-02,120246000716910167,93.98,16594,201,6,5,0,0.0,4827,248
2026-06-01,120246001466140167,22.08,4230,176,0,0,0,0.0,1508,205
2026-06-02,120246001466140167,0.87,241,15,0,0,0,0.0,84,13
2026-06-01,120246001466150167,10.47,1831,154,0,0,0,0.0,917,254
2026-06-01,120246001466160167,11.02,2344,54,0,0,0,0.0,567,23
2026-06-02,120246001466160167,3.19,900,6,0,0,0,0.0,173,7
2026-06-01,120246001466170167,193.55,45842,1334,6,3,0,0.0,12915,2710
2026-06-02,120246001466170167,3.66,887,29,1,1,0,0.0,249,60
2026-06-01,120246001466180167,9.95,2530,36,1,0,0,0.0,727,27
2026-06-02,120246001466180167,3.07,651,8,0,0,0,0.0,155,4
2026-06-01,120246005436870167,0.01,1,0,0,0,0,0.0,0,0
2026-06-01,120246005441450167,200.86,88067,481,5,3,0,0.0,0,0
2026-06-02,120246005441450167,13.68,7649,36,0,0,0,0.0,0,0
2026-06-01,120246005442010167,301.49,141772,899,5,2,2,5.07,0,0
2026-06-02,120246005442010167,0.77,1136,3,0,0,0,0.0,0,0
2026-06-01,120246005443330167,0.21,148,0,0,0,0,0.0,0,0
2026-06-01,120246191401160167,198.32,39863,434,7,2,1,1.58,6138,349
2026-06-02,120246191401160167,210.64,48841,507,21,15,3,4.73,7558,432
2026-06-03,120246191401160167,60.13,12076,145,0,0,0,0.0,2237,231
2026-06-04,120246191401160167,24.52,5106,75,2,0,1,1.6,986,131
2026-06-05,120246191401160167,66.07,14250,121,2,0,0,0.0,2249,188
2026-06-06,120246191401160167,7.64,1119,13,0,0,0,0.0,220,20
2026-06-07,120246191401160167,60.03,10172,183,2,2,1,1.63,1702,148
2026-06-08,120246191401160167,56.26,9618,187,4,3,1,1.66,1629,194
2026-06-09,120246191401160167,15.87,3220,70,1,0,0,0.0,511,49
2026-06-10,120246191401160167,5.84,902,25,1,0,0,0.0,174,18
2026-06-11,120246191401160167,0.36,68,5,0,0,0,0.0,14,0
2026-06-12,120246191401160167,27.65,5394,153,1,0,0,0.0,1079,70
2026-06-13,120246191401160167,19.61,2451,97,0,0,0,0.0,392,39
2026-06-14,120246191401160167,8.86,1312,36,0,0,0,0.0,263,22
2026-06-15,120246191401160167,7.11,1094,17,2,0,0,0.0,199,13
2026-06-16,120246191401160167,0.15,9,0,0,0,0,0.0,3,0
2026-06-17,120246191401160167,2.25,433,6,1,0,0,0.0,67,7
2026-06-18,120246191401160167,12.4,2069,32,0,0,0,0.0,358,20
2026-06-19,120246191401160167,0.08,14,0,0,0,0,0.0,2,0
2026-06-20,120246191401160167,3.94,724,8,1,0,0,0.0,100,5
2026-06-21,120246191401160167,1.56,259,4,0,0,0,0.0,40,2
2026-06-22,120246191401160167,12.5,2482,44,0,0,0,0.0,355,23
2026-06-23,120246191401160167,4.89,801,19,0,0,0,0.0,98,5
2026-06-24,120246191401160167,1.9,346,5,0,0,0,0.0,40,0
2026-09-06,120246191401160167,133.68,26963,335,8,3,4,7.18,2965,258
2026-09-07,120246191401160167,145.45,29785,953,7,3,3,5.26,4239,1365
2026-09-08,120246191401160167,112.5,18370,827,9,2,0,0.0,3803,1822
2026-09-09,120246191401160167,40.22,5281,361,1,0,0,0.0,1536,844
2026-09-10,120246191401160167,77.08,15787,2992,5,4,2,3.33,11148,9094
2026-09-11,120246191401160167,86.62,14601,1839,3,4,0,0.0,6876,4632
2026-09-12,120246191401160167,62.44,7542,458,9,6,2,3.18,2034,934
2026-09-13,120246191401160167,125.9,16402,1948,7,2,1,1.5,7194,4504
2026-09-14,120246191401160167,63.08,8322,828,9,8,2,2.83,3306,1987
2026-09-15,120246191401160167,53.17,8008,632,7,0,1,1.67,2769,1672
2026-06-01,120246191491930167,109.93,30346,789,8,7,0,0.0,0,0
2026-06-02,120246191491930167,87.55,22830,515,6,1,1,1.58,0,0
2026-06-03,120246191491930167,7.3,1631,31,0,1,0,0.0,0,0
2026-06-04,120246191491930167,0.52,76,1,0,0,0,0.0,0,0
2026-06-05,120246191491930167,1.53,298,5,0,0,0,0.0,0,0
2026-06-06,120246191491930167,15.44,3888,89,2,0,1,1.66,0,0
2026-06-07,120246191491930167,44.81,12509,214,3,0,0,0.0,0,0
2026-06-08,120246191491930167,41.92,10989,227,2,1,0,0.0,0,0
2026-06-09,120246191491930167,13.96,4096,74,0,0,0,0.0,0,0
2026-06-10,120246191491930167,0.3,104,4,0,0,0,0.0,0,0
2026-06-01,120246191491940167,5.77,1418,49,0,0,0,0.0,128,36
2026-06-02,120246191491940167,3.88,1371,34,0,0,0,0.0,83,22
2026-06-03,120246191491940167,0.18,98,1,0,0,0,0.0,0,0
2026-06-04,120246191491940167,0.05,19,1,0,0,0,0.0,0,0
2026-06-05,120246191491940167,0.04,12,0,0,0,0,0.0,0,0
2026-06-06,120246191491940167,0.31,155,2,0,0,0,0.0,0,0
2026-06-07,120246191491940167,0.17,79,1,0,0,0,0.0,0,0
2026-06-08,120246191491940167,0.22,128,1,0,0,0,0.0,0,0
2026-06-09,120246191491940167,0.12,30,2,0,0,0,0.0,1,0
2026-06-11,120246191491940167,0.65,185,12,0,0,0,0.0,12,1
2026-06-12,120246191491940167,0.29,88,4,0,0,0,0.0,7,2
2026-06-13,120246191491940167,1.83,470,17,0,0,0,0.0,17,4
2026-06-14,120246191491940167,0.59,176,6,0,0,0,0.0,17,3
2026-06-15,120246191491940167,0.23,74,4,0,0,0,0.0,9,3
2026-06-16,120246191491940167,0.16,40,2,0,0,0,0.0,3,0
2026-06-17,120246191491940167,0.46,151,5,0,0,0,0.0,13,1
2026-06-18,120246191491940167,1.15,359,7,0,0,0,0.0,19,5
2026-06-19,120246191491940167,0.62,166,1,0,0,0,0.0,7,5
2026-06-20,120246191491940167,0.14,33,0,0,0,0,0.0,1,0
2026-06-21,120246191491940167,1.27,419,4,0,0,0,0.0,29,13
2026-06-01,120246191491950167,131.57,25991,300,5,6,1,1.58,4988,260
2026-06-02,120246191491950167,166.8,32320,344,7,2,2,3.15,5335,260
2026-06-03,120246191491950167,28.83,3976,45,7,2,0,0.0,745,44
2026-06-04,120246191491950167,3.12,464,3,0,0,0,0.0,92,2
2026-06-05,120246191491950167,252.96,43683,352,19,5,3,4.8,7986,406
2026-06-06,120246191491950167,296.62,38316,378,10,5,5,8.28,7704,519
2026-06-07,120246191491950167,251.73,40015,320,9,7,4,6.52,7012,395
2026-06-08,120246191491950167,353.37,59042,454,13,7,4,6.64,10645,631
2026-06-09,120246191491950167,320.38,58201,521,14,8,3,4.94,9902,613
2026-06-10,120246191491950167,205.12,34215,305,17,6,2,3.34,5982,504
2026-06-11,120246191491950167,33.74,5003,64,0,0,0,0.0,1007,51
2026-06-12,120246191491950167,35.44,5498,37,2,1,0,0.0,1029,48
2026-06-13,120246191491950167,43.61,5263,62,4,2,1,1.8,1127,69
2026-06-14,120246191491950167,49.71,6712,64,2,2,2,3.61,1177,87
2026-06-15,120246191491950167,47.45,6148,94,1,0,0,0.0,1046,90
2026-06-16,120246191491950167,3.58,385,3,1,0,2,3.69,66,5
2026-06-17,120246191491950167,6.4,750,7,0,0,0,0.0,125,11
2026-06-18,120246191491950167,5.65,771,9,0,0,0,0.0,157,4
2026-06-19,120246191491950167,0.65,61,0,0,0,0,0.0,12,0
2026-06-20,120246191491950167,28.04,5432,76,2,0,0,0.0,1097,46
2026-06-21,120246191491950167,11.14,1536,29,2,0,0,0.0,346,21
2026-06-22,120246191491950167,11.68,1387,28,2,0,0,0.0,260,14
2026-06-23,120246191491950167,8.54,551,13,1,0,0,0.0,105,12
2026-06-24,120246191491950167,7.87,952,15,0,0,0,0.0,174,19
2026-06-25,120246191491950167,0.9,176,5,0,0,0,0.0,21,3
2026-06-26,120246191491950167,19.05,6166,64,0,0,0,0.0,749,36
2026-06-27,120246191491950167,4.28,1212,22,0,0,0,0.0,122,11
2026-06-28,120246191491950167,18.41,3330,48,1,0,0,0.0,538,43
2026-06-29,120246191491950167,4.38,695,14,0,0,0,0.0,113,12
2026-06-30,120246191491950167,14.23,2788,42,0,0,0,0.0,363,30
2026-07-01,120246191491950167,8.77,1491,35,0,0,0,0.0,250,24
2026-07-02,120246191491950167,3.49,459,8,0,0,0,0.0,72,4
2026-07-03,120246191491950167,68.41,10731,187,3,1,1,1.56,2363,125
2026-07-04,120246191491950167,63.66,10164,196,4,0,0,0.0,2242,175
2026-07-05,120246191491950167,27.56,3908,60,1,1,0,0.0,718,85
2026-07-06,120246191491950167,25.81,3499,79,1,0,0,0.0,1070,566
2026-07-07,120246191491950167,24.92,3323,67,2,0,0,0.0,657,78
2026-07-08,120246191491950167,24.57,3328,47,3,0,0,0.0,555,26
2026-07-09,120246191491950167,47.72,7743,102,5,3,2,3.38,1322,67
2026-07-10,120246191491950167,49.47,7615,119,4,3,1,1.77,1390,78
2026-07-11,120246191491950167,69.52,11007,199,6,3,2,3.41,2037,159
2026-07-12,120246191491950167,35.4,4987,83,1,0,0,0.0,826,54
2026-07-13,120246191491950167,28.33,3850,47,0,0,0,0.0,627,26
2026-07-14,120246191491950167,20.43,2647,45,0,0,0,0.0,441,20
2026-07-15,120246191491950167,10.45,1006,15,0,0,0,0.0,184,11
2026-07-16,120246191491950167,7.55,857,17,0,0,0,0.0,149,7
2026-07-17,120246191491950167,1.92,255,2,0,0,0,0.0,47,4
2026-07-18,120246191491950167,16.56,2960,46,1,1,0,0.0,526,23
2026-07-19,120246191491950167,16.91,2912,40,2,0,0,0.0,453,17
2026-07-20,120246191491950167,17.47,2144,33,0,0,0,0.0,345,23
2026-07-21,120246191491950167,11.15,1317,25,0,0,0,0.0,240,8
2026-07-22,120246191491950167,7.07,976,13,2,1,0,0.0,208,8
2026-07-23,120246191491950167,7.3,1079,12,0,0,0,0.0,193,23
2026-07-24,120246191491950167,2.02,321,9,0,0,0,0.0,54,13
2026-07-25,120246191491950167,20.75,3451,60,3,2,0,0.0,556,81
2026-07-26,120246191491950167,17.59,2830,43,2,2,0,0.0,502,24
2026-07-27,120246191491950167,7.95,1366,28,0,0,0,0.0,293,33
2026-07-28,120246191491950167,4.59,640,16,0,0,0,0.0,133,15
2026-07-29,120246191491950167,2.32,409,6,0,0,0,0.0,68,6
2026-07-30,120246191491950167,10.42,1665,20,1,0,0,0.0,336,22
2026-07-31,120246191491950167,8.99,2046,27,0,0,0,0.0,304,22
2026-08-01,120246191491950167,27.17,5356,85,2,0,0,0.0,849,54
2026-08-02,120246191491950167,31.95,6263,92,1,1,0,0.0,1188,80
2026-08-03,120246191491950167,12.77,2539,30,2,2,1,1.49,497,29
2026-08-04,120246191491950167,2.64,539,14,0,0,0,0.0,90,10
2026-08-05,120246191491950167,3.76,966,10,0,0,0,0.0,181,20
2026-08-06,120246191491950167,8.07,2131,42,0,0,0,0.0,337,42
2026-08-07,120246191491950167,3.79,553,19,0,0,0,0.0,133,7
2026-08-08,120246191491950167,0.36,85,0,0,0,0,0.0,16,1
2026-09-03,120246191491950167,111.56,30581,777,5,4,1,1.83,5680,1053
2026-09-04,120246191491950167,97.9,25581,1115,3,1,1,1.82,5707,2347
2026-09-05,120246191491950167,99.44,25166,1235,2,0,2,3.77,5553,2438
2026-09-06,120246191491950167,38.31,10750,260,1,0,0,0.0,1469,308
2026-09-07,120246191491950167,4.63,707,23,0,0,0,0.0,131,34
2026-09-08,120246191491950167,7.16,971,19,1,0,0,0.0,189,28
2026-09-09,120246191491950167,1.55,192,13,0,0,0,0.0,63,26
2026-09-10,120246191491950167,8.43,1891,491,0,0,0,0.0,1599,1311
2026-09-11,120246191491950167,17.96,3729,824,0,1,0,0.0,2832,2001
2026-09-12,120246191491950167,7.72,1244,126,0,0,0,0.0,541,281
2026-09-13,120246191491950167,18.62,3257,779,0,0,0,0.0,2588,1863
2026-09-14,120246191491950167,5.74,1051,279,0,0,0,0.0,884,609
2026-09-15,120246191491950167,2.08,375,88,3,1,1,1.67,326,248
2026-06-02,120246280866310167,1.01,863,0,0,0,0,0.0,0,0
2026-06-03,120246280866310167,1.36,1802,5,0,0,0,0.0,0,0
2026-06-04,120246280866310167,0.17,187,0,0,0,0,0.0,0,0
2026-06-05,120246280866310167,3.31,5444,13,0,0,0,0.0,0,0
2026-06-06,120246280866310167,9.5,9338,36,0,0,0,0.0,0,0
2026-06-07,120246280866310167,3.88,7550,17,0,0,0,0.0,0,0
2026-06-08,120246280866310167,1.9,3414,11,0,0,0,0.0,0,0
2026-06-09,120246280866310167,0.15,211,0,0,0,0,0.0,0,0
2026-06-10,120246280866310167,9.19,9819,19,0,0,0,0.0,0,0
2026-06-11,120246280866310167,9.32,18687,45,0,0,0,0.0,0,0
2026-06-12,120246280866310167,0.32,871,3,0,0,0,0.0,0,0
2026-06-13,120246280866310167,0.03,44,0,0,0,0,0.0,0,0
2026-06-15,120246280866310167,23.32,24319,75,2,2,0,0.0,0,0
2026-06-16,120246280866310167,0.83,59,1,0,0,0,0.0,0,0
2026-06-17,120246280866310167,0.05,98,0,0,0,0,0.0,0,0
2026-06-18,120246280866310167,0.42,849,1,0,0,0,0.0,0,0
2026-06-19,120246280866310167,0.01,5,0,0,0,0,0.0,0,0
2026-06-20,120246280866310167,5.48,8392,31,0,0,0,0.0,0,0
2026-06-21,120246280866310167,2.58,3636,13,0,0,0,0.0,0,0
2026-06-22,120246280866310167,0.34,507,2,0,0,0,0.0,0,0
2026-06-23,120246280866310167,7.62,13545,26,0,0,0,0.0,0,0
2026-06-24,120246280866310167,28.15,25811,77,0,0,0,0.0,0,0
2026-06-25,120246280866310167,78.99,50967,249,0,0,0,0.0,0,0
2026-06-02,120246280866870167,4.71,2713,22,0,0,0,0.0,0,0
2026-06-03,120246280866870167,1.0,328,7,0,0,0,0.0,0,0
2026-06-04,120246280866870167,0.32,87,2,0,0,0,0.0,0,0
2026-06-05,120246280866870167,1.8,448,9,0,0,0,0.0,0,0
2026-06-06,120246280866870167,1.19,757,6,0,0,0,0.0,0,0
2026-06-07,120246280866870167,0.28,130,1,0,0,0,0.0,0,0
2026-06-08,120246280866870167,1.47,2152,6,0,0,0,0.0,0,0
2026-06-09,120246280866870167,9.45,3669,46,0,0,0,0.0,0,0
2026-06-11,120246280866870167,6.36,9884,44,0,0,0,0.0,0,0
2026-06-12,120246280866870167,2.17,2080,17,0,0,0,0.0,0,0
2026-06-13,120246280866870167,20.12,7239,151,0,0,0,0.0,0,0
2026-06-14,120246280866870167,6.65,3042,41,0,0,0,0.0,0,0
2026-06-15,120246280866870167,4.78,2045,38,0,0,0,0.0,0,0
2026-06-16,120246280866870167,0.64,212,1,0,0,0,0.0,0,0
2026-06-18,120246280866870167,8.69,3408,51,0,0,0,0.0,0,0
2026-06-19,120246280866870167,2.25,849,19,0,0,0,0.0,0,0
2026-06-20,120246280866870167,0.48,170,5,0,0,0,0.0,0,0
2026-06-21,120246280866870167,3.6,2088,32,0,0,0,0.0,0,0
2026-06-22,120246280866870167,0.85,389,11,0,0,0,0.0,0,0
2026-06-23,120246280866870167,16.01,9695,111,0,0,0,0.0,0,0
2026-06-24,120246280866870167,75.04,39549,491,1,0,0,0.0,0,0
2026-06-25,120246280866870167,0.09,74,1,0,0,0,0.0,0,0
2026-06-02,120246280870660167,153.94,69524,2094,3,2,1,2.63,0,0
2026-06-03,120246280870660167,1.19,616,24,0,0,0,0.0,0,0
2026-06-02,120246280872770167,40.7,15676,626,1,2,1,2.63,0,0
2026-06-03,120246280872770167,20.86,9747,225,0,1,0,0.0,0,0
2026-06-04,120246280872770167,6.66,3895,87,0,0,0,0.0,0,0
2026-06-05,120246280872770167,22.72,12597,244,0,0,0,0.0,0,0
2026-06-06,120246280872770167,27.95,18249,290,0,0,0,0.0,0,0
2026-06-07,120246280872770167,13.2,6084,171,2,1,0,0.0,0,0
2026-06-08,120246280872770167,7.32,4592,84,0,0,0,0.0,0,0
2026-06-09,120246280872770167,25.82,13188,311,1,1,0,0.0,0,0
2026-06-10,120246280872770167,0.07,33,1,0,0,0,0.0,0,0
2026-06-02,120246280873500167,2.98,2868,4,0,0,0,0.0,0,0
2026-06-03,120246280873500167,0.92,1843,5,0,0,0,0.0,0,0
2026-06-04,120246280873500167,0.41,724,1,0,0,0,0.0,0,0
2026-06-05,120246280873500167,4.49,12432,7,0,0,0,0.0,0,0
2026-06-06,120246280873500167,7.38,13491,25,0,0,0,0.0,0,0
2026-06-07,120246280873500167,1.75,3550,2,0,0,0,0.0,0,0
2026-06-08,120246280873500167,0.53,1328,1,0,0,0,0.0,0,0
2026-06-09,120246280873500167,15.56,49118,57,2,0,2,5.49,0,0
2026-06-10,120246280873500167,0.54,1306,3,0,0,0,0.0,0,0
2026-06-11,120246280873500167,1.38,3250,8,0,0,0,0.0,0,0
2026-06-12,120246280873500167,0.11,41,0,0,0,0,0.0,0,0
2026-06-13,120246280873500167,0.01,1,0,0,0,0,0.0,0,0
2026-06-14,120246280873500167,9.81,13827,25,0,0,0,0.0,0,0
2026-06-15,120246280873500167,0.91,1357,4,0,0,0,0.0,0,0
2026-06-16,120246280873500167,0.77,1807,1,0,0,0,0.0,0,0
2026-06-17,120246280873500167,0.48,479,0,0,0,0,0.0,0,0
2026-06-18,120246280873500167,2.14,6322,7,0,0,0,0.0,0,0
2026-06-19,120246280873500167,0.05,83,0,0,0,0,0.0,0,0
2026-06-20,120246280873500167,1.66,1347,7,0,0,0,0.0,0,0
2026-06-21,120246280873500167,7.07,12227,28,0,0,0,0.0,0,0
2026-06-22,120246280873500167,5.43,11101,23,0,0,0,0.0,0,0
2026-06-23,120246280873500167,2.79,6375,10,0,0,0,0.0,0,0
2026-06-24,120246280873500167,37.64,35457,109,0,0,0,0.0,0,0
2026-06-25,120246280873500167,12.55,9381,31,0,0,0,0.0,0,0
2026-06-26,120246280873500167,45.98,29218,119,0,0,0,0.0,0,0
2026-06-02,120246280884370167,111.64,101016,1943,5,2,3,7.88,0,0
2026-06-03,120246280884370167,19.02,13812,355,2,1,2,4.89,0,0
2026-06-04,120246280884370167,7.6,4654,118,1,1,0,0.0,0,0
2026-06-05,120246280884370167,17.85,11031,243,2,2,0,0.0,0,0
2026-06-06,120246280884370167,18.92,12178,288,2,2,0,0.0,0,0
2026-06-07,120246280884370167,56.23,36853,815,0,0,0,0.0,0,0
2026-06-08,120246280884370167,77.96,56167,1066,7,2,0,0.0,0,0
2026-06-09,120246280884370167,55.75,39984,746,1,0,0,0.0,0,0
2026-06-10,120246280884370167,2.28,2423,49,0,0,0,0.0,0,0
2026-06-11,120246280884370167,30.25,46145,442,2,2,0,0.0,0,0
2026-06-12,120246280884370167,70.87,102786,912,2,0,0,0.0,0,0
2026-06-13,120246280884370167,9.23,6268,132,0,0,0,0.0,0,0
2026-06-14,120246280884370167,9.07,5335,129,5,2,0,0.0,0,0
2026-06-15,120246280884370167,20.91,13792,364,0,0,0,0.0,0,0
2026-06-16,120246280884370167,1.15,630,21,1,0,1,2.69,0,0
2026-06-02,120246280887120167,7.09,1653,28,0,0,0,0.0,246,7
2026-06-03,120246280887120167,33.34,8087,96,4,2,0,0.0,1073,53
2026-06-04,120246280887120167,12.83,2935,18,1,0,1,2.53,506,16
2026-06-05,120246280887120167,12.75,2766,27,1,0,0,0.0,518,12
2026-06-06,120246280887120167,8.96,2909,27,0,0,0,0.0,287,6
2026-06-07,120246280887120167,35.47,8397,66,1,0,1,2.35,1254,46
2026-06-08,120246280887120167,44.79,15239,94,1,2,1,2.72,1988,79
2026-06-09,120246280887120167,0.25,118,0,0,0,0,0.0,14,0
2026-06-18,120246280887120167,7.95,1908,40,0,0,0,0.0,193,11
2026-06-02,120246280893240167,119.78,31849,371,7,1,2,5.25,6829,248
2026-06-03,120246280893240167,60.92,15738,149,4,2,3,7.33,3605,127
2026-06-04,120246280893240167,18.73,5000,41,0,0,0,0.0,1031,36
2026-06-05,120246280893240167,159.1,40733,248,7,5,3,7.55,8353,233
2026-06-06,120246280893240167,578.56,152854,842,17,10,5,12.5,24651,834
2026-06-07,120246280893240167,290.94,72647,458,13,8,5,11.76,13202,416
2026-06-08,120246280893240167,312.65,78694,415,7,6,0,0.0,14194,463
2026-06-09,120246280893240167,359.57,101118,516,11,7,2,5.49,16435,534
2026-06-10,120246280893240167,1.33,314,2,0,0,0,0.0,65,0
2026-06-02,120246280900700167,1.17,223,2,0,0,0,0.0,42,3
2026-06-03,120246280900700167,2.95,537,15,0,0,0,0.0,135,12
2026-06-04,120246280900700167,2.26,261,8,0,0,0,0.0,69,5
2026-06-05,120246280900700167,3.44,681,9,0,0,0,0.0,148,4
2026-06-06,120246280900700167,1.37,200,5,0,0,0,0.0,38,9
2026-06-07,120246280900700167,4.58,756,12,0,0,0,0.0,169,18
2026-06-08,120246280900700167,6.4,1752,29,0,0,0,0.0,358,23
2026-06-09,120246280900700167,21.9,5392,64,0,0,0,0.0,1118,91
2026-06-10,120246280900700167,0.11,20,1,0,0,0,0.0,3,0
2026-06-11,120246280900700167,2.05,470,6,0,0,0,0.0,66,5
2026-06-12,120246280900700167,0.25,53,1,0,0,0,0.0,16,1
2026-06-13,120246280900700167,8.11,2487,23,0,0,0,0.0,373,16
2026-06-14,120246280900700167,3.9,1021,14,0,0,0,0.0,178,12
2026-06-15,120246280900700167,0.22,56,1,0,0,0,0.0,10,1
2026-06-16,120246280900700167,0.06,14,0,0,0,0,0.0,0,0
2026-06-18,120246280900700167,0.93,264,4,0,0,0,0.0,50,5
2026-06-19,120246280900700167,2.2,423,6,0,0,0,0.0,112,6
2026-06-20,120246280900700167,0.11,29,0,0,0,0,0.0,12,0
2026-06-21,120246280900700167,1.8,346,6,0,0,0,0.0,67,0
2026-06-22,120246280900700167,0.26,52,1,0,0,0,0.0,7,0
2026-06-23,120246280900700167,30.37,9632,103,0,0,0,0.0,1434,62
2026-06-24,120246280900700167,64.59,19541,159,2,2,0,0.0,2975,151
2026-06-25,120246280900700167,0.06,23,1,0,0,0,0.0,4,0
2026-06-02,120246280902840167,0.44,143,0,0,0,0,0.0,19,1
2026-06-03,120246280902840167,0.63,164,3,0,0,0,0.0,21,3
2026-06-04,120246280902840167,0.1,25,0,0,0,0,0.0,3,0
2026-06-05,120246280902840167,13.76,4329,32,0,0,0,0.0,602,36
2026-06-06,120246280902840167,0.44,133,1,0,0,0,0.0,16,4
2026-06-07,120246280902840167,10.78,4924,33,0,0,0,0.0,475,69
2026-06-08,120246280902840167,6.5,1583,14,0,0,0,0.0,222,26
2026-06-09,120246280902840167,1.52,604,2,0,0,0,0.0,67,6
2026-06-10,120246280902840167,6.22,1990,22,2,2,0,0.0,328,12
2026-06-11,120246280902840167,1.36,680,0,0,0,0,0.0,53,5
2026-06-12,120246280902840167,19.13,9335,49,2,1,0,0.0,748,43
2026-06-13,120246280902840167,0.42,63,0,0,0,0,0.0,10,0
2026-06-14,120246280902840167,0.5,111,0,0,0,0,0.0,12,2
2026-06-15,120246280902840167,11.6,4896,46,0,0,0,0.0,557,30
2026-06-16,120246280902840167,0.01,3,0,0,0,0,0.0,3,0
2026-06-17,120246280902840167,0.17,47,1,0,0,0,0.0,4,0
2026-06-18,120246280902840167,0.36,86,3,0,0,0,0.0,18,1
2026-06-20,120246280902840167,21.09,6494,91,2,1,0,0.0,1195,50
2026-06-21,120246280902840167,4.34,1347,10,0,0,1,3.04,271,9
2026-06-22,120246280902840167,10.07,3883,34,0,0,0,0.0,436,18
2026-06-23,120246280902840167,10.51,3464,36,0,0,0,0.0,443,40
2026-06-24,120246280902840167,17.41,7424,57,1,0,0,0.0,945,62
2026-06-25,120246280902840167,44.62,22966,148,0,0,0,0.0,2175,138
2026-06-02,120246280903630167,0.8,256,2,0,0,0,0.0,33,0
2026-06-03,120246280903630167,0.82,180,2,0,0,0,0.0,19,1
2026-06-04,120246280903630167,0.44,92,1,0,0,0,0.0,19,2
2026-06-05,120246280903630167,1.02,229,4,0,0,0,0.0,35,1
2026-06-06,120246280903630167,6.45,1669,17,0,0,0,0.0,215,11
2026-06-07,120246280903630167,2.45,588,7,0,0,0,0.0,90,3
2026-06-08,120246280903630167,1.5,310,1,0,0,0,0.0,41,2
2026-06-09,120246280903630167,1.13,218,1,0,0,0,0.0,43,2
2026-06-11,120246280903630167,21.8,9374,58,1,0,0,0.0,990,46
2026-06-12,120246280903630167,1.1,347,3,0,0,0,0.0,47,10
2026-06-13,120246280903630167,4.23,838,10,0,0,0,0.0,143,12
2026-06-14,120246280903630167,2.37,629,9,0,0,0,0.0,97,9
2026-06-15,120246280903630167,0.4,108,0,0,0,0,0.0,13,1
2026-06-16,120246280903630167,0.13,44,0,0,0,0,0.0,7,1
2026-06-17,120246280903630167,0.79,226,3,0,0,0,0.0,34,4
2026-06-18,120246280903630167,3.4,1298,7,0,0,0,0.0,153,7
2026-06-19,120246280903630167,1.45,349,6,0,0,0,0.0,75,5
2026-06-20,120246280903630167,0.26,91,0,0,0,0,0.0,13,0
2026-06-21,120246280903630167,5.35,2150,21,0,0,0,0.0,315,14
2026-06-22,120246280903630167,11.61,5109,50,0,0,0,0.0,562,21
2026-06-23,120246280903630167,6.11,2376,17,0,0,0,0.0,284,23
2026-06-24,120246280903630167,2.76,966,5,0,0,0,0.0,129,11
2026-06-02,120246282571790167,13.22,4650,27,2,1,2,5.25,602,8
2026-06-03,120246282571790167,1.97,310,4,0,0,0,0.0,61,3
2026-06-04,120246282571790167,0.09,22,0,0,0,0,0.0,4,0
2026-06-05,120246282571790167,3.16,903,13,0,0,0,0.0,178,2
2026-06-06,120246282571790167,1.85,354,4,0,0,0,0.0,58,1
2026-06-07,120246282571790167,7.21,1921,28,0,0,0,0.0,293,6
2026-06-08,120246282571790167,4.34,867,12,0,0,0,0.0,116,2
2026-06-09,120246282571790167,2.78,851,13,0,0,0,0.0,108,2
2026-06-10,120246282571790167,1.78,808,4,0,0,0,0.0,81,2
2026-06-11,120246282571790167,0.03,10,0,0,0,0,0.0,0,0
2026-06-12,120246282571790167,36.18,12235,124,0,0,0,0.0,1526,43
2026-06-13,120246282571790167,1.43,206,3,0,0,0,0.0,34,1
2026-06-14,120246282571790167,0.78,160,1,0,0,0,0.0,25,1
2026-06-15,120246282571790167,2.53,817,12,0,0,0,0.0,95,1
2026-06-17,120246282571790167,0.99,162,2,0,0,0,0.0,31,1
2026-06-18,120246282571790167,12.55,3094,39,0,0,0,0.0,405,19
2026-06-19,120246282571790167,0.03,9,0,0,0,0,0.0,2,0
2026-06-20,120246282571790167,3.82,895,10,0,0,0,0.0,178,5
2026-06-21,120246282571790167,6.27,1814,19,0,0,0,0.0,311,5
2026-06-22,120246282571790167,29.37,8825,128,0,0,0,0.0,1281,27
2026-06-23,120246282571790167,31.21,7894,72,0,0,0,0.0,980,34
2026-06-24,120246282571790167,0.83,142,0,0,0,0,0.0,20,2
2026-06-02,120246282589460167,14.61,4333,34,0,0,0,0.0,741,20
2026-06-03,120246282589460167,4.74,1061,9,0,0,0,0.0,161,2
2026-06-04,120246282589460167,2.19,409,7,1,0,0,0.0,60,4
2026-06-05,120246282589460167,4.58,914,7,0,0,0,0.0,132,3
2026-06-06,120246282589460167,4.37,953,9,0,0,0,0.0,116,6
2026-06-07,120246282589460167,12.74,2719,35,2,1,2,4.71,381,13
2026-06-08,120246282589460167,33.55,8505,64,0,0,0,0.0,1130,23
2026-06-09,120246282589460167,38.56,6365,70,6,4,2,5.49,1312,22
2026-06-10,120246282589460167,2.47,846,4,2,0,0,0.0,81,0
2026-06-11,120246282589460167,2.59,833,6,0,0,0,0.0,97,1
2026-06-12,120246282589460167,0.14,26,1,0,0,0,0.0,4,0
2026-06-13,120246282589460167,1.56,328,4,0,0,0,0.0,52,2
2026-06-14,120246282589460167,5.99,1061,10,2,2,0,0.0,175,3
2026-06-15,120246282589460167,0.33,79,0,0,0,0,0.0,13,0
2026-06-02,120246282591040167,3.69,979,9,0,0,0,0.0,232,3
2026-06-03,120246282591040167,3.81,714,17,3,2,0,0.0,207,4
2026-06-04,120246282591040167,4.19,900,2,0,0,0,0.0,229,3
2026-06-05,120246282591040167,20.68,5091,33,0,0,0,0.0,1194,15
2026-06-06,120246282591040167,15.19,2185,26,0,0,0,0.0,617,14
2026-06-07,120246282591040167,41.4,8075,83,6,3,2,4.71,2052,50
2026-06-08,120246282591040167,47.17,8238,64,5,4,2,5.43,2140,35
2026-06-09,120246282591040167,23.23,4809,41,0,0,0,0.0,1260,21
2026-06-10,120246282591040167,233.12,57210,465,18,12,6,15.48,13011,194
2026-06-11,120246282591040167,139.37,39841,223,8,2,1,2.56,6996,111
2026-06-03,120246331786010167,263.23,49767,1425,2,0,0,0.0,11500,616
2026-06-04,120246331786010167,2.48,311,15,1,1,0,0.0,101,3
2026-06-03,120246363710740167,320.63,166627,1164,13,5,1,1.36,290,164
2026-06-04,120246363710740167,71.32,23886,209,3,1,1,1.98,90,49
2026-06-05,120246363710740167,221.3,79690,717,2,0,0,0.0,530,298
2026-06-06,120246363710740167,543.85,228897,1251,16,8,4,8.83,517,174
2026-06-07,120246363710740167,120.24,51340,411,7,2,3,6.91,634,178
2026-06-03,120246363710870167,393.36,64353,608,17,6,3,4.09,12066,645
2026-06-04,120246363710870167,248.97,42476,355,12,10,6,11.88,6937,441
2026-06-05,120246363710870167,153.03,27931,247,6,6,5,10.87,4458,252
2026-06-06,120246363710870167,47.52,5968,57,4,2,2,4.42,1222,60
2026-06-07,120246363710870167,146.92,21062,188,4,0,0,0.0,3987,237
2026-06-16,120246363710870167,177.96,47773,388,3,0,0,0.0,5116,356
2026-06-17,120246363710870167,45.16,11226,67,0,0,0,0.0,1322,99
2026-06-18,120246363710870167,329.19,52993,454,8,2,1,1.64,8521,576
2026-06-19,120246363710870167,605.43,143472,1107,27,15,9,12.1,18697,1169
2026-06-20,120246363710870167,346.86,61536,478,16,9,5,5.49,9180,571
2026-06-21,120246363710870167,256.47,40405,387,13,7,2,2.01,5776,461
2026-06-22,120246363710870167,430.41,93757,850,2,4,0,0.0,12437,760
2026-06-23,120246363710870167,24.2,2935,50,0,0,0,0.0,538,47
2026-06-24,120246363710870167,7.41,1056,10,1,0,2,3.32,163,13
2026-06-03,120246363710880167,434.61,70686,997,19,6,1,1.36,13760,950
2026-06-04,120246363710880167,261.79,47455,704,11,5,2,3.96,8276,841
2026-06-05,120246363710880167,144.02,30724,385,12,5,0,0.0,5068,443
2026-06-06,120246363710880167,130.7,28563,418,5,3,4,8.83,3636,410
2026-06-07,120246363710880167,103.11,13557,312,3,1,0,0.0,2862,463
2026-06-16,120246363710880167,574.43,123054,1326,20,11,7,15.69,21269,1493
2026-06-17,120246363710880167,432.72,88150,836,13,8,6,13.27,14342,812
2026-06-18,120246363710880167,167.13,33695,324,8,5,3,4.91,5781,373
2026-06-19,120246363710880167,97.09,19607,267,5,3,2,2.69,3174,213
2026-06-20,120246363710880167,84.21,16259,196,2,1,1,1.1,2278,190
2026-06-21,120246363710880167,159.85,27069,448,10,7,2,2.01,4089,351
2026-06-22,120246363710880167,421.48,86664,1217,15,5,3,3.85,12983,894
2026-06-23,120246363710880167,84.96,13848,262,4,1,0,0.0,2480,333
2026-06-24,120246363710880167,97.04,20978,346,1,0,0,0.0,2948,346
2026-06-25,120246363710880167,39.65,11308,130,2,1,1,1.7,1360,99
2026-06-26,120246363710880167,119.42,37014,454,2,3,1,1.57,4592,313
2026-06-27,120246363710880167,99.91,22131,286,2,0,2,3.09,3064,204
2026-06-28,120246363710880167,172.51,42644,575,7,4,0,0.0,6297,419
2026-06-29,120246363710880167,155.13,44577,553,3,0,0,0.0,5286,372
2026-06-30,120246363710880167,191.33,47244,634,8,6,0,0.0,6281,474
2026-07-01,120246363710880167,228.55,58260,859,3,0,2,3.44,7046,543
2026-07-02,120246363710880167,349.02,89726,1317,7,3,3,5.27,9457,776
2026-07-03,120246363710880167,16.72,4235,61,1,1,0,0.0,472,19
2026-06-03,120246363710890167,272.77,66358,1455,6,3,0,0.0,0,0
2026-06-04,120246363710890167,207.13,55096,1078,8,4,0,0.0,0,0
2026-06-05,120246363710890167,96.9,29303,467,2,3,3,6.52,0,0
2026-06-06,120246363710890167,55.47,16455,314,0,0,0,0.0,0,0
2026-06-07,120246363710890167,218.13,51937,979,4,1,0,0.0,0,0
2026-06-03,120246363710910167,295.09,65867,537,9,5,0,0.0,13626,450
2026-06-04,120246363710910167,79.3,14595,170,1,0,0,0.0,3282,200
2026-06-05,120246363710910167,27.31,5649,71,0,0,1,2.17,1206,56
2026-06-06,120246363710910167,17.23,3573,35,0,0,0,0.0,647,29
2026-06-07,120246363710910167,13.31,2250,36,2,1,2,4.61,453,34
2026-06-03,120246363710920167,212.09,94555,976,0,0,0,0.0,4232,1303
2026-06-04,120246363710920167,105.94,44755,372,2,1,0,0.0,2562,759
2026-06-05,120246363710920167,31.01,15080,118,1,0,1,2.17,1024,285
2026-06-06,120246363710920167,7.72,3369,44,1,0,0,0.0,163,54
2026-06-07,120246363710920167,11.37,4239,51,0,0,0,0.0,242,77
2026-06-03,120246363710970167,127.02,28086,421,5,0,0,0.0,5877,333
2026-06-04,120246363710970167,76.51,15487,268,0,0,0,0.0,3083,314
2026-06-05,120246363710970167,129.85,22300,389,8,3,0,0.0,5326,469
2026-06-06,120246363710970167,3.41,441,34,0,0,0,0.0,169,36
2026-06-07,120246363710970167,54.37,8093,236,0,0,0,0.0,2118,320
2026-06-03,120246363710980167,270.12,90014,737,5,2,0,0.0,8652,990
2026-06-04,120246363710980167,41.63,14099,101,4,2,0,0.0,1039,131
2026-06-05,120246363710980167,13.58,4241,42,0,0,2,4.35,455,51
2026-06-06,120246363710980167,92.05,25911,295,4,0,2,4.42,2758,406
2026-06-07,120246363710980167,8.36,2495,20,1,1,2,4.61,180,25
2026-06-16,120246363710980167,1601.63,479852,3073,23,10,5,11.2,52900,5583
2026-06-17,120246363710980167,647.75,216256,1339,14,15,1,2.21,18507,2028
2026-06-18,120246363710980167,14.6,3386,23,2,0,1,1.64,277,34
2026-06-03,120246363710990167,1244.1,328602,2003,68,42,13,17.73,42413,1697
2026-06-04,120246363710990167,572.96,134602,726,42,18,5,9.9,18224,800
2026-06-05,120246363710990167,347.98,88329,509,19,11,2,4.35,12643,474
2026-06-06,120246363710990167,411.58,104327,532,22,8,2,4.42,12497,470
2026-06-07,120246363710990167,609.65,121413,874,33,27,8,18.43,17954,894
2026-06-19,120246363710990167,453.15,140784,1060,16,10,6,8.07,17839,639
2026-06-20,120246363710990167,270.91,53313,381,21,12,5,5.49,8675,340
2026-06-21,120246363710990167,644.93,134858,850,53,28,19,19.11,16776,745
2026-06-22,120246363710990167,992.2,240225,1573,36,22,14,17.99,26352,1239
2026-06-23,120246363710990167,334.11,67186,421,24,8,4,6.08,9965,492
2026-06-24,120246363710990167,295.78,76092,439,15,9,2,3.32,9006,374
2026-06-25,120246363710990167,60.38,11988,90,13,5,3,5.09,2026,84
2026-06-26,120246363710990167,211.66,50138,337,14,10,2,3.14,7834,280
2026-06-27,120246363710990167,320.69,73441,462,26,13,9,13.92,11867,435
2026-06-28,120246363710990167,356.33,81799,564,19,10,5,8.35,12780,560
2026-06-29,120246363710990167,321.04,76881,504,17,5,2,3.35,10589,494
2026-06-30,120246363710990167,505.42,111270,821,24,16,5,8.91,16261,857
2026-07-01,120246363710990167,1369.27,331163,2719,57,33,7,12.04,44484,2217
2026-07-02,120246363710990167,990.34,192804,1636,55,29,11,19.31,29297,1345
2026-07-03,120246363710990167,210.12,35315,326,15,12,7,12.08,5713,297
2026-07-04,120246363710990167,180.22,26891,278,18,8,5,9.14,4697,214
2026-07-05,120246363710990167,335.99,65189,585,18,14,6,11.38,10021,403
2026-07-06,120246363710990167,359.88,70159,675,32,18,9,16.16,10579,415
2026-07-07,120246363710990167,171.61,24496,286,13,6,5,8.92,4520,209
2026-07-08,120246363710990167,249.0,38995,417,13,9,1,1.85,7461,297
2026-07-09,120246363710990167,138.06,25482,274,14,13,5,9.49,3840,181
2026-07-10,120246363710990167,128.52,25143,230,8,4,4,7.61,4115,205
2026-07-11,120246363710990167,140.15,32961,220,8,6,2,3.88,4661,238
2026-07-12,120246363710990167,197.59,35884,264,12,8,2,3.77,5499,256
2026-07-13,120246363710990167,164.15,32906,270,19,9,2,3.7,4733,197
2026-07-14,120246363710990167,201.79,50433,322,15,7,4,7.09,6007,228
2026-07-15,120246363710990167,300.52,55449,426,11,4,1,1.8,7947,375
2026-07-16,120246363710990167,388.48,79820,445,24,13,4,7.13,10923,397
2026-07-17,120246363710990167,256.72,41414,342,19,9,4,6.99,7003,276
2026-07-18,120246363710990167,338.0,60190,528,23,13,5,8.16,10893,465
2026-07-19,120246363710990167,334.87,61858,486,12,4,2,3.28,9509,422
2026-07-20,120246363710990167,218.13,38878,349,12,4,4,6.85,6441,361
2026-07-21,120246363710990167,117.38,14985,178,4,4,1,1.64,3174,175
2026-07-22,120246363710990167,149.3,23141,236,9,2,0,0.0,4978,271
2026-07-23,120246363710990167,141.08,23596,266,10,5,1,1.63,5000,409
2026-07-24,120246363710990167,157.89,23823,298,12,5,1,1.69,5392,436
2026-07-25,120246363710990167,176.36,28496,369,20,7,2,3.28,5606,405
2026-07-26,120246363710990167,155.83,26615,343,11,8,2,3.28,5228,404
2026-07-27,120246363710990167,90.23,15555,164,7,1,0,0.0,2997,216
2026-09-02,120246363710990167,58.64,21244,294,0,0,0,0.0,2961,152
2026-09-03,120246363710990167,100.02,30638,818,5,1,0,0.0,6064,718
2026-09-04,120246363710990167,217.22,53035,2173,8,1,0,0.0,12825,2186
2026-09-05,120246363710990167,80.16,21124,430,9,4,4,5.26,3588,409
2026-09-06,120246363710990167,99.36,34929,1212,8,2,0,0.0,6714,1210
2026-06-03,120246363711040167,1160.53,631676,8333,23,13,4,5.45,0,0
2026-06-04,120246363711040167,339.11,215687,2074,19,12,13,25.73,0,0
2026-06-05,120246363711040167,293.14,184743,2308,5,1,0,0.0,0,0
2026-06-06,120246363711040167,61.89,31693,513,5,4,0,0.0,0,0
2026-06-07,120246363711040167,151.84,86773,1256,3,0,0,0.0,0,0
2026-06-16,120246363711040167,231.3,92019,1741,2,1,0,0.0,0,0
2026-06-17,120246363711040167,219.67,147720,1479,2,2,3,6.64,0,0
2026-06-18,120246363711040167,552.04,318126,3899,14,13,4,6.55,0,0
2026-06-19,120246363711040167,203.41,138359,1672,9,8,4,5.38,0,0
2026-06-20,120246363711040167,337.13,201981,2758,7,5,2,2.2,0,0
2026-06-21,120246363711040167,297.9,162025,2606,7,8,4,4.02,0,0
2026-06-22,120246363711040167,723.9,369783,5807,8,3,1,1.28,0,0
2026-06-23,120246363711040167,226.99,128494,1720,10,5,7,10.64,0,0
2026-06-24,120246363711040167,123.06,61400,951,4,3,1,1.66,0,0
2026-06-25,120246363711040167,33.92,14580,284,5,4,3,5.09,0,0
2026-06-26,120246363711040167,160.81,67145,1403,4,2,1,1.57,0,0
2026-06-27,120246363711040167,21.14,11157,188,0,0,0,0.0,0,0
2026-06-28,120246363711040167,238.23,127029,1979,6,3,1,1.67,0,0
2026-06-29,120246363711040167,122.35,71190,955,2,1,2,3.35,0,0
2026-06-30,120246363711040167,210.01,105196,1868,1,1,0,0.0,0,0
2026-07-01,120246363711040167,210.37,100164,1762,10,5,1,1.72,0,0
2026-07-02,120246363711040167,268.54,143057,2037,7,4,4,7.02,0,0
2026-07-03,120246363711040167,57.85,40134,374,2,1,1,1.73,0,0
2026-07-04,120246363711040167,39.06,26594,328,2,0,0,0.0,0,0
2026-07-05,120246363711040167,64.75,37473,526,4,5,1,1.9,0,0
2026-07-06,120246363711040167,81.78,51382,578,4,0,2,3.59,0,0
2026-07-07,120246363711040167,43.16,20597,358,3,0,1,1.78,0,0
2026-07-08,120246363711040167,62.42,29844,494,2,2,1,1.85,0,0
2026-07-09,120246363711040167,33.02,23433,286,0,0,0,0.0,0,0
2026-07-10,120246363711040167,22.42,18972,203,1,0,0,0.0,0,0
2026-07-11,120246363711040167,18.06,14526,178,2,1,0,0.0,0,0
2026-07-12,120246363711040167,37.99,21928,303,0,0,0,0.0,0,0
2026-07-13,120246363711040167,42.95,25804,322,0,0,0,0.0,0,0
2026-07-14,120246363711040167,51.9,29946,347,0,0,0,0.0,0,0
2026-07-15,120246363711040167,66.15,31602,525,0,0,0,0.0,0,0
2026-07-16,120246363711040167,116.08,51123,934,2,1,0,0.0,0,0
2026-07-17,120246363711040167,56.82,23418,371,0,0,1,1.75,0,0
2026-07-18,120246363711040167,81.98,37339,667,2,1,2,3.26,0,0
2026-07-19,120246363711040167,116.7,60886,1177,2,0,0,0.0,0,0
2026-07-20,120246363711040167,92.01,51627,884,0,1,0,0.0,0,0
2026-06-03,120246363711050167,99.76,105131,381,0,0,0,0.0,1,0
2026-06-04,120246363711050167,37.77,45636,136,0,0,0,0.0,0,0
2026-06-05,120246363711050167,69.42,73762,256,0,0,0,0.0,1,0
2026-06-06,120246363711050167,193.05,170448,648,1,0,0,0.0,10,0
2026-06-07,120246363711050167,31.92,38344,265,0,0,0,0.0,1,0
2026-08-04,120246363711050167,66.07,59483,208,0,0,0,0.0,3,0
2026-08-05,120246363711050167,963.27,573128,2702,16,5,4,6.32,17,0
2026-08-06,120246363711050167,5.3,1851,12,0,0,0,0.0,1,0
2026-06-04,120246438347130167,109.34,20413,377,1,1,1,2.53,3962,147
2026-06-05,120246438347130167,288.23,45243,1016,3,3,0,0.0,10329,532
2026-06-06,120246438347130167,2.72,458,14,2,0,0,0.0,112,12
2026-06-08,120246694232680167,0.75,307,4,0,0,0,0.0,0,0
2026-06-09,120246694232680167,1.61,619,16,0,0,0,0.0,4,0
2026-06-08,120246694232840167,283.35,93902,1891,17,8,1,3.2,7859,343
2026-06-09,120246694232840167,96.4,25269,821,3,1,2,6.86,2140,108
2026-06-10,120246694232840167,200.36,49143,1149,9,5,3,9.6,4775,235
2026-06-11,120246694232840167,310.01,89873,1545,17,11,5,12.81,8289,317
2026-06-07,120246694233280167,0.05,20,0,0,0,0,0.0,5,0
2026-06-08,120246694233280167,41.57,23914,140,0,0,0,0.0,2126,59
2026-06-09,120246694233280167,21.88,15091,64,0,0,0,0.0,1170,34
2026-06-10,120246694233280167,9.81,4831,20,0,0,0,0.0,428,15
2026-06-11,120246694233280167,0.49,205,0,0,0,0,0.0,12,0
2026-06-07,120246694233300167,0.28,117,2,0,0,0,0.0,12,2
2026-06-08,120246694233300167,49.38,15589,598,0,0,0,0.0,1147,114
2026-06-09,120246694233300167,8.21,1791,121,1,0,0,0.0,202,16
2026-06-10,120246694233300167,0.13,32,1,0,0,0,0.0,4,1
2026-06-07,120246694233510167,0.35,174,0,0,0,0,0.0,0,0
2026-06-08,120246694233510167,65.51,22009,426,0,0,0,0.0,0,0
2026-06-09,120246694233510167,15.42,4613,108,0,0,0,0.0,0,0
2026-06-10,120246694233510167,2.89,936,24,0,0,0,0.0,0,0
2026-06-07,120246694233530167,0.01,4,0,0,0,0,0.0,1,0
2026-06-08,120246694233530167,9.42,3914,26,0,0,0,0.0,427,17
2026-06-09,120246694233530167,10.04,3308,16,0,0,0,0.0,381,25
2026-06-10,120246694233530167,1.5,593,3,0,0,0,0.0,66,2
2026-06-11,120246694233530167,5.14,2001,6,0,0,0,0.0,228,12
2026-06-12,120246694233530167,16.52,4708,19,1,2,0,0.0,548,34
2026-06-13,120246694233530167,11.0,3476,15,2,1,0,0.0,430,21
2026-06-14,120246694233530167,79.0,32825,177,2,2,2,5.81,3128,173
2026-06-08,120246694233580167,41.44,17889,512,0,0,0,0.0,514,166
2026-06-09,120246694233580167,14.08,8584,142,0,0,0,0.0,507,176
2026-06-10,120246694233580167,2.19,1514,22,0,0,0,0.0,94,16
2026-06-07,120246694266000167,0.1,34,0,0,0,0,0.0,10,0
2026-06-08,120246694266000167,111.33,28306,395,5,2,2,6.4,5919,102
2026-06-09,120246694266000167,36.41,6591,112,2,2,0,0.0,1498,33
2026-06-10,120246694266000167,15.86,2132,41,0,0,0,0.0,543,13
2026-06-11,120246694266000167,46.99,8050,128,3,0,1,2.56,1975,25
2026-06-12,120246694266000167,218.61,29678,451,14,12,2,6.33,7809,166
2026-06-13,120246694266000167,178.46,25295,349,14,4,1,3.05,6347,135
2026-06-14,120246694266000167,146.72,20328,269,12,10,0,0.0,5268,103
2026-06-07,120246694266050167,0.62,129,7,0,0,0,0.0,15,0
2026-06-08,120246694266050167,219.9,45794,1037,5,4,2,6.4,6779,17
2026-06-09,120246694266050167,26.09,5516,128,2,2,0,0.0,870,1
2026-06-10,120246694266050167,0.4,72,2,0,0,0,0.0,11,0
2026-06-11,120246694266050167,9.83,1841,51,0,0,0,0.0,316,1
2026-06-12,120246694266050167,5.33,778,13,0,0,0,0.0,131,0
2026-06-13,120246694266050167,25.54,3669,128,0,0,0,0.0,682,5
2026-06-14,120246694266050167,62.33,8818,110,0,0,0,0.0,1912,2
2026-06-10,120246912412500167,110.59,25706,266,4,3,0,0.0,6546,94
2026-06-11,120246912412500167,1019.87,235069,2192,40,22,6,10.25,66294,785
2026-06-12,120246912412500167,1016.3,175093,1578,36,28,8,13.58,51148,792
2026-06-13,120246912412500167,427.45,68851,647,17,10,1,1.8,19590,334
2026-06-14,120246912412500167,555.61,89999,724,40,24,8,14.43,26393,420
2026-06-15,120246912412500167,192.63,29278,263,8,2,0,0.0,7666,105
2026-06-10,120246913718270167,50.82,11435,93,1,0,0,0.0,2573,84
2026-06-11,120246913718270167,1588.94,387463,2569,53,28,13,22.21,78159,2419
2026-06-12,120246913718270167,948.55,207914,1430,28,14,8,13.58,39305,1259
2026-06-13,120246913718270167,337.89,76040,530,10,3,1,1.8,13017,481
2026-06-14,120246913718270167,171.86,26383,239,8,6,3,5.41,5719,217
2026-06-15,120246913718270167,50.33,8861,71,1,0,1,1.87,1773,59
2026-09-06,120246913718270167,27.69,5000,68,1,0,0,0.0,1257,52
2026-09-07,120246913718270167,92.68,18893,1004,7,2,1,1.75,6581,837
2026-06-10,120246913787420167,7.61,2869,76,0,0,0,0.0,0,0
2026-06-11,120246913787420167,524.34,204073,4503,41,17,6,10.25,0,0
2026-06-12,120246913787420167,386.91,131879,2777,17,11,1,1.7,0,0
2026-06-13,120246913787420167,144.46,49859,1130,14,7,5,9.01,0,0
2026-06-14,120246913787420167,63.35,23573,684,3,0,0,0.0,0,0
2026-06-16,120246913787420167,3.57,1137,38,1,1,1,1.85,0,0
2026-06-17,120246913787420167,17.74,6398,208,0,0,0,0.0,0,0
2026-06-18,120246913787420167,23.44,7664,235,2,0,0,0.0,0,0
2026-06-19,120246913787420167,14.96,4810,152,3,2,0,0.0,0,0
2026-06-20,120246913787420167,20.38,7218,247,1,0,0,0.0,0,0
2026-06-21,120246913787420167,47.53,16921,515,6,2,1,1.93,0,0
2026-06-22,120246913787420167,22.23,7065,218,2,1,0,0.0,0,0
2026-06-23,120246913787420167,9.49,3105,94,2,2,0,0.0,0,0
2026-06-24,120246913787420167,15.18,4605,99,3,0,0,0.0,0,0
2026-06-25,120246913787420167,0.69,306,12,0,0,0,0.0,0,0
2026-06-26,120246913787420167,16.3,6151,152,1,2,0,0.0,0,0
2026-06-27,120246913787420167,10.76,3205,94,0,0,0,0.0,0,0
2026-06-28,120246913787420167,24.28,7627,209,1,0,1,1.63,0,0
2026-06-29,120246913787420167,21.28,5433,135,5,2,0,0.0,0,0
2026-06-30,120246913787420167,8.79,2875,67,2,0,1,1.57,0,0
2026-07-01,120246913787420167,44.76,11982,282,2,0,0,0.0,0,0
2026-07-02,120246913787420167,36.93,9394,206,7,2,1,1.66,0,0
2026-07-03,120246913787420167,120.26,31678,647,10,10,4,6.23,0,0
2026-07-04,120246913787420167,126.18,35538,746,18,5,0,0.0,0,0
2026-07-05,120246913787420167,58.32,15228,268,7,2,0,0.0,0,0
2026-07-06,120246913787420167,58.67,15651,283,8,1,2,3.52,0,0
2026-07-07,120246913787420167,60.05,16094,343,2,1,0,0.0,0,0
2026-07-08,120246913787420167,56.45,15887,300,2,0,1,1.76,0,0
2026-07-09,120246913787420167,113.67,32159,588,10,3,1,1.69,0,0
2026-07-10,120246913787420167,223.68,69236,1355,26,11,8,14.17,0,0
2026-07-11,120246913787420167,351.62,118914,2084,25,11,8,13.66,0,0
2026-07-12,120246913787420167,171.57,54538,959,6,3,1,1.7,0,0
2026-07-13,120246913787420167,125.85,37689,615,15,7,2,3.38,0,0
2026-07-14,120246913787420167,80.26,22765,273,10,7,1,1.69,0,0
2026-07-15,120246913787420167,31.27,7655,108,1,1,1,1.72,0,0
2026-07-16,120246913787420167,29.94,7039,100,2,0,2,3.25,0,0
2026-07-17,120246913787420167,16.7,3956,45,3,1,1,1.72,0,0
2026-07-18,120246913787420167,43.96,12668,215,1,1,1,1.59,0,0
2026-07-19,120246913787420167,60.69,18102,270,6,2,1,1.55,0,0
2026-07-20,120246913787420167,32.12,9012,174,4,1,0,0.0,0,0
2026-07-21,120246913787420167,47.69,11611,126,5,4,4,6.13,0,0
2026-07-22,120246913787420167,66.95,15336,173,3,3,1,1.56,0,0
2026-07-23,120246913787420167,70.96,18816,195,10,6,3,4.88,0,0
2026-07-24,120246913787420167,55.82,13402,134,6,2,1,1.48,0,0
2026-07-25,120246913787420167,138.07,37222,412,10,6,1,1.58,0,0
2026-07-26,120246913787420167,140.6,41819,453,12,8,2,3.21,0,0
2026-07-27,120246913787420167,185.47,50895,627,6,7,0,0.0,0,0
2026-07-28,120246913787420167,254.97,69159,865,14,6,3,4.57,0,0
2026-07-29,120246913787420167,473.87,117743,1667,31,15,8,11.65,0,0
2026-07-30,120246913787420167,468.13,121141,1867,26,16,5,7.46,0,0
2026-07-31,120246913787420167,499.13,116945,1542,28,15,5,7.46,0,0
2026-08-01,120246913787420167,375.78,105144,1616,22,16,8,12.24,0,0
2026-08-02,120246913787420167,254.57,73810,1086,9,8,6,9.07,0,0
2026-08-03,120246913787420167,238.72,62170,787,11,5,3,4.46,0,0
2026-08-04,120246913787420167,133.37,30522,358,10,8,2,3.05,0,0
2026-08-05,120246913787420167,238.08,62255,791,18,16,5,7.73,0,0
2026-08-06,120246913787420167,113.71,24297,257,12,7,4,6.13,0,0
2026-08-07,120246913787420167,76.64,15279,192,5,3,0,0.0,0,0
2026-08-08,120246913787420167,82.08,16670,179,6,3,0,0.0,0,0
2026-08-09,120246913787420167,55.38,10327,124,2,1,2,3.4,0,0
2026-08-10,120246913787420167,48.89,8993,104,7,1,1,1.8,0,0
2026-08-11,120246913787420167,63.83,11661,164,0,0,0,0.0,0,0
2026-08-12,120246913787420167,75.72,14951,170,6,1,0,0.0,0,0
2026-08-13,120246913787420167,75.08,14701,190,6,4,1,2.24,0,0
2026-08-14,120246913787420167,63.57,11572,204,2,0,0,0.0,0,0
2026-08-15,120246913787420167,102.05,19214,377,5,4,0,0.0,0,0
2026-08-16,120246913787420167,93.5,18024,390,8,5,2,5.38,0,0
2026-08-17,120246913787420167,57.13,11023,228,2,0,0,0.0,0,0
2026-08-18,120246913787420167,4.99,1002,20,0,0,0,0.0,0,0
2026-08-20,120246913787420167,143.55,38680,861,3,3,2,8.82,0,0
2026-08-21,120246913787420167,1073.0,298231,5238,18,12,3,9.75,0,0
2026-08-22,120246913787420167,1043.92,288753,4693,38,19,8,17.85,0,0
2026-08-23,120246913787420167,394.17,85512,1441,18,6,4,8.94,0,0
2026-08-24,120246913787420167,243.95,50681,1036,10,9,2,4.64,0,0
2026-08-25,120246913787420167,242.15,52061,1246,16,5,3,6.05,0,0
2026-08-26,120246913787420167,275.93,75190,1179,12,7,5,9.14,0,0
2026-08-27,120246913787420167,306.81,98280,1115,10,6,4,6.98,0,0
2026-08-28,120246913787420167,327.61,105468,1694,9,4,1,1.79,0,0
2026-08-29,120246913787420167,433.91,142728,2854,14,5,3,5.53,0,0
2026-08-30,120246913787420167,310.55,97319,1849,16,5,3,5.58,0,0
2026-08-31,120246913787420167,243.72,79241,1653,14,8,1,1.88,0,0
2026-09-01,120246913787420167,176.1,46046,1108,7,4,2,3.79,0,0
2026-09-02,120246913787420167,182.99,39587,707,8,5,3,5.73,0,0
2026-09-03,120246913787420167,176.26,37815,574,10,3,4,7.32,0,0
2026-09-04,120246913787420167,275.49,58716,839,24,8,6,10.92,0,0
2026-09-05,120246913787420167,324.66,81098,1203,23,11,7,13.19,0,0
2026-09-06,120246913787420167,200.72,51461,882,15,10,1,1.79,0,0
2026-09-07,120246913787420167,77.94,17570,252,3,0,1,1.75,0,0
2026-09-08,120246913787420167,35.9,6243,90,7,2,4,7.09,0,0
2026-09-09,120246913787420167,33.38,5700,78,3,4,3,5.6,0,0
2026-09-10,120246913787420167,41.06,9094,121,4,2,1,1.67,0,0
2026-09-11,120246913787420167,79.6,22154,416,3,2,0,0.0,0,0
2026-09-12,120246913787420167,59.25,28164,452,4,2,0,0.0,0,0
2026-09-13,120246913787420167,110.36,28698,479,7,7,1,1.5,0,0
2026-09-14,120246913787420167,39.48,9951,169,7,4,5,7.07,0,0
2026-09-15,120246913787420167,16.83,4910,148,1,0,0,0.0,0,0
2026-06-11,120246981244000167,24.26,7097,86,0,0,0,0.0,1050,20
2026-06-12,120246981244000167,263.81,54383,517,11,3,4,6.79,9549,206
2026-06-13,120246981244000167,259.4,40902,340,15,9,6,10.82,7468,150
2026-06-14,120246981244000167,100.27,14324,108,5,0,1,1.8,2613,69
2026-06-15,120246981244000167,32.05,4049,45,2,1,0,0.0,772,24
2026-06-16,120246981244000167,4.88,493,5,0,0,0,0.0,126,3
2026-06-17,120246981244000167,11.45,1464,18,0,0,0,0.0,285,8
2026-06-18,120246981244000167,13.34,1859,27,1,0,0,0.0,350,11
2026-06-19,120246981244000167,24.65,4039,36,2,0,0,0.0,662,22
2026-06-20,120246981244000167,46.01,5117,54,4,1,0,0.0,1029,28
2026-06-21,120246981244000167,30.76,3549,44,4,3,1,1.93,676,25
2026-06-22,120246981244000167,35.49,3881,41,0,0,0,0.0,728,22
2026-06-23,120246981244000167,36.47,3390,35,2,0,1,1.89,653,23
2026-06-24,120246981244000167,32.88,3867,49,4,1,2,3.6,694,19
2026-06-25,120246981244000167,86.52,14891,127,7,3,1,1.81,2345,54
2026-06-26,120246981244000167,27.17,3973,39,1,2,1,1.74,783,24
2026-06-27,120246981244000167,24.03,4340,51,3,1,0,0.0,768,25
2026-06-28,120246981244000167,122.74,21943,190,12,5,1,1.63,3570,81
2026-06-29,120246981244000167,150.95,22477,205,9,6,2,3.13,4057,102
2026-06-30,120246981244000167,142.84,21425,167,14,6,2,3.14,3619,86
2026-07-01,120246981244000167,49.93,6441,49,0,1,2,3.1,1310,44
2026-07-02,120246981244000167,112.58,15297,139,7,3,3,4.97,2920,88
2026-07-03,120246981244000167,415.35,58021,470,11,7,6,9.34,11368,263
2026-07-04,120246981244000167,391.7,63738,497,18,8,4,6.83,11722,310
2026-07-05,120246981244000167,158.26,23603,158,6,3,6,10.69,4054,113
2026-07-06,120246981244000167,118.66,17308,157,15,8,4,7.04,3150,93
2026-07-07,120246981244000167,152.88,20707,185,5,1,0,0.0,3767,92
2026-07-08,120246981244000167,124.05,18486,150,4,3,0,0.0,3217,66
2026-07-09,120246981244000167,183.98,28050,201,9,6,3,5.06,5027,110
2026-07-10,120246981244000167,423.19,73061,553,31,19,3,5.31,13612,278
2026-07-11,120246981244000167,471.89,84054,622,32,16,6,10.24,15708,337
2026-07-12,120246981244000167,254.55,39655,282,19,9,1,1.7,7266,140
2026-07-13,120246981244000167,214.96,31324,262,15,12,3,5.07,5642,131
2026-07-14,120246981244000167,177.1,24316,206,14,9,5,8.44,4021,97
2026-07-15,120246981244000167,107.12,12734,84,6,1,2,3.44,2077,64
2026-07-16,120246981244000167,122.91,16204,116,8,4,1,1.63,2672,69
2026-07-17,120246981244000167,126.3,15993,147,7,2,3,5.17,2775,82
2026-07-18,120246981244000167,210.78,32179,272,18,12,6,9.54,5396,128
2026-07-19,120246981244000167,184.17,29469,224,16,7,4,6.19,4845,112
2026-07-20,120246981244000167,163.01,22702,177,10,1,3,4.63,3902,100
2026-07-21,120246981244000167,151.15,20394,173,8,1,2,3.07,3741,82
2026-07-22,120246981244000167,141.0,21159,184,15,9,2,3.11,3609,80
2026-07-23,120246981244000167,145.44,23339,174,5,5,3,4.88,3830,96
2026-07-24,120246981244000167,284.76,37697,313,26,12,6,8.86,6647,158
2026-07-25,120246981244000167,219.17,38832,318,12,4,1,1.58,6294,139
2026-07-26,120246981244000167,133.57,19845,166,8,7,3,4.81,3485,89
2026-07-27,120246981244000167,127.13,19158,146,7,4,4,6.19,3114,68
2026-07-28,120246981244000167,105.92,16274,120,5,3,0,0.0,2580,56
2026-07-29,120246981244000167,112.08,18499,135,8,1,2,2.91,2742,58
2026-07-30,120246981244000167,80.84,12619,99,8,6,4,5.97,1986,32
2026-07-31,120246981244000167,85.57,14641,109,9,3,0,0.0,2238,43
2026-08-01,120246981244000167,131.85,22770,182,9,2,0,0.0,3574,82
2026-08-02,120246981244000167,161.54,27009,205,7,6,3,4.54,3923,98
2026-08-03,120246981244000167,161.48,27184,219,16,10,3,4.46,4527,108
2026-08-04,120246981244000167,20.52,3207,24,3,5,1,1.53,608,7
2026-08-05,120246981244000167,5.14,934,7,2,1,0,0.0,141,7
2026-08-06,120246981244000167,21.89,4044,42,0,0,0,0.0,651,20
2026-08-07,120246981244000167,6.61,1012,3,1,0,0,0.0,189,3
2026-08-08,120246981244000167,37.88,7934,61,2,1,0,0.0,1117,19
2026-09-02,120246981244000167,187.33,48184,780,3,2,0,0.0,7441,249
2026-09-03,120246981244000167,79.72,12188,464,1,0,2,3.66,3025,119
2026-09-04,120246981244000167,38.74,4975,41,0,0,0,0.0,855,21
2026-09-05,120246981244000167,85.68,13020,133,9,5,3,5.65,2412,68
2026-09-06,120246981244000167,106.02,16297,146,8,8,6,10.76,2766,65
2026-09-07,120246981244000167,32.05,4743,41,0,2,0,0.0,886,23
2026-09-08,120246981244000167,24.71,2971,26,1,0,1,1.77,532,17
2026-09-09,120246981244000167,18.13,1929,23,2,1,0,0.0,334,11
2026-09-10,120246981244000167,26.85,3300,371,8,5,4,6.67,1392,29
2026-09-11,120246981244000167,44.03,6286,355,7,4,2,3.34,1961,65
2026-09-12,120246981244000167,54.81,9157,126,11,5,3,4.78,2173,64
2026-09-13,120246981244000167,114.68,17648,335,5,4,3,4.51,3663,91
2026-09-14,120246981244000167,44.09,6766,201,2,2,1,1.41,1436,24
2026-09-15,120246981244000167,40.76,5974,217,2,2,0,0.0,1367,30
2026-06-12,120246997845950167,5.3,1663,13,0,0,0,0.0,0,0
2026-06-13,120246997845950167,6.21,3554,16,0,0,0,0.0,0,0
2026-06-14,120246997845950167,5.96,4613,14,0,0,0,0.0,0,0
2026-06-15,120246997845950167,0.19,141,1,0,0,0,0.0,0,0
2026-06-16,120246997845950167,0.16,187,1,0,0,0,0.0,0,0
2026-06-18,120246997845950167,0.84,489,2,0,0,0,0.0,0,0
2026-06-19,120246997845950167,0.67,162,1,0,0,0,0.0,0,0
2026-06-21,120246997845950167,0.77,387,7,0,0,0,0.0,0,0
2026-06-22,120246997845950167,0.14,36,0,0,0,0,0.0,0,0
2026-06-23,120246997845950167,21.08,14625,74,0,0,0,0.0,0,0
2026-06-24,120246997845950167,9.83,9934,40,0,0,0,0.0,0,0
2026-06-12,120246997845970167,7.62,2928,25,0,0,0,0.0,0,0
2026-06-13,120246997845970167,10.63,7111,36,0,0,0,0.0,0,0
2026-06-14,120246997845970167,3.91,2660,16,0,0,0,0.0,0,0
2026-06-15,120246997845970167,7.69,7664,30,0,0,0,0.0,0,0
2026-06-16,120246997845970167,0.56,147,0,0,0,0,0.0,0,0
2026-06-18,120246997845970167,1.95,957,4,0,0,0,0.0,0,0
2026-06-19,120246997845970167,0.82,577,2,0,0,0,0.0,0,0
2026-06-20,120246997845970167,3.58,2507,15,0,0,0,0.0,0,0
2026-06-21,120246997845970167,3.82,4617,19,0,0,0,0.0,0,0
2026-06-22,120246997845970167,4.63,2723,23,0,0,0,0.0,0,0
2026-06-23,120246997845970167,5.75,6032,23,0,0,0,0.0,0,0
2026-06-24,120246997845970167,4.89,4775,16,0,0,0,0.0,0,0
2026-06-12,120246997847200167,5.95,1816,19,1,1,2,5.29,0,0
2026-06-13,120246997847200167,9.54,3629,30,0,0,0,0.0,0,0
2026-06-14,120246997847200167,6.11,2610,26,0,0,0,0.0,0,0
2026-06-15,120246997847200167,0.97,493,5,0,0,0,0.0,0,0
2026-06-16,120246997847200167,0.18,95,0,0,0,0,0.0,0,0
2026-06-17,120246997847200167,0.01,1,0,0,0,0,0.0,0,0
2026-06-18,120246997847200167,1.07,646,4,0,0,0,0.0,0,0
2026-06-19,120246997847200167,2.65,771,7,0,0,0,0.0,0,0
2026-06-20,120246997847200167,0.08,48,0,0,0,0,0.0,0,0
2026-06-21,120246997847200167,2.31,1745,8,0,0,0,0.0,0,0
2026-06-22,120246997847200167,0.08,52,0,0,0,0,0.0,0,0
2026-06-23,120246997847200167,18.71,12206,55,0,0,0,0.0,0,0
2026-06-24,120246997847200167,7.45,3415,27,0,0,0,0.0,0,0
2026-06-12,120246997861740167,230.15,43595,359,17,9,2,5.29,11717,475
2026-06-13,120246997861740167,501.03,123512,648,24,12,2,5.44,27649,966
2026-06-14,120246997861740167,513.4,127288,715,17,11,5,12.97,29005,1100
2026-06-15,120246997861740167,142.39,36025,218,15,13,7,17.45,8414,332
2026-06-16,120246997861740167,5.94,872,6,0,0,0,0.0,246,15
2026-06-12,120246997862210167,27.28,6638,87,0,0,0,0.0,857,35
2026-06-13,120246997862210167,16.21,3693,49,0,0,0,0.0,513,37
2026-06-14,120246997862210167,5.85,1523,19,0,0,0,0.0,222,9
2026-06-15,120246997862210167,1.68,564,13,0,0,0,0.0,72,3
2026-06-16,120246997862210167,0.06,12,0,0,0,0,0.0,0,0
2026-06-18,120246997862210167,2.26,663,9,0,0,0,0.0,73,3
2026-06-19,120246997862210167,2.21,519,7,0,0,0,0.0,86,4
2026-06-20,120246997862210167,0.64,195,3,0,0,0,0.0,24,0
2026-06-21,120246997862210167,4.77,1372,21,0,0,0,0.0,268,11
2026-06-22,120246997862210167,2.5,938,9,0,0,0,0.0,103,5
2026-06-23,120246997862210167,11.65,4086,61,0,0,0,0.0,408,33
2026-06-24,120246997862210167,64.85,23192,207,0,0,0,0.0,1986,132
2026-06-25,120246997862210167,18.26,8912,67,0,0,0,0.0,618,43
2026-06-12,120246997871260167,202.21,52382,426,4,2,0,0.0,5247,210
2026-06-13,120246997871260167,1.71,303,4,0,0,0,0.0,34,1
2026-06-12,120247011565580167,1.42,347,1,0,0,0,0.0,0,0
2026-06-13,120247011565580167,5.61,2488,19,0,0,0,0.0,0,0
2026-06-14,120247011565580167,2.63,1084,4,0,0,0,0.0,0,0
2026-06-15,120247011565580167,2.18,791,5,0,0,0,0.0,0,0
2026-06-16,120247011565580167,0.74,159,1,0,0,0,0.0,0,0
2026-06-18,120247011565580167,0.14,37,0,0,0,0,0.0,0,0
2026-06-20,120247011565580167,10.69,3100,27,0,0,0,0.0,0,0
2026-06-21,120247011565580167,2.54,848,10,0,0,0,0.0,0,0
2026-06-22,120247011565580167,1.18,431,7,0,0,0,0.0,0,0
2026-06-23,120247011565580167,2.73,1577,13,0,0,0,0.0,0,0
2026-06-24,120247011565580167,2.04,1291,4,0,0,0,0.0,0,0
2026-06-12,120247011565610167,0.95,261,1,0,0,0,0.0,0,0
2026-06-13,120247011565610167,4.21,2417,13,0,0,0,0.0,0,0
2026-06-14,120247011565610167,2.85,1527,9,0,0,0,0.0,0,0
2026-06-15,120247011565610167,1.3,2792,6,0,0,0,0.0,0,0
2026-06-17,120247011565610167,3.92,2188,7,0,0,0,0.0,0,0
2026-06-18,120247011565610167,0.26,221,0,0,0,0,0.0,0,0
2026-06-19,120247011565610167,1.6,1372,6,0,0,0,0.0,0,0
2026-06-20,120247011565610167,1.04,561,1,0,0,0,0.0,0,0
2026-06-21,120247011565610167,0.03,46,0,0,0,0,0.0,0,0
2026-06-22,120247011565610167,0.78,693,1,0,0,0,0.0,0,0
2026-06-23,120247011565610167,3.73,3621,13,0,0,0,0.0,0,0
2026-06-24,120247011565610167,5.47,5045,13,0,0,0,0.0,0,0
2026-06-12,120247011566490167,9.22,2737,17,0,0,0,0.0,0,0
2026-06-13,120247011566490167,10.55,13028,32,2,1,0,0.0,0,0
2026-06-14,120247011566490167,4.77,2269,9,0,0,0,0.0,0,0
2026-06-15,120247011566490167,1.51,666,6,0,0,0,0.0,0,0
2026-06-16,120247011566490167,0.99,1067,6,0,0,0,0.0,0,0
2026-06-17,120247011566490167,0.63,959,4,0,0,0,0.0,0,0
2026-06-18,120247011566490167,1.04,1647,3,0,0,0,0.0,0,0
2026-06-19,120247011566490167,0.47,143,2,0,0,0,0.0,0,0
2026-06-20,120247011566490167,0.01,2,0,0,0,0,0.0,0,0
2026-06-21,120247011566490167,4.29,4192,19,0,0,0,0.0,0,0
2026-06-22,120247011566490167,3.06,4453,11,0,0,0,0.0,0,0
2026-06-23,120247011566490167,5.19,4275,16,0,0,0,0.0,0,0
2026-06-24,120247011566490167,6.07,2396,25,0,0,0,0.0,0,0
2026-06-12,120247011569420167,10.29,4827,26,0,0,0,0.0,0,0
2026-06-13,120247011569420167,6.64,6739,15,1,1,1,2.72,0,0
2026-06-14,120247011569420167,2.72,2417,7,0,0,0,0.0,0,0
2026-06-15,120247011569420167,11.68,22971,41,0,0,0,0.0,0,0
2026-06-16,120247011569420167,0.04,16,0,0,0,0,0.0,0,0
2026-06-17,120247011569420167,0.49,458,2,0,0,0,0.0,0,0
2026-06-18,120247011569420167,0.21,282,0,0,0,0,0.0,0,0
2026-06-20,120247011569420167,12.94,10905,25,0,0,0,0.0,0,0
2026-06-21,120247011569420167,1.87,1429,9,0,0,0,0.0,0,0
2026-06-22,120247011569420167,1.53,793,7,0,0,0,0.0,0,0
2026-06-23,120247011569420167,10.86,13282,39,0,0,0,0.0,0,0
2026-06-24,120247011569420167,6.29,4054,20,0,0,0,0.0,0,0
2026-06-25,120247011569420167,48.09,25346,130,0,0,0,0.0,0,0
2026-06-26,120247011569420167,43.56,26844,129,0,0,0,0.0,0,0
2026-06-27,120247011569420167,0.64,587,2,0,0,0,0.0,0,0
2026-06-12,120247011578560167,24.65,6986,73,1,2,0,0.0,1574,49
2026-06-13,120247011578560167,20.73,4882,57,1,2,0,0.0,1313,58
2026-06-14,120247011578560167,16.87,4087,37,0,0,0,0.0,884,35
2026-06-15,120247011578560167,4.58,958,11,0,0,0,0.0,177,8
2026-06-16,120247011578560167,0.03,17,0,0,0,0,0.0,4,0
2026-06-17,120247011578560167,2.9,575,7,0,0,0,0.0,124,3
2026-06-18,120247011578560167,1.27,329,2,0,0,0,0.0,50,7
2026-06-19,120247011578560167,0.48,128,2,0,0,0,0.0,23,0
2026-06-20,120247011578560167,1.87,435,5,0,0,0,0.0,90,3
2026-06-21,120247011578560167,52.28,17027,220,2,1,1,3.04,2771,118
2026-06-22,120247011578560167,8.36,1278,14,0,0,0,0.0,366,12
2026-06-23,120247011578560167,24.34,5732,55,0,0,0,0.0,1304,49
2026-06-24,120247011578560167,6.99,1920,19,0,0,0,0.0,392,11
2026-06-12,120247011579390167,29.87,7568,103,0,0,0,0.0,1283,59
2026-06-13,120247011579390167,19.71,3791,66,0,0,0,0.0,959,30
2026-06-14,120247011579390167,14.93,3701,47,0,0,0,0.0,897,69
2026-06-15,120247011579390167,7.78,2319,33,0,0,0,0.0,389,23
2026-06-16,120247011579390167,0.74,149,3,0,0,0,0.0,28,2
2026-06-17,120247011579390167,1.16,163,1,0,0,0,0.0,52,1
2026-06-18,120247011579390167,1.29,414,4,0,0,0,0.0,79,11
2026-06-19,120247011579390167,0.26,48,1,0,0,0,0.0,6,0
2026-06-20,120247011579390167,4.13,1128,14,0,0,0,0.0,188,4
2026-06-21,120247011579390167,20.06,6075,85,0,0,0,0.0,1181,34
2026-06-22,120247011579390167,6.5,1535,21,2,2,0,0.0,338,12
2026-06-23,120247011579390167,31.95,13130,113,0,0,0,0.0,1903,70
2026-06-24,120247011579390167,13.42,5235,52,0,0,0,0.0,821,33
2026-06-12,120247011580490167,20.75,5768,62,0,0,0,0.0,1268,44
2026-06-13,120247011580490167,54.2,10644,86,6,4,2,5.44,2269,80
2026-06-14,120247011580490167,58.34,14742,69,3,4,1,2.59,2725,101
2026-06-15,120247011580490167,21.78,5652,38,0,0,0,0.0,1048,30
2026-06-16,120247011580490167,3.66,583,1,0,0,0,0.0,107,6
2026-06-17,120247011580490167,0.59,112,1,0,0,0,0.0,23,1
2026-06-18,120247011580490167,1.79,431,4,0,0,0,0.0,80,5
2026-06-19,120247011580490167,0.15,41,0,0,0,0,0.0,4,0
2026-06-20,120247011580490167,89.32,23701,283,0,0,0,0.0,4049,143
2026-06-21,120247011580490167,47.57,10655,108,1,2,0,0.0,1996,60
2026-06-22,120247011580490167,53.17,8400,57,6,6,2,5.45,1490,64
2026-06-23,120247011580490167,352.69,74563,514,21,15,8,18.88,14571,597
2026-06-24,120247011580490167,12.99,2758,18,0,0,0,0.0,527,21
2026-06-15,120247187088560167,215.71,54185,704,1,2,2,4.99,7593,55
2026-06-16,120247187088560167,0.62,111,2,0,0,0,0.0,27,0
2026-06-15,120247189268040167,26.46,9888,61,1,1,1,2.49,1258,20
2026-06-16,120247189268040167,5.7,1279,11,0,0,0,0.0,225,1
2026-06-17,120247189268040167,0.77,174,3,0,0,0,0.0,32,1
2026-06-18,120247189268040167,0.43,84,2,0,0,0,0.0,15,0
2026-06-19,120247189268040167,9.54,2822,40,0,0,0,0.0,404,6
2026-06-20,120247189268040167,10.31,2664,37,0,0,0,0.0,410,5
2026-06-21,120247189268040167,4.81,1389,16,0,0,0,0.0,199,3
2026-06-22,120247189268040167,8.33,3515,30,0,0,0,0.0,355,8
2026-06-23,120247189268040167,13.58,5652,34,0,0,0,0.0,437,12
2026-06-24,120247189268040167,48.31,13463,103,0,0,0,0.0,1888,23
2026-06-25,120247189268040167,484.38,162306,883,8,3,0,0.0,19990,210
2026-06-26,120247189268040167,607.9,146965,853,20,12,2,5.1,23197,236
2026-06-27,120247189268040167,706.74,157724,1068,19,13,4,10.05,28405,281
2026-06-28,120247189268040167,649.37,170293,1034,10,8,3,8.13,25967,249
2026-06-15,120247235137270167,237.18,46834,1150,4,3,0,0.0,13454,269
2026-06-16,120247235137270167,6.74,1655,56,0,0,0,0.0,458,11
2026-06-15,120247235677870167,8.63,1631,30,0,0,0,0.0,344,6
2026-06-16,120247235677870167,5.75,986,12,0,0,0,0.0,218,4
2026-06-17,120247235677870167,10.72,1848,32,0,0,0,0.0,443,11
2026-06-18,120247235677870167,3.64,801,14,0,0,0,0.0,147,5
2026-06-19,120247235677870167,15.51,2934,61,0,0,0,0.0,596,11
2026-06-20,120247235677870167,4.46,908,15,0,0,0,0.0,157,3
2026-06-21,120247235677870167,12.3,2680,38,0,0,0,0.0,443,7
2026-06-22,120247235677870167,33.5,9778,148,0,0,0,0.0,1479,24
2026-06-23,120247235677870167,50.45,11667,188,0,0,0,0.0,2122,36
2026-06-24,120247235677870167,196.95,53559,635,3,3,1,2.53,7845,122
2026-06-25,120247235677870167,10.95,3775,39,0,0,0,0.0,431,5
2026-06-29,120247235677870167,28.5,9670,131,0,0,0,0.0,1278,25
2026-06-30,120247235677870167,1.14,162,4,0,0,0,0.0,19,0
2026-06-15,120247254596060167,0.27,53,2,0,0,0,0.0,11,0
2026-06-16,120247254596060167,9.74,1947,23,0,0,0,0.0,356,9
2026-06-17,120247254596060167,4.49,944,14,2,2,1,2.73,175,8
2026-06-18,120247254596060167,0.11,21,0,0,0,0,0.0,1,0
2026-06-19,120247254596060167,0.12,28,0,0,0,0,0.0,7,0
2026-06-21,120247254596060167,16.81,5059,57,1,0,0,0.0,887,9
2026-06-15,120247256194240167,1.77,640,5,0,0,0,0.0,53,6
2026-06-16,120247256194240167,27.86,8336,65,0,0,0,0.0,728,48
2026-06-17,120247256194240167,11.12,2077,25,0,0,0,0.0,241,27
2026-06-18,120247256194240167,15.31,3574,52,0,0,0,0.0,408,30
2026-06-19,120247256194240167,24.88,5937,89,2,3,1,2.63,600,38
2026-06-20,120247256194240167,10.52,2421,31,2,0,0,0.0,255,17
2026-06-21,120247256194240167,3.42,883,14,1,1,1,3.04,62,5
2026-06-22,120247256194240167,40.16,12376,130,2,2,1,2.72,892,58
2026-06-23,120247256194240167,60.0,15113,138,6,2,1,2.36,1246,78
2026-06-24,120247256194240167,4.18,1180,11,0,0,0,0.0,81,3
2026-06-16,120247333574270167,8.78,1895,18,0,0,0,0.0,353,4
2026-06-17,120247333574270167,91.02,18645,125,4,2,2,3.62,3680,154
2026-06-18,120247333574270167,34.86,5425,52,1,2,1,1.81,1186,41
2026-06-19,120247333574270167,48.23,6161,75,7,3,4,7.56,1506,77
2026-06-20,120247333574270167,79.88,10325,124,7,3,0,0.0,2466,96
2026-06-21,120247333574270167,50.67,6046,56,10,0,0,0.0,1356,55
2026-06-22,120247333574270167,29.49,4018,29,0,0,0,0.0,782,25
2026-06-23,120247333574270167,11.42,1522,17,4,2,0,0.0,350,19
2026-06-24,120247333574270167,15.97,2531,26,0,0,0,0.0,523,23
2026-06-25,120247333574270167,4.22,951,7,0,0,0,0.0,159,9
2026-06-26,120247333574270167,68.51,17847,163,0,0,0,0.0,2709,144
2026-06-27,120247333574270167,16.3,2682,28,0,0,0,0.0,557,26
2026-06-28,120247333574270167,18.43,3237,31,1,0,0,0.0,684,40
2026-06-29,120247333574270167,12.58,2215,26,1,2,1,1.56,407,17
2026-06-30,120247333574270167,25.89,5214,47,0,0,0,0.0,1062,43
2026-07-01,120247333574270167,19.12,3589,28,2,1,0,0.0,719,43
2026-07-02,120247333574270167,22.35,3459,41,0,0,0,0.0,776,23
2026-07-03,120247333574270167,53.43,8501,102,4,3,2,3.11,2122,71
2026-07-04,120247333574270167,75.8,13294,141,5,4,1,1.71,2957,122
2026-07-05,120247333574270167,42.88,6865,70,7,4,1,1.78,1631,136
2026-07-06,120247333574270167,35.17,5049,84,5,2,0,0.0,1660,260
2026-07-07,120247333574270167,33.61,4664,64,2,0,0,0.0,1418,180
2026-07-08,120247333574270167,30.27,4659,52,2,1,1,1.76,1198,91
2026-07-09,120247333574270167,44.28,8209,94,5,2,1,1.69,1976,100
2026-07-10,120247333574270167,91.85,16501,188,7,3,4,7.09,4250,248
2026-07-11,120247333574270167,122.37,24948,259,4,2,0,0.0,5804,263
2026-07-12,120247333574270167,38.62,6284,50,0,0,0,0.0,1336,55
2026-07-13,120247333574270167,31.14,4385,29,1,0,0,0.0,966,30
2026-07-14,120247333574270167,27.23,4592,45,0,0,0,0.0,895,35
2026-07-15,120247333574270167,17.63,3014,18,3,2,1,1.72,649,21
2026-07-16,120247333574270167,15.34,2383,10,2,0,1,1.63,480,13
2026-07-17,120247333574270167,10.98,1375,12,0,2,1,1.72,296,12
2026-07-18,120247333574270167,27.37,4621,43,1,0,0,0.0,1052,27
2026-07-19,120247333574270167,33.37,6138,61,0,0,0,0.0,1196,44
2026-07-20,120247333574270167,16.58,2492,23,0,0,0,0.0,552,37
2026-07-21,120247333574270167,10.03,1213,13,1,0,0,0.0,292,22
2026-06-22,120247758597150167,227.31,54518,666,4,4,0,0.0,8084,6
2026-06-23,120247758597150167,1915.92,438888,4880,52,25,14,21.29,61454,80
2026-06-24,120247758597150167,907.58,153990,1813,28,15,7,11.62,26507,43
2026-06-25,120247758597150167,325.96,42068,617,4,4,4,6.79,8920,9
2026-06-26,120247758597150167,167.54,25444,366,4,1,1,1.57,5056,11
2026-06-27,120247758597150167,442.18,91370,1143,12,5,1,1.55,16126,27
2026-06-28,120247758597150167,620.96,93231,1354,11,10,6,10.02,18547,47
2026-06-29,120247758597150167,3.04,565,9,3,0,0,0.0,80,0
2026-06-24,120247887628100167,605.46,170096,1195,22,20,5,8.3,35614,998
2026-06-25,120247887628100167,1104.57,279267,1561,37,28,12,20.36,57832,1732
2026-06-26,120247887628100167,1404.49,294942,1660,62,37,22,34.52,68946,2236
2026-06-27,120247887628100167,1313.19,302484,1640,61,32,9,13.92,64973,2198
2026-06-28,120247887628100167,857.68,163173,966,33,14,4,6.68,35573,1126
2026-06-24,120247887774070167,197.1,58239,487,5,3,2,3.32,4651,236
2026-06-25,120247887774070167,317.38,104326,715,12,4,3,5.09,7916,316
2026-06-26,120247887774070167,107.36,28329,172,4,3,0,0.0,2430,114
2026-06-27,120247887774070167,14.66,5688,51,0,0,0,0.0,407,15
2026-06-28,120247887774070167,151.41,56492,318,4,3,0,0.0,3916,165
2026-06-29,120247887774070167,85.53,34127,119,1,2,0,0.0,2035,111
2026-06-30,120247887774070167,253.67,95463,368,4,2,2,3.57,5944,254
2026-07-01,120247887774070167,190.38,49892,306,6,5,1,1.72,4000,224
2026-07-02,120247887774070167,315.04,85862,583,10,5,3,5.27,6895,384
2026-07-03,120247887774070167,74.35,20522,143,4,3,1,1.73,1491,61
2026-07-04,120247887774070167,38.21,13311,66,5,3,1,1.83,781,29
2026-06-24,120247888457690167,61.16,16411,301,0,0,0,0.0,2135,15
2026-06-25,120247888457690167,23.99,6435,127,0,0,0,0.0,807,4
2026-06-26,120247888457690167,3.49,926,12,0,0,0,0.0,116,0
2026-06-27,120247888457690167,3.74,1270,23,0,0,0,0.0,137,1
2026-06-28,120247888457690167,2.29,732,18,0,0,0,0.0,44,0
2026-06-29,120247888457690167,0.99,316,6,0,0,0,0.0,18,0
2026-06-30,120247888457690167,6.76,1950,43,0,0,0,0.0,198,1
2026-07-01,120247888457690167,2.45,755,16,0,0,0,0.0,80,0
2026-07-02,120247888457690167,2.86,784,20,0,0,0,0.0,94,1
2026-07-03,120247888457690167,16.38,5066,109,0,0,0,0.0,427,4
2026-07-04,120247888457690167,11.36,3452,55,0,0,0,0.0,382,2
2026-07-05,120247888457690167,8.2,2092,35,1,1,0,0.0,275,0
2026-07-06,120247888457690167,14.52,4081,84,0,0,0,0.0,346,4
2026-07-07,120247888457690167,14.88,3899,84,0,0,0,0.0,272,6
2026-07-08,120247888457690167,9.75,2575,45,1,0,0,0.0,315,3
2026-07-09,120247888457690167,2.94,903,13,0,0,0,0.0,134,1
2026-07-10,120247888457690167,6.99,1904,28,0,0,0,0.0,367,4
2026-07-11,120247888457690167,55.63,19118,334,1,0,0,0.0,2563,24
2026-07-12,120247888457690167,27.07,8179,178,1,0,0,0.0,1138,4
2026-07-13,120247888457690167,10.82,2473,45,0,0,0,0.0,348,4
2026-07-14,120247888457690167,8.43,1839,39,0,0,0,0.0,329,2
2026-07-15,120247888457690167,2.72,465,10,0,0,0,0.0,89,1
2026-07-16,120247888457690167,2.12,308,7,0,0,0,0.0,61,0
2026-06-24,120247888972120167,45.96,36562,142,0,0,0,0.0,0,0
2026-06-25,120247888972120167,87.81,66065,303,0,0,0,0.0,0,0
2026-06-26,120247888972120167,26.29,19290,94,2,0,0,0.0,0,0
2026-06-27,120247888972120167,14.79,11223,50,1,1,1,1.55,0,0
2026-06-28,120247888972120167,10.02,5853,35,0,0,0,0.0,0,0
2026-06-29,120247888972120167,22.27,18711,66,1,0,0,0.0,0,0
2026-06-30,120247888972120167,11.8,8274,39,0,0,0,0.0,0,0
2026-07-01,120247888972120167,27.79,21992,103,0,2,1,1.72,0,0
2026-07-02,120247888972120167,39.71,31348,129,1,2,2,3.51,0,0
2026-07-04,120247888972120167,4.67,10611,21,0,0,0,0.0,0,0
2026-07-05,120247888972120167,39.08,87622,156,0,0,0,0.0,0,0
2026-07-06,120247888972120167,21.43,32517,79,0,0,0,0.0,0,0
2026-07-07,120247888972120167,8.79,10715,28,0,0,0,0.0,0,0
2026-07-08,120247888972120167,9.58,12901,37,1,1,1,1.85,0,0
2026-07-09,120247888972120167,1.45,2195,3,0,0,0,0.0,0,0
2026-07-10,120247888972120167,0.24,414,0,0,0,0,0.0,0,0
2026-07-11,120247888972120167,5.21,15755,27,0,0,0,0.0,0,0
2026-07-12,120247888972120167,13.04,30600,48,1,1,1,1.89,0,0
2026-07-13,120247888972120167,6.58,10401,28,0,0,0,0.0,0,0
2026-07-14,120247888972120167,14.8,36145,62,0,0,0,0.0,0,0
2026-07-15,120247888972120167,3.91,6415,16,0,0,0,0.0,0,0
2026-07-16,120247888972120167,3.51,5475,4,0,0,0,0.0,0,0
2026-07-17,120247888972120167,3.67,3950,13,1,0,0,0.0,0,0
2026-07-18,120247888972120167,15.03,13487,52,0,0,0,0.0,0,0
2026-07-19,120247888972120167,15.69,15784,58,0,0,0,0.0,0,0
2026-07-20,120247888972120167,6.4,9510,30,0,0,0,0.0,0,0
2026-07-21,120247888972120167,4.59,6513,11,0,0,0,0.0,0,0
2026-07-22,120247888972120167,0.95,1628,5,0,0,0,0.0,0,0
2026-06-24,120247889143360167,86.42,18371,175,3,2,3,5.4,4479,151
2026-06-25,120247889143360167,187.4,34333,272,10,9,2,3.62,7626,310
2026-06-26,120247889143360167,174.89,28652,231,9,1,2,3.49,6632,230
2026-06-27,120247889143360167,139.12,23742,200,3,2,0,0.0,5651,205
2026-06-28,120247889143360167,80.58,12527,106,6,1,0,0.0,2994,93
2026-06-29,120247889143360167,26.2,3538,47,1,0,0,0.0,915,47
2026-06-30,120247889143360167,15.98,1980,32,2,0,0,0.0,550,27
2026-07-01,120247889143360167,11.94,901,13,1,0,0,0.0,273,10
2026-07-02,120247889143360167,26.98,2310,26,1,0,0,0.0,791,34
2026-07-03,120247889143360167,56.86,5348,65,2,0,0,0.0,1888,68
2026-07-04,120247889143360167,55.05,5469,67,0,0,0,0.0,2000,60
2026-07-05,120247889143360167,48.4,4550,60,1,1,0,0.0,1509,73
2026-07-06,120247889143360167,38.46,3336,45,0,0,0,0.0,1181,91
2026-07-07,120247889143360167,52.74,4594,70,0,0,0,0.0,1517,98
2026-07-08,120247889143360167,61.05,5822,58,4,2,0,0.0,1799,89
2026-07-09,120247889143360167,68.05,7073,94,5,1,2,3.38,2412,121
2026-07-10,120247889143360167,148.8,15229,261,13,6,3,5.31,5355,336
2026-07-11,120247889143360167,148.37,17449,255,4,2,1,1.71,5955,343
2026-07-12,120247889143360167,62.82,6591,86,7,4,1,1.7,2124,87
2026-07-13,120247889143360167,44.53,4020,49,5,2,2,3.38,1293,62
2026-07-14,120247889143360167,32.04,2744,36,0,0,0,0.0,855,46
2026-07-15,120247889143360167,21.75,1710,17,0,0,0,0.0,542,18
2026-07-16,120247889143360167,21.5,1834,22,2,2,0,0.0,565,23
2026-07-17,120247889143360167,17.1,1523,22,6,0,0,0.0,529,24
2026-07-18,120247889143360167,49.94,4527,45,4,2,2,3.18,1554,51
2026-07-19,120247889143360167,45.59,4096,49,0,1,0,0.0,1268,61
2026-07-20,120247889143360167,24.52,2073,35,4,4,2,3.09,692,48
2026-07-21,120247889143360167,24.54,1854,28,3,0,1,1.53,656,35
2026-07-22,120247889143360167,22.62,2086,28,0,0,0,0.0,720,57
2026-07-23,120247889143360167,19.46,2078,37,1,0,0,0.0,700,39
2026-07-24,120247889143360167,21.62,1903,27,2,3,0,0.0,733,173
2026-07-25,120247889143360167,54.44,5301,89,0,0,0,0.0,1727,146
2026-07-26,120247889143360167,32.97,3235,47,1,1,1,1.6,1087,93
2026-07-27,120247889143360167,27.87,2773,42,2,1,1,1.55,982,74
2026-07-28,120247889143360167,24.02,2730,28,3,1,2,3.05,884,54
2026-07-29,120247889143360167,28.52,3477,35,0,0,0,0.0,1044,56
2026-07-30,120247889143360167,15.21,1614,23,2,0,0,0.0,515,27
2026-07-31,120247889143360167,67.38,14992,190,3,0,1,1.49,3345,150
2026-08-01,120247889143360167,92.84,21358,281,0,0,0,0.0,3948,278
2026-08-02,120247889143360167,81.37,17390,250,1,1,1,1.51,3307,222
2026-08-03,120247889143360167,62.66,13304,177,4,2,0,0.0,2359,139
2026-08-04,120247889143360167,1.55,187,2,0,0,0,0.0,57,1
2026-06-24,120247889446440167,314.95,169595,3214,28,25,11,18.25,0,0
2026-06-25,120247889446440167,423.38,215473,4449,12,6,2,3.39,0,0
2026-06-26,120247889446440167,86.73,47271,901,4,2,2,3.14,0,0
2026-06-27,120247889446440167,127.42,61226,1228,10,8,3,4.64,0,0
2026-06-28,120247889446440167,206.84,92006,1991,5,4,3,5.01,0,0
2026-06-29,120247889446440167,139.54,58732,1249,4,5,1,1.68,0,0
2026-06-30,120247889446440167,216.53,93532,1692,12,7,2,3.57,0,0
2026-07-01,120247889446440167,264.66,121653,2237,10,5,5,8.6,0,0
2026-07-02,120247889446440167,379.11,168759,2982,22,12,6,10.53,0,0
2026-07-03,120247889446440167,135.45,76047,1317,12,4,4,6.91,0,0
2026-07-04,120247889446440167,115.97,75648,1187,7,3,4,7.31,0,0
2026-07-05,120247889446440167,160.11,96660,1370,9,4,0,0.0,0,0
2026-07-06,120247889446440167,225.63,140994,1970,16,4,3,5.39,0,0
2026-07-07,120247889446440167,135.27,100367,1313,5,4,0,0.0,0,0
2026-07-08,120247889446440167,146.19,93387,1268,6,4,1,1.85,0,0
2026-07-09,120247889446440167,87.79,74172,944,7,2,1,1.9,0,0
2026-07-10,120247889446440167,78.57,79121,984,9,5,4,7.61,0,0
2026-07-11,120247889446440167,61.81,59068,809,4,4,1,1.94,0,0
2026-07-12,120247889446440167,62.0,51038,581,0,0,0,0.0,0,0
2026-07-13,120247889446440167,75.02,59425,752,10,5,5,9.25,0,0
2026-07-14,120247889446440167,105.43,67892,813,4,0,0,0.0,0,0
2026-07-15,120247889446440167,94.75,40239,633,3,1,0,0.0,0,0
2026-07-16,120247889446440167,119.3,46816,768,10,4,1,1.78,0,0
2026-07-17,120247889446440167,63.46,20608,305,8,5,2,3.49,0,0
2026-07-18,120247889446440167,96.46,31592,535,6,7,5,8.16,0,0
2026-07-19,120247889446440167,114.81,42707,756,9,5,2,3.28,0,0
2026-07-20,120247889446440167,96.28,43545,720,5,3,2,3.43,0,0
2026-07-21,120247889446440167,56.2,23512,340,2,3,0,0.0,0,0
2026-07-22,120247889446440167,70.52,25796,292,3,3,2,3.32,0,0
2026-07-23,120247889446440167,88.87,33318,415,4,1,1,1.63,0,0
2026-07-24,120247889446440167,84.69,29455,427,3,4,0,0.0,0,0
2026-07-25,120247889446440167,153.47,57152,769,8,5,4,6.55,0,0
2026-07-26,120247889446440167,189.3,81125,982,4,3,1,1.64,0,0
2026-07-27,120247889446440167,88.66,49527,602,11,7,1,1.66,0,0
2026-07-28,120247889446440167,102.61,54366,602,9,4,4,6.61,0,0
2026-07-29,120247889446440167,68.44,37418,489,3,3,2,3.26,0,0
2026-07-30,120247889446440167,63.92,32151,366,3,0,0,0.0,0,0
2026-07-31,120247889446440167,12.01,10315,104,1,3,1,1.62,0,0
2026-08-01,120247889446440167,17.28,17279,161,1,0,1,1.67,0,0
2026-08-02,120247889446440167,0.12,103,1,0,0,0,0.0,0,0
2026-08-04,120247889446440167,61.86,38599,349,0,0,0,0.0,0,0
2026-08-05,120247889446440167,93.14,34228,459,3,1,0,0.0,0,0
2026-08-06,120247889446440167,654.96,240680,2583,20,10,9,14.21,0,0
2026-08-08,120247889446440167,88.18,26035,373,3,1,0,0.0,0,0
2026-08-09,120247889446440167,279.82,78902,1135,14,5,2,3.26,0,0
2026-08-10,120247889446440167,621.31,155118,2258,18,11,4,6.35,0,0
2026-08-11,120247889446440167,272.48,68572,868,10,4,4,6.54,0,0
2026-08-12,120247889446440167,396.07,119070,1459,10,4,2,3.25,0,0
2026-08-13,120247889446440167,692.49,206716,2955,21,17,6,10.55,0,0
2026-08-14,120247889446440167,62.41,17988,237,2,1,0,0.0,0,0
2026-09-01,120247889446440167,35.56,43439,253,5,1,0,0.0,0,0
2026-09-02,120247889446440167,109.87,92849,943,2,1,0,0.0,0,0
2026-09-03,120247889446440167,208.78,159535,1698,2,0,0,0.0,0,0
2026-09-04,120247889446440167,93.2,71623,908,2,2,2,2.69,0,0
2026-09-05,120247889446440167,171.8,131693,1669,5,3,1,1.32,0,0
2026-09-06,120247889446440167,53.51,42223,770,0,2,0,0.0,0,0
2026-06-29,120248324906930167,1552.07,431271,3103,37,14,9,15.1,79591,2408
2026-06-30,120248324906930167,1192.81,296094,2171,17,12,1,1.78,57309,1806
2026-07-01,120248324906930167,43.68,6969,61,0,3,1,1.72,2027,80
2026-06-29,120248334930940167,10.4,8187,36,0,0,0,0.0,0,0
2026-06-30,120248334930940167,3.96,6464,20,0,0,0,0.0,0,0
2026-07-01,120248334930940167,2.18,2623,8,0,0,0,0.0,0,0
2026-07-02,120248334930940167,2.27,1830,12,0,0,0,0.0,0,0
2026-07-03,120248334930940167,8.67,12120,48,0,0,0,0.0,0,0
2026-07-04,120248334930940167,3.65,3805,12,0,0,0,0.0,0,0
2026-07-05,120248334930940167,3.96,5163,16,0,0,0,0.0,0,0
2026-07-06,120248334930940167,5.19,5784,21,0,0,0,0.0,0,0
2026-07-07,120248334930940167,0.23,216,1,0,0,0,0.0,0,0
2026-07-11,120248334930940167,0.72,357,1,0,0,0,0.0,0,0
2026-06-29,120248334931480167,5.36,5954,18,0,0,0,0.0,0,0
2026-06-30,120248334931480167,0.2,250,2,0,0,0,0.0,0,0
2026-07-01,120248334931480167,0.14,295,1,0,0,0,0.0,0,0
2026-07-02,120248334931480167,0.2,121,1,0,0,0,0.0,0,0
2026-07-03,120248334931480167,3.16,1206,7,0,0,0,0.0,0,0
2026-07-04,120248334931480167,6.75,8001,27,0,0,0,0.0,0,0
2026-07-05,120248334931480167,3.2,5190,16,0,0,0,0.0,0,0
2026-07-06,120248334931480167,2.35,1402,5,0,0,0,0.0,0,0
2026-07-07,120248334931480167,0.11,126,1,0,0,0,0.0,0,0
2026-07-08,120248334931480167,0.01,2,1,0,0,0,0.0,0,0
2026-07-11,120248334931480167,0.06,12,0,0,0,0,0.0,0,0
2026-07-12,120248334931480167,0.32,176,3,0,0,0,0.0,0,0
2026-07-13,120248334931480167,0.09,65,0,0,0,0,0.0,0,0
2026-07-14,120248334931480167,0.4,213,0,0,0,0,0.0,0,0
2026-07-15,120248334931480167,0.39,187,1,0,0,0,0.0,0,0
2026-07-16,120248334931480167,0.82,353,2,0,0,0,0.0,0,0
2026-06-29,120248334932420167,1.18,841,4,0,0,0,0.0,0,0
2026-06-30,120248334932420167,0.77,906,2,0,0,0,0.0,0,0
2026-07-01,120248334932420167,3.03,5832,21,0,0,0,0.0,0,0
2026-07-02,120248334932420167,3.44,4950,13,0,0,0,0.0,0,0
2026-07-03,120248334932420167,3.75,3820,17,0,0,0,0.0,0,0
2026-07-04,120248334932420167,4.11,3508,18,0,0,0,0.0,0,0
2026-07-05,120248334932420167,13.4,9663,44,0,0,0,0.0,0,0
2026-07-06,120248334932420167,5.0,4764,19,0,0,0,0.0,0,0
2026-06-29,120248334933310167,2.68,1770,7,0,0,0,0.0,0,0
2026-06-30,120248334933310167,0.82,1353,3,0,0,0,0.0,0,0
2026-07-01,120248334933310167,0.25,644,0,0,0,0,0.0,0,0
2026-07-02,120248334933310167,6.1,11696,27,0,0,0,0.0,0,0
2026-07-03,120248334933310167,3.61,2598,12,0,0,0,0.0,0,0
2026-07-04,120248334933310167,2.61,981,9,0,0,0,0.0,0,0
2026-07-05,120248334933310167,8.57,15237,40,0,0,0,0.0,0,0
2026-07-06,120248334933310167,5.71,11851,35,0,0,0,0.0,0,0
2026-06-29,120248334960360167,187.25,75956,441,3,2,1,2.63,4728,252
2026-06-30,120248334960360167,0.18,52,0,0,0,1,2.15,0,0
2026-06-29,120248334979440167,40.56,12531,105,2,2,1,2.63,2195,54
2026-06-30,120248334979440167,88.32,20220,119,8,3,2,4.29,7219,66
2026-07-01,120248334979440167,52.59,10722,77,3,1,0,0.0,4014,60
2026-07-02,120248334979440167,210.87,52798,293,8,8,4,8.0,17066,233
2026-07-03,120248334979440167,252.49,58183,436,14,8,3,6.07,19076,276
2026-07-04,120248334979440167,331.0,85266,609,15,4,6,10.69,24449,410
2026-07-05,120248334979440167,268.9,72470,548,15,8,4,7.92,18780,374
2026-07-06,120248334979440167,193.19,43743,365,17,7,1,1.99,13011,301
2026-06-29,120248334982400167,753.82,188731,3846,51,28,8,21.05,67824,1402
2026-06-30,120248334982400167,560.0,151096,2845,40,31,15,32.18,54985,993
2026-06-29,120248335034210167,77.43,32086,206,0,0,0,0.0,2851,66
2026-06-30,120248335034210167,0.66,166,2,0,0,0,0.0,25,0
2026-07-01,120248335034210167,3.16,860,13,0,0,0,0.0,114,5
2026-07-02,120248335034210167,14.93,4922,82,1,0,0,0.0,676,20
2026-07-03,120248335034210167,4.89,1035,20,0,0,0,0.0,204,6
2026-07-04,120248335034210167,4.4,1541,24,0,0,0,0.0,244,6
2026-07-05,120248335034210167,13.64,6459,71,0,0,0,0.0,702,13
2026-07-06,120248335034210167,12.81,3438,64,0,0,0,0.0,522,15
2026-07-07,120248335034210167,0.13,61,1,0,0,0,0.0,9,0
2026-07-08,120248335034210167,0.01,8,0,0,0,0,0.0,1,0
2026-07-09,120248335034210167,0.23,86,1,0,0,0,0.0,13,0
2026-06-30,120248341533720167,0.06,17,0,0,0,0,0.0,0,0
2026-07-01,120248341533720167,0.09,32,2,0,0,0,0.0,0,0
2026-07-02,120248341533720167,0.05,44,0,0,0,0,0.0,0,0
2026-07-03,120248341533720167,0.07,38,0,0,0,0,0.0,0,0
2026-07-04,120248341533720167,14.19,18809,55,0,0,0,0.0,0,0
2026-07-05,120248341533720167,8.15,11405,27,0,0,0,0.0,0,0
2026-07-06,120248341533720167,4.25,4145,13,0,0,0,0.0,0,0
2026-07-07,120248341533720167,0.22,83,0,0,0,0,0.0,0,0
2026-07-11,120248341533720167,0.09,33,0,0,0,0,0.0,0,0
2026-07-12,120248341533720167,1.5,1102,2,0,0,0,0.0,0,0
2026-07-13,120248341533720167,0.95,723,2,0,0,0,0.0,0,0
2026-07-14,120248341533720167,2.94,2214,11,0,0,0,0.0,0,0
2026-07-15,120248341533720167,51.67,29763,141,0,0,0,0.0,0,0
2026-07-16,120248341533720167,65.46,30443,146,0,0,0,0.0,0,0
2026-07-17,120248341533720167,0.29,161,0,0,0,0,0.0,0,0
2026-06-30,120248341545680167,0.01,14,0,0,0,0,0.0,0,0
2026-07-01,120248341545680167,7.84,15566,32,0,0,0,0.0,0,0
2026-07-02,120248341545680167,6.37,11985,27,0,0,0,0.0,0,0
2026-07-03,120248341545680167,1.56,1126,4,0,0,0,0.0,0,0
2026-07-04,120248341545680167,2.84,2678,9,0,0,0,0.0,0,0
2026-07-05,120248341545680167,5.95,4948,26,0,0,0,0.0,0,0
2026-07-06,120248341545680167,3.41,2810,15,0,0,0,0.0,0,0
2026-07-07,120248341545680167,0.23,122,0,0,0,0,0.0,0,0
2026-07-08,120248341545680167,0.01,3,0,0,0,0,0.0,0,0
2026-07-10,120248341545680167,0.04,12,0,0,0,0,0.0,0,0
2026-07-12,120248341545680167,0.08,32,0,0,0,0,0.0,0,0
2026-07-14,120248341545680167,0.1,40,0,0,0,0,0.0,0,0
2026-07-15,120248341545680167,5.68,3919,20,0,0,0,0.0,0,0
2026-07-16,120248341545680167,22.8,14810,67,0,0,0,0.0,0,0
2026-07-17,120248341545680167,0.05,76,0,0,0,0,0.0,0,0
2026-07-18,120248341545680167,0.02,13,0,0,0,0,0.0,0,0
2026-06-30,120248341547190167,0.01,12,0,0,0,0,0.0,0,0
2026-07-01,120248341547190167,3.36,4822,5,0,0,0,0.0,0,0
2026-07-02,120248341547190167,5.88,8610,21,0,0,0,0.0,0,0
2026-07-03,120248341547190167,2.96,1723,14,1,1,0,0.0,0,0
2026-07-04,120248341547190167,1.82,830,12,1,1,0,0.0,0,0
2026-07-05,120248341547190167,11.56,6179,43,0,0,0,0.0,0,0
2026-07-06,120248341547190167,12.62,11488,55,0,0,0,0.0,0,0
2026-07-07,120248341547190167,0.24,434,0,0,0,0,0.0,0,0
2026-07-10,120248341547190167,0.18,50,1,0,0,0,0.0,0,0
2026-07-11,120248341547190167,0.76,252,2,0,0,0,0.0,0,0
2026-07-12,120248341547190167,5.39,3168,20,0,0,0,0.0,0,0
2026-07-13,120248341547190167,1.82,1621,9,0,0,0,0.0,0,0
2026-07-14,120248341547190167,4.18,3355,16,0,0,0,0.0,0,0
2026-07-15,120248341547190167,32.02,21608,115,1,0,0,0.0,0,0
2026-07-16,120248341547190167,27.98,11548,71,0,0,0,0.0,0,0
2026-07-17,120248341547190167,0.07,93,0,0,0,0,0.0,0,0
2026-07-18,120248341547190167,0.02,11,0,0,0,0,0.0,0,0
2026-07-01,120248341548470167,0.28,193,1,0,0,0,0.0,0,0
2026-07-02,120248341548470167,22.33,10418,87,0,0,0,0.0,0,0
2026-07-03,120248341548470167,3.4,4407,11,0,0,0,0.0,0,0
2026-07-04,120248341548470167,3.4,5006,9,0,0,0,0.0,0,0
2026-07-05,120248341548470167,3.18,1351,8,0,0,0,0.0,0,0
2026-07-06,120248341548470167,3.16,1440,17,0,0,0,0.0,0,0
2026-07-07,120248341548470167,0.48,209,3,0,0,0,0.0,0,0
2026-07-11,120248341548470167,0.04,9,1,0,0,0,0.0,0,0
2026-06-30,120248341561120167,0.07,35,0,0,0,0,0.0,2,2
2026-07-01,120248341561120167,2.51,1305,12,0,0,0,0.0,90,23
2026-07-02,120248341561120167,7.15,4148,21,0,0,0,0.0,277,79
2026-07-03,120248341561120167,6.57,2472,17,0,0,0,0.0,196,60
2026-07-04,120248341561120167,6.1,2246,13,0,0,0,0.0,230,105
2026-07-05,120248341561120167,9.11,4612,30,3,0,0,0.0,374,162
2026-07-06,120248341561120167,11.73,4897,30,1,0,0,0.0,360,116
2026-07-07,120248341561120167,0.65,130,1,1,1,0,0.0,7,2
2026-07-08,120248341561120167,0.1,70,0,0,0,0,0.0,1,0
2026-07-09,120248341561120167,21.61,14195,86,0,0,0,0.0,1091,456
2026-07-10,120248341561120167,17.11,5574,44,1,1,1,1.87,702,312
2026-07-11,120248341561120167,12.51,3008,27,2,0,0,0.0,367,142
2026-07-12,120248341561120167,14.44,6191,40,2,3,2,3.94,519,187
2026-07-13,120248341561120167,3.41,1100,5,0,0,0,0.0,99,41
2026-07-14,120248341561120167,14.58,6885,50,1,0,1,2.11,614,217
2026-07-15,120248341561120167,157.14,65107,327,6,3,2,4.28,4651,1347
2026-07-16,120248341561120167,202.33,72304,376,5,3,1,2.21,5772,1983
2026-07-17,120248341561120167,0.71,398,2,1,0,0,0.0,30,5
2026-07-18,120248341561120167,0.05,33,0,0,0,0,0.0,0,0
2026-07-19,120248341561120167,0.09,17,0,0,0,0,0.0,0,0
2026-06-30,120248341577480167,0.48,152,1,0,0,0,0.0,36,1
2026-07-01,120248341577480167,13.82,4856,54,0,0,0,0.0,870,54
2026-07-02,120248341577480167,95.87,25390,242,7,6,3,6.0,5426,183
2026-07-03,120248341577480167,138.84,34516,311,5,3,1,2.02,7565,205
2026-07-04,120248341577480167,175.63,53041,435,12,7,7,12.47,10531,262
2026-07-05,120248341577480167,259.71,80951,638,6,5,5,9.9,15487,406
2026-07-06,120248341577480167,257.92,78384,628,6,3,2,3.98,15080,388
2026-06-30,120248489704700167,263.64,58430,952,13,4,1,1.57,19257,386
2026-07-01,120248489704700167,1106.05,259030,4613,48,20,21,32.52,88441,1743
2026-07-02,120248489704700167,290.0,64695,1094,28,15,6,9.93,22500,469
2026-07-03,120248489704700167,568.27,110047,1680,37,23,13,20.23,38649,901
2026-07-04,120248489704700167,769.49,162083,2538,30,13,7,11.95,52042,988
2026-07-05,120248489704700167,498.65,109652,2171,25,19,4,7.13,38045,473
2026-07-06,120248489704700167,420.03,80775,1721,17,10,3,5.28,27073,401
2026-07-07,120248489704700167,59.44,10813,254,7,5,3,5.25,3589,50
2026-07-01,120248526868210167,1066.27,241528,4673,64,32,17,26.32,79892,1484
2026-07-02,120248526868210167,523.75,122527,2325,31,14,13,21.52,38277,757
2026-07-03,120248526868210167,1291.81,285981,4748,53,29,12,18.68,89529,1815
2026-07-04,120248526868210167,277.1,63563,1024,17,12,6,10.24,18452,342
2026-07-01,120248530261670167,410.57,86578,1806,40,17,7,14.69,16674,629
2026-07-02,120248530261670167,233.96,40568,851,26,17,7,14.0,9454,355
2026-07-03,120248530261670167,24.29,5158,93,1,2,0,0.0,959,29
2026-07-03,120248612012470167,294.88,53332,1088,14,10,2,3.45,10919,392
2026-07-04,120248612012470167,409.51,70168,1392,36,22,6,10.96,17637,544
2026-07-05,120248612012470167,407.28,70082,1225,22,13,8,15.17,17810,472
2026-07-06,120248612012470167,548.61,86817,1547,39,16,11,19.75,21921,588
2026-07-07,120248612012470167,296.42,42461,773,17,5,2,3.57,11403,349
2026-07-08,120248612012470167,439.14,73535,1222,32,17,6,11.09,18127,480
2026-07-09,120248612012470167,228.49,32675,536,13,4,4,7.59,9124,224
2026-07-10,120248612012470167,184.5,26773,487,16,11,5,9.52,8036,209
2026-07-11,120248612012470167,205.14,27804,491,25,15,7,13.59,8685,232
2026-07-12,120248612012470167,226.22,32955,584,18,11,2,3.77,8846,219
2026-07-13,120248612012470167,273.14,40018,715,16,8,1,1.85,10203,273
2026-07-14,120248612012470167,380.21,55837,1016,26,23,4,7.09,13432,347
2026-07-15,120248612012470167,392.22,57469,979,16,10,4,7.18,13447,351
2026-07-16,120248612012470167,367.23,55248,894,19,8,6,10.7,13283,341
2026-07-17,120248612012470167,291.73,34610,559,13,8,3,5.24,10380,319
2026-07-18,120248612012470167,417.92,53187,795,27,11,7,11.42,16980,490
2026-07-19,120248612012470167,393.74,54572,904,29,16,3,4.92,14781,402
2026-07-20,120248612012470167,303.26,41825,768,19,15,6,10.28,11340,319
2026-07-21,120248612012470167,143.63,14599,294,6,5,2,3.27,4674,188
2026-07-22,120248612012470167,199.23,21327,414,13,10,3,4.99,6831,248
2026-07-23,120248612012470167,173.56,18420,362,16,9,7,11.44,6204,210
2026-07-24,120248612012470167,269.32,23729,434,17,6,1,1.69,8859,328
2026-07-25,120248612012470167,252.43,28267,485,23,12,5,8.19,10194,310
2026-07-26,120248612012470167,187.35,23385,422,14,6,5,8.19,7570,199
2026-07-27,120248612012470167,108.11,12768,208,2,1,2,3.32,4220,121
2026-07-28,120248612012470167,120.76,15466,224,12,7,2,3.31,5087,122
2026-07-29,120248612012470167,59.84,8167,147,0,0,0,0.0,2417,64
2026-07-30,120248612012470167,80.6,11373,184,12,10,4,6.27,3273,100
2026-07-31,120248612012470167,57.6,9354,151,6,1,1,1.62,2475,62
2026-08-01,120248612012470167,65.65,9329,173,4,0,0,0.0,2962,95
2026-08-02,120248612012470167,26.96,4588,87,0,0,0,0.0,1227,27
2026-07-03,120248612089090167,1521.06,428634,5915,47,27,13,22.44,106754,2003
2026-07-04,120248612089090167,844.02,251477,3322,18,12,4,7.31,58562,1103
2026-07-05,120248612089090167,895.67,235627,3647,29,20,6,11.38,63397,1066
2026-07-06,120248612089090167,644.28,159091,3261,24,16,8,14.37,46735,832
2026-07-20,120248612089090167,97.96,21250,301,4,1,1,1.71,5514,107
2026-07-21,120248612089090167,501.06,116769,1620,34,22,9,14.72,28315,561
2026-07-22,120248612089090167,576.84,149235,2062,35,24,9,14.96,35960,702
2026-07-23,120248612089090167,418.68,114287,1600,17,10,4,6.54,26332,563
2026-07-24,120248612089090167,569.57,153641,2529,23,12,7,11.83,35090,876
2026-07-25,120248612089090167,516.79,144200,2474,20,13,3,4.91,29775,638
2026-07-26,120248612089090167,429.63,125048,1945,15,13,4,6.55,26519,505
2026-07-27,120248612089090167,190.48,55157,851,12,7,2,3.32,12202,233
2026-07-28,120248612089090167,149.87,46508,556,7,4,4,6.61,9261,151
2026-07-29,120248612089090167,96.0,29648,344,17,11,2,3.26,5929,126
2026-07-30,120248612089090167,215.03,55605,646,19,14,3,4.7,12860,246
2026-07-31,120248612089090167,108.88,29522,348,9,7,6,9.72,6245,122
2026-08-01,120248612089090167,87.62,30589,252,6,1,1,1.67,5531,109
2026-08-02,120248612089090167,109.55,33447,329,12,9,4,6.56,7301,125
2026-08-03,120248612089090167,106.15,26284,320,8,8,1,1.6,6689,102
2026-08-04,120248612089090167,506.63,123945,1339,20,11,4,6.52,32197,542
2026-08-05,120248612089090167,3.84,879,10,2,2,2,3.16,235,2
2026-08-09,120248612089090167,1258.13,302328,4199,24,14,8,13.04,72643,1477
2026-07-03,120248612147470167,127.52,34670,469,4,2,3,6.07,1777,235
2026-07-04,120248612147470167,34.52,11276,134,0,0,0,0.0,595,69
2026-07-05,120248612147470167,0.12,26,1,0,0,0,0.0,2,0
2026-07-03,120248612260260167,66.37,21291,295,2,1,0,0.0,1544,33
2026-07-04,120248612260260167,33.96,12843,169,2,1,2,3.56,1049,13
2026-07-05,120248612260260167,15.62,3895,45,3,2,0,0.0,452,6
2026-07-06,120248612260260167,41.1,13840,153,2,1,1,1.99,1440,10
2026-07-07,120248612260260167,0.51,222,0,0,0,0,0.0,20,0
2026-07-06,120248686842540167,657.76,198811,1634,6,0,0,0.0,36145,1006
2026-07-07,120248686842540167,79.77,20870,174,4,2,1,1.75,3917,104
2026-07-08,120248686842540167,31.58,7507,85,0,0,0,0.0,1386,55
2026-07-09,120248686842540167,113.72,28195,229,6,5,3,5.06,5308,157
2026-07-10,120248686842540167,234.76,60904,516,10,6,3,5.31,11495,366
2026-07-11,120248686842540167,277.03,78286,578,15,10,3,5.12,14723,398
2026-07-12,120248686842540167,106.02,26900,231,3,1,1,1.7,4894,151
2026-07-13,120248686842540167,93.44,22843,251,5,2,0,0.0,4356,143
2026-07-14,120248686842540167,65.24,14838,137,0,1,0,0.0,2812,88
2026-07-15,120248686842540167,35.8,7193,66,2,0,0,0.0,1265,44
2026-07-16,120248686842540167,34.16,7153,65,2,2,0,0.0,1371,48
2026-07-17,120248686842540167,29.61,5901,67,6,1,0,0.0,1181,28
2026-07-18,120248686842540167,42.01,10093,97,0,0,0,0.0,1898,45
2026-07-19,120248686842540167,50.95,12658,124,3,1,1,1.55,2161,50
2026-07-06,120248715194060167,169.55,60886,498,1,1,0,0.0,10139,297
2026-07-07,120248715194060167,513.75,162904,1392,16,4,4,7.14,29764,781
2026-07-08,120248715194060167,134.31,40914,387,2,3,1,1.85,7895,239
2026-07-06,120248715237150167,155.93,35762,331,8,5,5,8.98,8086,177
2026-07-07,120248715237150167,863.0,211697,1468,30,19,8,14.28,53428,1093
2026-07-08,120248715237150167,569.97,157024,1084,16,11,8,14.78,39825,762
2026-07-09,120248715237150167,159.68,40664,276,12,5,4,7.59,11042,158
2026-07-10,120248715237150167,217.19,57607,273,11,5,5,9.52,17174,193
2026-07-11,120248715237150167,271.08,76342,363,20,16,3,5.82,22828,227
2026-07-12,120248715237150167,375.24,98169,450,18,13,9,16.99,27503,391
2026-07-13,120248715237150167,469.99,117109,563,21,12,10,18.5,32137,501
2026-07-14,120248715237150167,492.04,123620,596,20,10,7,12.4,30107,485
2026-07-15,120248715237150167,679.74,160998,795,21,13,6,10.77,41504,649
2026-07-16,120248715237150167,888.92,224984,1031,22,14,5,8.91,55700,822
2026-07-17,120248715237150167,332.92,72785,450,10,7,2,3.49,18474,354
2026-07-18,120248715237150167,212.51,44532,384,6,5,1,1.63,12160,277
2026-07-19,120248715237150167,194.28,43055,332,5,3,0,0.0,10226,283
2026-07-20,120248715237150167,137.99,29450,231,5,3,3,5.14,7293,211
2026-07-21,120248715237150167,48.94,7749,113,6,5,4,6.54,2500,88
2026-07-22,120248715237150167,58.11,10483,116,4,4,3,4.99,3138,76
2026-07-23,120248715237150167,62.33,10929,138,9,5,1,1.63,3491,182
2026-07-24,120248715237150167,63.35,9833,140,1,1,1,1.69,3627,284
2026-07-25,120248715237150167,102.79,17201,195,5,3,0,0.0,5396,162
2026-07-26,120248715237150167,89.44,15880,178,6,2,0,0.0,4696,133
2026-07-27,120248715237150167,44.31,8402,85,3,1,1,1.66,2492,81
2026-07-28,120248715237150167,47.89,10373,66,1,0,1,1.65,2756,55
2026-07-29,120248715237150167,48.49,11859,94,6,0,0,0.0,2962,79
2026-07-30,120248715237150167,39.24,7383,64,5,3,2,3.13,1885,53
2026-07-31,120248715237150167,29.85,6224,57,2,1,0,0.0,1439,28
2026-08-01,120248715237150167,19.21,4306,39,0,0,0,0.0,1056,21
2026-08-02,120248715237150167,14.85,3692,25,0,0,0,0.0,865,12
2026-08-03,120248715237150167,25.83,5543,43,2,0,0,0.0,1417,20
2026-08-04,120248715237150167,84.02,16606,139,2,2,0,0.0,4490,94
2026-08-05,120248715237150167,292.57,65666,511,7,6,4,6.32,15703,362
2026-08-06,120248715237150167,0.09,14,0,0,0,0,0.0,2,0
2026-07-06,120248718076390167,4.8,1243,21,0,0,0,0.0,89,1
2026-07-07,120248718076390167,52.89,11549,244,1,0,0,0.0,1099,17
2026-07-08,120248718076390167,14.35,2052,29,1,0,0,0.0,309,2
2026-07-09,120248718076390167,7.21,1202,16,0,0,0,0.0,207,1
2026-07-10,120248718076390167,28.26,4501,45,1,2,0,0.0,812,4
2026-07-11,120248718076390167,39.9,6920,71,1,1,0,0.0,1172,7
2026-07-12,120248718076390167,29.44,4533,54,4,1,0,0.0,741,4
2026-07-13,120248718076390167,19.06,2322,30,0,0,0,0.0,358,2
2026-07-14,120248718076390167,15.94,2047,26,3,0,0,0.0,265,2
2026-07-15,120248718076390167,4.53,536,7,0,0,0,0.0,64,1
2026-07-16,120248718076390167,3.34,373,3,0,0,0,0.0,58,1
2026-07-17,120248718076390167,0.64,49,1,0,0,0,0.0,7,0
2026-07-18,120248718076390167,3.61,704,14,0,0,0,0.0,72,0
2026-07-19,120248718076390167,12.72,2846,46,2,0,0,0.0,261,7
2026-07-20,120248718076390167,12.08,1720,25,0,0,0,0.0,179,1
2026-07-21,120248718076390167,6.65,739,4,0,0,0,0.0,116,0
2026-07-22,120248718076390167,7.13,964,20,0,0,0,0.0,142,2
2026-07-23,120248718076390167,2.59,397,10,0,0,0,0.0,60,1
2026-07-24,120248718076390167,6.42,1164,18,0,0,0,0.0,164,1
2026-07-25,120248718076390167,21.54,4988,64,1,0,0,0.0,525,5
2026-07-26,120248718076390167,21.88,5623,77,0,0,0,0.0,560,1
2026-07-27,120248718076390167,9.64,1938,16,0,0,0,0.0,251,5
2026-07-28,120248718076390167,5.21,915,16,0,0,0,0.0,117,0
2026-07-29,120248718076390167,1.99,436,6,0,0,0,0.0,59,1
2026-07-30,120248718076390167,1.05,209,1,0,0,0,0.0,27,0
2026-07-31,120248718076390167,1.19,222,6,0,0,0,0.0,30,1
2026-08-01,120248718076390167,8.45,2231,26,0,0,0,0.0,274,9
2026-08-02,120248718076390167,6.18,1490,17,0,0,0,0.0,201,5
2026-07-06,120248718399620167,117.94,27576,660,7,4,2,3.98,6293,33
2026-07-07,120248718399620167,549.76,129669,5188,65,31,7,13.75,31704,186
2026-07-08,120248718399620167,241.0,60793,2188,38,16,9,17.79,12947,77
2026-07-09,120248718399620167,184.85,43301,994,22,7,3,5.69,7493,57
2026-07-07,120248719356730167,321.14,97221,1824,37,21,10,19.65,20454,486
2026-07-08,120248719356730167,194.78,55900,861,24,12,4,7.9,12243,234
2026-07-09,120248719356730167,181.72,46347,585,22,15,6,11.38,10607,216
2026-07-06,120248719873780167,0.78,369,4,0,0,0,0.0,0,0
2026-07-07,120248719873780167,2.72,1622,12,0,0,0,0.0,0,0
2026-07-08,120248719873780167,0.79,2022,3,0,0,0,0.0,0,0
2026-07-09,120248719873780167,0.68,2050,5,0,0,0,0.0,0,0
2026-07-10,120248719873780167,10.98,22612,63,0,0,0,0.0,0,0
2026-07-11,120248719873780167,55.97,31634,369,0,0,0,0.0,0,0
2026-07-12,120248719873780167,43.02,28141,223,0,0,0,0.0,0,0
2026-07-13,120248719873780167,47.96,28946,325,0,0,0,0.0,0,0
2026-07-14,120248719873780167,0.98,682,5,0,0,0,0.0,0,0
2026-07-06,120248719893710167,0.01,7,0,0,0,0,0.0,1,0
2026-07-07,120248719893710167,0.14,40,1,0,0,0,0.0,8,2
2026-07-08,120248719893710167,0.91,150,11,0,0,0,0.0,100,80
2026-07-09,120248719893710167,3.48,2201,14,0,0,0,0.0,238,120
2026-07-10,120248719893710167,8.4,4133,43,0,0,0,0.0,567,331
2026-07-11,120248719893710167,90.3,39064,332,1,0,0,0.0,4637,1410
2026-07-12,120248719893710167,293.82,79482,421,3,4,2,3.94,9111,1047
2026-07-07,120248719912650167,7.71,2522,37,0,0,0,0.0,686,13
2026-07-08,120248719912650167,2.07,897,5,0,0,0,0.0,228,5
2026-07-09,120248719912650167,39.51,22581,217,0,0,0,0.0,5199,51
2026-07-10,120248719912650167,516.74,187672,1802,20,13,7,13.06,61961,697
2026-07-11,120248719912650167,371.46,130649,1199,8,3,3,5.81,42191,488
2026-07-12,120248719912650167,103.42,29846,234,1,1,0,0.0,10053,120
2026-07-07,120248720012760167,0.79,304,6,0,0,0,0.0,0,0
2026-07-08,120248720012760167,0.94,454,6,0,0,0,0.0,0,0
2026-07-09,120248720012760167,3.6,5612,11,0,0,0,0.0,0,0
2026-07-10,120248720012760167,5.09,7937,28,0,0,0,0.0,0,0
2026-07-11,120248720012760167,123.98,82899,667,4,1,0,0.0,0,0
2026-07-12,120248720012760167,127.29,74963,713,7,4,1,1.97,0,0
2026-07-13,120248720012760167,55.69,31848,339,1,0,0,0.0,0,0
2026-07-06,120248720435220167,0.96,245,4,0,0,0,0.0,1,0
2026-07-07,120248720435220167,12.43,3401,59,0,0,0,0.0,33,10
2026-07-08,120248720435220167,5.43,1625,32,1,0,1,1.98,7,2
2026-07-09,120248720435220167,45.73,17669,195,0,0,0,0.0,500,75
2026-07-10,120248720435220167,197.4,82515,1020,0,0,0,0.0,3237,415
2026-07-11,120248720435220167,6.2,2599,24,0,0,0,0.0,146,13
2026-07-08,120248789397960167,450.33,102751,1514,26,14,6,11.09,19352,404
2026-07-09,120248789397960167,1790.25,377857,5505,155,80,26,49.34,77751,1754
2026-07-10,120248789397960167,1206.07,222945,3942,117,64,20,38.06,55902,1277
2026-07-11,120248789397960167,1170.0,207305,3603,103,61,22,42.7,50664,1097
2026-07-12,120248789397960167,1106.6,194770,3370,79,51,23,43.41,44080,819
2026-07-13,120248789397960167,827.5,139805,2328,68,41,14,25.89,32704,599
2026-07-14,120248789397960167,644.21,103868,1729,51,24,12,21.26,22596,422
2026-07-15,120248789397960167,942.09,145886,2151,56,27,9,16.16,32140,630
2026-07-16,120248789397960167,1089.72,184847,2485,70,42,15,26.74,39141,739
2026-07-17,120248789397960167,779.75,124035,1786,47,23,15,26.2,28776,545
2026-07-18,120248789397960167,1255.0,207658,2998,83,49,18,29.37,48186,952
2026-07-19,120248789397960167,1113.46,213353,2751,71,42,19,31.15,44067,826
2026-07-20,120248789397960167,972.39,165069,2339,65,27,13,22.27,36503,672
2026-07-21,120248789397960167,520.64,70310,1288,35,23,9,14.72,17441,412
2026-07-22,120248789397960167,792.12,132404,2366,58,32,7,11.64,31885,566
2026-07-23,120248789397960167,615.07,109759,2008,38,20,13,21.24,26061,466
2026-07-24,120248789397960167,1001.81,179853,2900,89,54,19,32.1,42057,760
2026-07-25,120248789397960167,1144.08,226539,3515,72,49,27,44.22,49621,816
2026-07-26,120248789397960167,808.07,178638,2675,62,44,11,18.02,36501,577
2026-07-27,120248789397960167,545.55,116418,1813,45,26,10,16.61,24012,436
2026-07-28,120248789397960167,507.12,113136,1538,36,22,11,18.18,21598,347
2026-07-29,120248789397960167,338.28,75479,1075,20,17,2,3.26,14925,244
2026-07-30,120248789397960167,321.23,56346,777,35,22,9,14.1,11542,241
2026-07-31,120248789397960167,489.17,96340,1245,38,22,7,11.34,16634,335
2026-08-01,120248789397960167,257.76,36785,643,19,9,5,8.34,8282,191
2026-08-02,120248789397960167,122.15,19526,341,19,5,4,6.56,4063,77
2026-08-03,120248789397960167,165.51,28045,430,25,18,6,9.6,5959,132
2026-08-04,120248789397960167,280.97,41886,555,13,9,0,0.0,8611,197
2026-08-05,120248789397960167,1304.63,271081,2898,50,36,15,23.71,46469,818
2026-08-06,120248789397960167,0.21,42,1,2,0,1,1.58,6,0
2026-08-08,120248789397960167,1425.64,265322,3689,35,23,10,15.92,47361,1120
2026-08-09,120248789397960167,856.38,155316,2026,45,27,11,17.94,26740,472
2026-09-01,120248789397960167,75.41,17143,402,3,3,2,3.74,3221,71
2026-09-02,120248789397960167,1110.82,243851,4589,58,37,16,28.14,38543,813
2026-09-03,120248789397960167,793.84,117460,2101,99,56,21,33.18,24571,452
2026-09-04,120248789397960167,1311.64,207766,3182,99,67,30,40.42,42122,723
2026-09-05,120248789397960167,1899.84,288475,5310,118,65,24,31.58,59870,1280
2026-09-06,120248789397960167,845.8,126072,2801,71,45,20,25.78,24689,566
2026-09-07,120248789397960167,700.88,112922,2033,60,41,15,18.41,23770,405
2026-09-08,120248789397960167,1111.27,163695,3048,71,37,14,16.11,33544,665
2026-09-09,120248789397960167,900.89,143171,3188,71,39,23,26.53,27364,555
2026-09-10,120248789397960167,1359.8,191378,4954,79,42,31,35.3,38024,947
2026-09-11,120248789397960167,1875.98,298084,6524,96,54,16,18.38,56129,1361
2026-09-12,120248789397960167,1940.8,334955,8025,63,33,13,15.37,56097,1481
2026-09-13,120248789397960167,1860.13,291176,7264,72,34,14,16.68,48847,1421
2026-09-14,120248789397960167,2275.16,360481,9364,73,38,18,21.87,60391,1778
2026-09-15,120248789397960167,578.1,111141,2407,34,11,9,10.34,18268,495
2026-07-08,120248790253970167,603.5,124929,3245,31,18,9,15.82,20395,123
2026-07-09,120248790253970167,1436.85,300421,7010,107,44,17,28.69,55318,316
2026-07-10,120248790253970167,1178.38,238407,4541,83,42,22,38.97,49097,287
2026-07-11,120248790253970167,1026.03,213389,3735,91,43,16,27.32,45099,218
2026-07-12,120248790253970167,650.89,126116,2316,51,24,11,18.71,24870,122
2026-07-13,120248790253970167,620.45,131307,2408,43,23,6,10.14,25975,123
2026-07-14,120248790253970167,269.66,52912,857,20,10,2,3.38,9025,33
2026-07-15,120248790253970167,77.67,11722,234,6,0,1,1.72,2110,12
2026-07-16,120248790253970167,69.33,10351,192,3,0,0,0.0,1794,15
2026-07-17,120248790253970167,31.27,4402,88,5,1,1,1.72,756,8
2026-07-18,120248790253970167,57.98,8083,175,2,0,0,0.0,1653,14
2026-07-19,120248790253970167,94.77,14709,283,6,2,1,1.55,2561,20
2026-07-20,120248790253970167,71.22,10154,226,8,5,3,4.63,1867,12
2026-07-21,120248790253970167,95.15,12369,293,6,4,4,6.13,2442,16
2026-07-22,120248790253970167,105.48,15805,334,6,3,2,3.11,2877,15
2026-07-23,120248790253970167,63.02,10191,203,2,0,2,3.25,1729,15
2026-07-24,120248790253970167,72.73,10888,219,8,5,2,2.95,1942,12
2026-07-25,120248790253970167,131.63,23376,443,13,5,3,4.75,3859,26
2026-07-26,120248790253970167,102.14,18880,329,7,7,1,1.6,2911,11
2026-07-27,120248790253970167,124.62,22208,378,17,9,2,3.1,3559,17
2026-07-28,120248790253970167,100.89,17838,278,9,2,2,3.05,2912,9
2026-07-29,120248790253970167,126.38,23328,397,8,5,3,4.37,3607,10
2026-07-30,120248790253970167,145.45,26303,490,14,10,6,8.96,4058,16
2026-07-31,120248790253970167,134.62,27189,452,6,2,1,1.49,4044,21
2026-08-01,120248790253970167,229.55,47882,883,16,13,1,1.53,7067,33
2026-08-02,120248790253970167,289.83,63835,1133,23,12,3,4.54,9237,56
2026-08-03,120248790253970167,177.2,36304,587,17,10,5,7.43,5322,27
2026-08-04,120248790253970167,54.32,9233,163,6,2,0,0.0,1313,4
2026-08-05,120248790253970167,22.58,4415,73,2,0,0,0.0,555,4
2026-08-06,120248790253970167,42.27,7087,114,2,0,0,0.0,823,3
2026-08-07,120248790253970167,0.03,6,0,1,0,0,0.0,0,0
2026-09-10,120248790253970167,856.86,154158,3458,111,48,23,38.33,28334,161
2026-09-11,120248790253970167,608.25,117640,2541,84,41,13,21.72,20071,107
2026-09-12,120248790253970167,292.31,55141,1230,34,19,5,7.96,8607,58
2026-09-13,120248790253970167,502.41,92434,1833,53,25,11,16.53,15832,79
2026-09-14,120248790253970167,232.19,40656,746,31,15,9,12.73,7073,45
2026-09-15,120248790253970167,156.08,26425,447,24,13,5,8.36,4384,25
2026-07-09,120248822296120167,121.18,27082,741,8,5,0,0.0,5073,35
2026-07-10,120248822296120167,413.85,110165,2501,24,20,9,17.13,22294,103
2026-07-11,120248822296120167,106.29,31427,519,17,10,1,1.94,6784,43
2026-07-12,120248822296120167,250.09,52555,943,22,13,1,1.89,11264,68
2026-07-13,120248822296120167,316.34,67044,1344,25,9,4,7.4,14876,79
2026-07-14,120248822296120167,401.43,73808,1500,38,23,10,17.72,13832,74
2026-07-15,120248822296120167,346.75,59711,1235,29,19,4,7.18,11004,58
2026-07-16,120248822296120167,369.44,64041,1220,26,14,6,10.7,11476,61
2026-07-17,120248822296120167,172.05,28887,603,15,12,3,5.24,5599,34
2026-07-18,120248822296120167,290.84,53810,1044,25,11,6,9.79,11562,57
2026-07-19,120248822296120167,365.24,68976,1319,14,12,4,6.56,13241,78
2026-07-20,120248822296120167,303.2,55179,1016,14,10,4,6.85,10842,47
2026-07-21,120248822296120167,216.21,31531,750,25,18,6,9.81,6483,41
2026-07-22,120248822296120167,236.51,38690,980,15,8,1,1.66,7782,50
2026-07-23,120248822296120167,170.22,28257,721,11,8,4,6.54,5407,34
2026-07-24,120248822296120167,201.36,34465,754,13,8,6,10.14,6740,25
2026-07-25,120248822296120167,260.14,48516,1007,26,12,7,11.47,9034,52
2026-07-26,120248822296120167,228.33,46401,893,11,8,4,6.55,7748,38
2026-07-27,120248822296120167,102.73,20188,431,10,10,4,6.64,3432,17
2026-07-28,120248822296120167,105.93,17969,399,8,2,1,1.65,3350,10
2026-07-29,120248822296120167,89.04,16274,335,12,5,1,1.63,2886,13
2026-07-30,120248822296120167,45.26,6594,148,8,4,4,6.27,1147,6
2026-07-31,120248822296120167,35.14,5560,111,1,0,1,1.62,858,5
2026-08-01,120248822296120167,15.08,2716,71,2,3,1,1.67,513,3
2026-08-02,120248822296120167,5.59,1114,24,3,1,0,0.0,192,1
2026-08-03,120248822296120167,23.94,4589,82,4,2,1,1.6,696,5
2026-08-04,120248822296120167,59.17,10108,203,1,1,0,0.0,1538,7
2026-08-05,120248822296120167,0.63,121,1,1,1,0,0.0,16,1
2026-07-12,120248898262300167,0.09,36,0,0,0,0,0.0,0,0
2026-07-13,120248898262300167,0.49,265,1,0,0,0,0.0,0,0
2026-07-14,120248898262300167,1.13,1041,2,0,0,0,0.0,0,0
2026-07-15,120248898262300167,0.62,311,3,0,0,0,0.0,0,0
2026-07-16,120248898262300167,1.24,656,6,0,0,0,0.0,0,0
2026-07-12,120248898263350167,0.05,45,0,0,0,0,0.0,0,0
2026-07-13,120248898263350167,1.17,616,5,0,0,0,0.0,0,0
2026-07-14,120248898263350167,3.97,2082,13,0,0,0,0.0,0,0
2026-07-15,120248898263350167,64.32,25769,193,0,0,0,0.0,0,0
2026-07-16,120248898263350167,217.94,93052,653,2,2,0,0.0,0,0
2026-07-17,120248898263350167,0.54,521,1,0,0,0,0.0,0,0
2026-07-12,120248898272860167,9.17,2755,33,0,0,0,0.0,282,12
2026-07-13,120248898272860167,22.98,8024,99,0,0,0,0.0,604,33
2026-07-14,120248898272860167,55.09,16824,390,1,1,1,2.11,1030,123
2026-07-15,120248898272860167,218.47,70664,1144,1,2,1,2.14,5088,547
2026-07-16,120248898272860167,2.25,712,8,0,0,0,0.0,71,12
2026-07-13,120248898277620167,277.44,108546,1378,6,3,0,0.0,21509,262
2026-07-14,120248898277620167,7.11,3184,39,0,0,0,0.0,593,8
2026-07-13,120248898277700167,68.11,29930,275,2,3,0,0.0,4257,84
2026-07-14,120248898277700167,182.87,89139,759,3,1,1,2.11,11574,210
2026-07-15,120248898277700167,7.69,3723,37,0,0,0,0.0,469,18
2026-07-13,120248898278030167,32.12,9240,145,0,0,0,0.0,1104,34
2026-07-14,120248898278030167,121.52,41887,493,0,0,0,0.0,3667,141
2026-07-15,120248898278030167,5.86,2297,34,0,1,0,0.0,175,5
2026-07-13,120248898278710167,48.79,15907,309,0,0,0,0.0,1425,50
2026-07-14,120248898278710167,132.2,45754,850,0,0,0,0.0,4745,188
2026-07-15,120248898278710167,6.27,2207,38,0,0,0,0.0,236,8
2026-07-13,120248898291360167,187.03,65954,773,6,5,3,6.09,20366,139
2026-07-14,120248898291360167,3.3,1472,9,0,0,0,0.0,425,1
2026-07-16,120248898291360167,18.92,4170,94,1,2,0,0.0,930,10
2026-07-17,120248898291360167,4.51,1268,31,0,0,0,0.0,221,2
2026-07-21,120248898291360167,35.79,9397,379,1,1,0,0.0,2949,23
2026-07-22,120248898291360167,3.45,947,44,0,0,0,0.0,276,1
2026-07-15,120248964820460167,130.72,65991,287,3,2,1,1.8,3211,806
2026-07-16,120248964820460167,37.58,27306,54,0,0,0,0.0,1136,319
2026-07-17,120248964820460167,37.74,15585,57,3,0,0,0.0,976,296
2026-07-18,120248964820460167,37.74,12525,74,3,4,1,1.63,918,265
2026-07-19,120248964820460167,48.82,16212,62,4,3,1,1.64,932,290
2026-07-20,120248964820460167,35.47,16162,35,3,1,0,0.0,788,199
2026-07-21,120248964820460167,16.97,3443,12,0,0,0,0.0,203,66
2026-07-22,120248964820460167,2.22,365,0,0,0,0,0.0,18,4
2026-07-17,120249017523680167,9.92,3710,24,0,0,0,0.0,256,70
2026-07-18,120249017523680167,4.23,1469,7,0,0,0,0.0,134,57
2026-07-19,120249017523680167,2.19,596,1,0,0,0,0.0,41,8
2026-07-20,120249017523680167,2.73,730,6,0,0,0,0.0,66,10
2026-07-21,120249017523680167,2.4,501,2,0,0,0,0.0,35,5
2026-07-24,120249017523680167,0.03,3,0,0,0,0,0.0,1,0
2026-07-25,120249017523680167,1.48,336,0,0,0,0,0.0,33,5
2026-07-26,120249017523680167,6.72,1360,1,0,0,0,0.0,122,40
2026-07-27,120249017523680167,1.84,421,0,0,0,0,0.0,18,5
2026-07-28,120249017523680167,25.05,5173,37,1,0,1,1.52,460,139
2026-07-29,120249017523680167,19.6,3477,27,2,2,0,0.0,358,101
2026-07-16,120249017782920167,14.13,3642,79,1,1,0,0.0,1175,18
2026-07-17,120249017782920167,120.74,36973,1092,5,3,0,0.0,12755,141
2026-07-18,120249017782920167,40.96,13872,528,2,1,0,0.0,4801,70
2026-07-19,120249017782920167,13.08,5247,163,2,0,0,0.0,1517,14
2026-07-16,120249017877220167,68.72,20050,481,3,4,2,4.42,3211,62
2026-07-17,120249017877220167,140.86,35873,1378,15,6,4,8.93,8421,185
2026-07-18,120249017877220167,91.35,21400,845,5,2,2,4.86,5843,125
2026-07-19,120249017877220167,75.5,19666,800,6,2,1,2.29,5372,90
2026-07-20,120249017877220167,17.49,4605,173,0,0,0,0.0,1242,20
2026-07-16,120249017985740167,112.71,26048,485,3,2,1,2.21,7703,148
2026-07-17,120249017985740167,75.74,24427,332,0,0,2,4.47,6334,102
2026-07-21,120249017985740167,100.83,22926,590,1,1,0,0.0,7608,197
2026-07-22,120249017985740167,4.01,1075,29,0,0,0,0.0,300,6
2026-07-16,120249018197870167,19.01,5987,47,0,0,0,0.0,709,12
2026-07-17,120249018197870167,3.65,1393,27,0,0,0,0.0,196,4
2026-07-18,120249018197870167,1.51,352,22,0,0,0,0.0,71,3
2026-07-19,120249018197870167,1.13,351,19,0,0,0,0.0,56,1
2026-07-20,120249018197870167,0.83,204,6,0,0,0,0.0,29,1
2026-07-21,120249018197870167,0.49,138,7,0,0,0,0.0,26,0
2026-07-22,120249018197870167,27.64,11592,113,0,0,0,0.0,816,28
2026-07-23,120249018197870167,49.39,22656,254,0,0,0,0.0,1597,65
2026-07-24,120249018197870167,12.36,4804,54,0,0,0,0.0,439,8
2026-07-25,120249018197870167,23.26,9033,103,0,0,0,0.0,812,24
2026-07-26,120249018197870167,17.43,6203,93,1,1,1,2.17,571,14
2026-08-08,120249018197870167,122.98,46050,699,1,0,0,0.0,4621,120
2026-08-09,120249018197870167,0.39,122,2,0,0,0,0.0,19,1
2026-07-16,120249018598560167,48.42,12422,330,2,1,0,0.0,4730,76
2026-07-17,120249018598560167,261.96,64858,3690,6,4,1,2.23,27738,440
2026-07-18,120249018598560167,143.44,34554,2204,2,2,0,0.0,15311,333
2026-07-19,120249018598560167,76.15,20076,1189,3,2,2,4.57,8347,188
2026-07-16,120249019731940167,12.16,2157,70,0,0,0,0.0,632,24
2026-07-17,120249019731940167,1530.16,294395,9266,100,46,21,36.68,85672,3595
2026-07-18,120249019731940167,770.01,170680,5241,53,25,14,22.84,41774,1593
2026-07-19,120249019731940167,399.28,93104,2833,24,10,3,4.92,26252,929
2026-07-20,120249019731940167,309.88,68849,2017,21,9,1,1.71,20305,630
2026-07-21,120249019731940167,126.66,17992,695,17,10,8,13.08,6883,308
2026-07-22,120249019731940167,251.58,38755,1306,22,10,5,8.31,14447,667
2026-07-23,120249019731940167,229.32,32579,1043,18,7,5,8.17,12020,595
2026-07-24,120249019731940167,316.76,46053,1423,31,14,5,8.45,17573,858
2026-07-25,120249019731940167,347.02,54584,1487,40,29,16,26.21,19438,892
2026-07-26,120249019731940167,430.14,72686,2162,45,27,7,11.47,27097,1179
2026-07-27,120249019731940167,459.25,84446,2169,42,29,9,14.94,30835,1168
2026-07-28,120249019731940167,638.35,122456,3010,47,28,9,14.88,44855,1611
2026-07-29,120249019731940167,444.45,89470,2137,42,28,6,9.77,32541,1125
2026-07-30,120249019731940167,438.38,71438,1569,43,26,7,10.97,25463,934
2026-07-31,120249019731940167,188.77,29726,649,31,12,8,12.96,11476,497
2026-08-01,120249019731940167,185.9,32514,824,32,15,2,3.34,12163,561
2026-08-02,120249019731940167,234.24,40989,950,36,19,12,19.67,14534,660
2026-08-03,120249019731940167,284.64,44841,972,27,21,8,12.8,16637,686
2026-08-04,120249019731940167,758.24,112641,2424,73,40,17,27.69,40962,1780
2026-08-05,120249019731940167,1042.17,158945,2932,52,30,6,9.48,55950,2247
2026-08-06,120249019731940167,7789.41,1228030,20601,387,245,80,126.3,367627,13492
2026-08-07,120249019731940167,89.56,13325,229,13,4,5,8.12,3716,123
2026-08-08,120249019731940167,9270.22,1252973,20083,363,228,67,106.66,418918,14553
2026-08-09,120249019731940167,2430.91,323490,5406,100,52,17,27.72,108553,3788
2026-08-10,120249019731940167,2242.84,320025,5576,105,58,24,38.09,103626,3739
2026-08-11,120249019731940167,359.18,47111,886,38,19,12,19.62,15581,585
2026-08-12,120249019731940167,708.36,91435,1757,40,16,4,6.49,29049,1013
2026-08-13,120249019731940167,691.42,79723,1713,47,25,7,12.3,25549,991
2026-08-14,120249019731940167,75.28,7949,156,6,0,1,1.72,2429,92
2026-07-17,120249020624430167,37.95,12854,161,4,0,1,2.23,3483,60
2026-07-18,120249020624430167,99.02,34116,467,6,4,1,2.43,9414,134
2026-07-19,120249020624430167,167.85,63063,670,12,9,2,4.57,15784,216
2026-07-20,120249020624430167,184.36,58634,600,20,11,4,9.1,16053,261
2026-07-17,120249020669720167,0.04,22,0,0,0,0,0.0,2,0
2026-07-18,120249020669720167,0.06,20,0,0,0,0,0.0,2,0
2026-07-19,120249020669720167,0.07,16,0,0,0,0,0.0,4,0
2026-07-20,120249020669720167,0.04,5,0,0,0,0,0.0,3,0
2026-07-21,120249020669720167,0.05,17,0,0,0,0,0.0,8,0
2026-07-23,120249020669720167,7.75,2279,29,0,0,0,0.0,374,43
2026-07-24,120249020669720167,1.59,272,5,0,0,0,0.0,52,4
2026-07-25,120249020669720167,1.18,362,2,0,0,0,0.0,51,7
2026-07-26,120249020669720167,1.69,427,8,0,0,0,0.0,69,2
2026-07-27,120249020669720167,0.79,230,4,0,0,0,0.0,34,3
2026-07-28,120249020669720167,3.94,775,13,0,0,0,0.0,205,39
2026-07-29,120249020669720167,0.61,77,0,0,0,0,0.0,20,5
2026-07-30,120249020669720167,0.03,17,0,0,0,0,0.0,5,2
2026-07-31,120249020669720167,21.17,10214,79,0,0,0,0.0,686,40
2026-08-01,120249020669720167,67.77,33121,234,0,0,0,0.0,2908,112
2026-08-02,120249020669720167,199.71,74389,576,5,0,0,0.0,7830,394
2026-08-03,120249020669720167,4.69,1635,14,0,0,0,0.0,167,10
2026-07-17,120249020714940167,0.04,15,0,0,0,0,0.0,2,0
2026-07-18,120249020714940167,0.04,10,0,0,0,0,0.0,0,0
2026-07-19,120249020714940167,0.04,6,0,0,0,0,0.0,2,0
2026-07-21,120249020714940167,0.09,9,0,0,0,0,0.0,0,0
2026-07-23,120249020714940167,7.76,1870,21,0,0,0,0.0,231,5
2026-07-24,120249020714940167,2.22,761,7,0,0,0,0.0,76,3
2026-07-25,120249020714940167,1.79,580,9,0,0,0,0.0,61,2
2026-07-26,120249020714940167,1.9,522,9,0,0,0,0.0,104,3
2026-07-27,120249020714940167,1.93,430,11,0,0,0,0.0,116,1
2026-07-28,120249020714940167,3.15,745,10,2,1,1,1.96,122,3
2026-07-29,120249020714940167,1.5,354,3,0,0,0,0.0,52,1
2026-07-30,120249020714940167,0.12,78,0,0,0,0,0.0,8,0
2026-07-31,120249020714940167,15.02,6593,68,0,0,0,0.0,655,16
2026-08-01,120249020714940167,55.75,23924,252,2,1,1,1.91,2162,58
2026-08-02,120249020714940167,54.12,19611,200,3,3,2,3.84,1767,64
2026-08-03,120249020714940167,170.09,38313,445,6,1,2,3.88,4791,182
2026-08-04,120249020714940167,521.94,117771,1142,29,19,3,6.33,14933,407
2026-08-05,120249020714940167,695.64,133110,991,26,12,6,12.11,19180,459
2026-08-06,120249020714940167,577.27,107284,795,23,11,4,8.4,16324,389
2026-08-07,120249020714940167,768.96,136967,1221,37,27,10,20.78,18932,601
2026-08-08,120249020714940167,240.9,48261,394,13,11,6,12.07,6551,142
2026-08-09,120249020714940167,0.2,28,1,0,0,0,0.0,3,0
2026-07-17,120249020715110167,0.03,11,0,0,0,0,0.0,1,0
2026-07-18,120249020715110167,0.12,33,1,0,0,0,0.0,5,1
2026-07-19,120249020715110167,0.3,72,0,0,0,0,0.0,11,1
2026-07-20,120249020715110167,0.03,9,0,0,0,0,0.0,1,0
2026-07-21,120249020715110167,0.08,15,0,0,0,0,0.0,4,0
2026-07-22,120249020715110167,39.6,13803,137,1,0,0,0.0,1464,33
2026-07-23,120249020715110167,42.3,15336,150,1,1,1,2.45,1632,40
2026-07-24,120249020715110167,11.77,4853,41,0,0,0,0.0,519,14
2026-07-25,120249020715110167,21.56,9959,106,0,0,0,0.0,819,18
2026-07-26,120249020715110167,12.06,5088,59,0,0,0,0.0,512,21
2026-07-27,120249020715110167,79.49,32020,332,2,2,0,0.0,3194,86
2026-07-28,120249020715110167,0.06,52,0,0,0,0,0.0,5,0
2026-07-19,120249069884080167,833.94,205093,4346,21,8,4,6.56,41188,970
2026-07-20,120249069884080167,658.67,157785,3090,23,10,3,5.14,29778,649
2026-07-21,120249069884080167,384.59,79054,1571,16,8,4,6.54,14634,410
2026-07-19,120249069900960167,1.0,419,3,0,0,0,0.0,32,8
2026-07-20,120249069900960167,8.05,2119,6,0,0,0,0.0,145,34
2026-07-21,120249069900960167,2.27,324,0,0,0,0,0.0,19,3
2026-07-24,120249069900960167,1.13,200,0,0,0,0,0.0,23,3
2026-07-25,120249069900960167,8.82,1502,8,0,0,0,0.0,142,35
2026-07-26,120249069900960167,4.72,792,9,1,0,0,0.0,83,23
2026-07-19,120249069928080167,2.51,536,15,0,0,0,0.0,115,2
2026-07-20,120249069928080167,54.71,11670,644,1,1,0,0.0,4119,29
2026-07-21,120249069928080167,132.5,30168,1352,0,0,0,0.0,9600,78
2026-07-22,120249069928080167,1.27,405,17,0,0,0,0.0,95,0
2026-07-19,120249069950380167,24.16,5722,191,0,0,0,0.0,1394,12
2026-07-20,120249069950380167,49.76,13983,379,3,2,0,0.0,3150,37
2026-07-21,120249069950380167,146.2,50475,764,0,0,0,0.0,8914,163
2026-07-22,120249069950380167,4.16,1744,26,0,0,0,0.0,283,7
2026-07-19,120249069969790167,104.03,24223,585,1,1,0,0.0,8494,112
2026-07-20,120249069969790167,188.02,42451,1295,7,5,1,2.27,14387,195
2026-07-21,120249069969790167,3.72,738,22,1,0,0,0.0,211,1
2026-07-19,120249069983680167,51.14,8805,273,5,5,0,0.0,2480,46
2026-07-20,120249069983680167,48.31,8484,328,3,3,0,0.0,2548,51
2026-07-21,120249069983680167,158.91,29937,646,6,7,4,9.85,6586,158
2026-07-22,120249069983680167,500.22,119843,1785,15,7,0,0.0,20378,515
2026-07-23,120249069983680167,110.65,32427,469,2,2,3,7.34,4399,114
2026-07-24,120249069983680167,23.33,5922,136,0,0,0,0.0,1169,17
2026-07-25,120249069983680167,35.03,10648,165,0,0,0,0.0,1675,32
2026-07-26,120249069983680167,44.89,15913,203,0,0,0,0.0,2014,26
2026-07-20,120249089547390167,915.87,175413,6995,18,11,3,4.63,65628,1599
2026-07-21,120249089547390167,305.16,49525,2137,6,3,2,3.07,19432,572
2026-07-22,120249089547390167,323.3,55804,2562,12,7,5,7.78,21881,636
2026-07-23,120249089547390167,197.77,35292,1678,5,2,0,0.0,13387,420
2026-07-20,120249089572460167,1221.81,267434,5072,39,16,8,13.71,56447,1415
2026-07-20,120249089633250167,362.86,80547,2547,21,5,1,1.54,20039,909
2026-07-21,120249089633250167,179.47,25983,1015,19,2,1,1.53,9896,531
2026-07-22,120249089633250167,104.69,14165,498,11,6,0,0.0,5052,285
2026-07-23,120249089633250167,48.61,7752,275,10,3,1,1.63,2885,148
2026-07-20,120249105317450167,155.74,38999,1035,,,,,,
2026-07-21,120249105317450167,633.26,157175,4032,27,13,3,4.6,42840,742
2026-07-22,120249105317450167,128.16,36120,923,3,1,0,0.0,9344,113
2026-07-23,120249105317450167,57.32,16512,424,1,0,0,0.0,4064,45
2026-07-20,120249105347140167,651.32,186102,1617,,,,,,
2026-07-21,120249105347140167,2229.91,575616,4598,146,87,42,68.7,141845,2651
2026-07-22,120249105347140167,2133.68,663493,5393,98,57,27,44.89,130726,2886
2026-07-23,120249105347140167,2111.75,695074,5946,93,49,15,24.51,118300,3378
2026-07-24,120249105347140167,2134.84,603268,5041,98,57,25,42.23,125180,3975
2026-07-25,120249105347140167,1226.95,379983,2991,69,42,16,26.21,72933,1651
2026-07-26,120249105347140167,1788.49,617834,5112,57,38,15,24.58,104150,2599
2026-07-27,120249105347140167,922.55,305792,2750,44,22,7,11.62,51227,1436
2026-07-28,120249105347140167,588.41,228645,1785,13,8,6,9.92,38950,838
2026-07-29,120249105347140167,425.76,183167,1387,21,10,1,1.63,28093,629
2026-07-30,120249105347140167,0.02,21,0,2,0,0,0.0,4,0
2026-08-04,120249105347140167,150.4,40194,315,3,1,0,0.0,10583,219
2026-08-05,120249105347140167,32.14,7760,57,3,1,1,1.58,2036,52
2026-08-09,120249105347140167,943.48,189497,1996,25,20,7,11.41,59150,2319
2026-08-10,120249105347140167,1918.22,382283,3234,90,59,19,30.15,110914,3651
2026-08-11,120249105347140167,549.91,111486,901,19,10,4,6.54,33540,1286
2026-08-12,120249105347140167,708.15,135967,965,27,23,5,8.11,38009,1118
2026-08-13,120249105347140167,1447.78,294376,2501,64,33,11,19.33,80899,2516
2026-07-21,120249114098820167,284.78,69223,3021,8,6,1,1.53,25150,155
2026-07-22,120249114098820167,367.43,96505,3973,7,3,1,1.56,38330,245
2026-07-23,120249114098820167,161.62,46900,2014,3,0,0,0.0,18937,104
2026-07-21,120249135201100167,111.58,27420,608,1,0,0,0.0,6299,143
2026-07-22,120249135201100167,569.53,150891,3825,10,1,0,0.0,39479,662
2026-07-23,120249135201100167,235.05,60594,1728,7,5,0,0.0,15884,216
2026-07-24,120249135201100167,439.18,118606,3074,9,3,1,1.48,30898,415
2026-07-25,120249135201100167,370.73,106228,2569,6,3,0,0.0,25230,311
2026-07-26,120249135201100167,74.6,22695,685,0,0,0,0.0,5146,50
2026-07-23,120249176070740167,28.66,6444,108,3,4,4,9.78,1039,48
2026-07-24,120249176070740167,21.93,3227,92,1,0,0,0.0,1428,267
2026-07-25,120249176070740167,7.16,1189,51,0,0,0,0.0,317,34
2026-07-26,120249176070740167,6.3,1116,47,0,0,0,0.0,257,32
2026-07-27,120249176070740167,46.42,10073,305,1,1,0,0.0,1662,180
2026-07-28,120249176070740167,42.58,10425,216,0,0,0,0.0,1953,94
2026-07-29,120249176070740167,2.73,777,16,0,0,0,0.0,162,9
2026-07-23,120249176071730167,21.73,4594,69,5,6,1,2.45,748,42
2026-07-24,120249176071730167,50.03,9792,172,14,12,3,7.17,1978,174
2026-07-25,120249176071730167,65.26,16195,195,17,10,3,7.01,2737,110
2026-07-26,120249176071730167,154.94,45951,443,28,14,5,10.86,7143,259
2026-07-23,120249176072350167,7.27,2066,20,0,0,0,0.0,270,14
2026-07-24,120249176072350167,15.38,3120,43,0,0,0,0.0,797,82
2026-07-25,120249176072350167,8.94,2856,35,1,0,1,2.34,359,21
2026-07-26,120249176072350167,9.05,3026,41,0,0,0,0.0,425,28
2026-07-27,120249176072350167,33.75,10504,158,0,0,0,0.0,1693,131
2026-07-28,120249176072350167,24.02,10088,120,2,0,0,0.0,1529,57
2026-07-29,120249176072350167,14.95,4699,59,0,0,0,0.0,825,34
2026-07-30,120249176072350167,1.43,498,3,0,0,0,0.0,70,1
2026-07-31,120249176072350167,24.24,7952,93,0,0,0,0.0,1092,61
2026-08-01,120249176072350167,78.56,29302,322,5,4,2,3.82,4035,157
2026-08-02,120249176072350167,0.87,308,3,0,0,0,0.0,38,0
2026-08-08,120249176072350167,9.99,5584,38,0,0,0,0.0,1030,9
2026-08-09,120249176072350167,0.01,2,0,0,0,0,0.0,0,0
2026-07-23,120249176072690167,1.7,312,4,0,0,0,0.0,53,2
2026-07-24,120249176072690167,2.51,573,4,0,0,0,0.0,154,11
2026-07-25,120249176072690167,2.61,819,11,0,0,0,0.0,125,6
2026-07-26,120249176072690167,1.6,427,7,0,0,0,0.0,84,4
2026-07-27,120249176072690167,0.86,182,5,0,0,0,0.0,40,2
2026-07-28,120249176072690167,0.06,7,0,0,0,0,0.0,0,0
2026-07-29,120249176072690167,0.19,37,2,0,0,0,0.0,8,1
2026-07-30,120249176072690167,0.05,11,0,0,0,0,0.0,2,0
2026-08-01,120249176072690167,4.82,2122,10,0,0,0,0.0,306,10
2026-08-02,120249176072690167,76.47,37050,277,2,1,0,0.0,4667,142
2026-08-03,120249176072690167,332.55,96905,1263,2,1,2,3.88,14208,730
2026-08-04,120249176072690167,2.93,465,10,0,0,0,0.0,71,4
2026-07-23,120249176075550167,401.85,98306,3964,45,25,9,22.01,39601,202
2026-07-24,120249176075550167,467.07,121747,4863,19,12,6,14.34,46410,191
2026-07-25,120249176075550167,347.89,99230,3669,13,10,3,7.01,35895,148
2026-07-26,120249176075550167,217.3,72360,2701,17,10,3,6.52,24299,86
2026-07-23,120249176077580167,54.69,10755,196,3,2,1,2.45,1706,23
2026-07-24,120249176077580167,66.68,11588,253,7,4,2,4.78,2008,21
2026-07-25,120249176077580167,56.61,11282,196,2,2,2,4.67,1749,21
2026-07-26,120249176077580167,62.61,13457,215,7,2,0,0.0,1903,20
2026-07-27,120249176077580167,384.03,93062,1266,23,17,8,16.61,13062,156
2026-07-28,120249176077580167,542.43,146071,1976,34,23,15,29.43,18870,235
2026-07-29,120249176077580167,856.33,252510,3541,25,14,7,13.74,24219,321
2026-07-30,120249176077580167,433.64,129830,2089,9,1,1,1.98,8957,147
2026-07-31,120249176077580167,550.14,147442,2249,19,11,0,0.0,13253,198
2026-08-01,120249176077580167,356.14,85262,1015,33,20,4,7.65,12219,114
2026-08-02,120249176077580167,250.95,69912,811,8,6,4,7.69,8174,72
2026-07-23,120249190061250167,24.84,5093,123,0,0,0,0.0,1010,23
2026-07-24,120249190061250167,179.25,38498,663,5,3,2,2.95,6960,189
2026-07-25,120249190061250167,46.53,10356,202,1,0,0,0.0,1920,51
2026-07-26,120249190061250167,84.09,25805,340,0,0,0,0.0,3404,60
2026-07-27,120249190061250167,48.04,16880,195,0,0,0,0.0,1931,38
2026-07-26,120249242631140167,309.17,81700,2668,16,8,4,6.55,28461,168
2026-07-27,120249242631140167,1511.0,455458,11827,65,41,15,24.91,120361,551
2026-07-28,120249242631140167,1374.44,431317,8462,50,28,9,14.88,108519,520
2026-07-29,120249242631140167,348.99,93985,2406,23,7,3,4.89,30568,119
2026-07-26,120249242654880167,291.14,66441,730,33,13,3,4.92,12851,558
2026-07-27,120249242654880167,876.62,223682,1913,108,71,23,38.19,39019,1335
2026-07-28,120249242654880167,837.81,210029,1611,78,56,17,28.1,37374,1320
2026-07-29,120249242654880167,732.83,203954,1516,70,48,22,35.83,36156,1219
2026-07-30,120249242654880167,450.0,116797,889,51,36,15,23.5,20979,718
2026-07-31,120249242654880167,133.3,36738,282,16,8,3,4.86,6801,229
2026-08-01,120249242654880167,186.2,54410,430,24,16,4,6.68,10910,339
2026-08-02,120249242654880167,300.34,89850,759,42,33,5,8.2,16283,538
2026-08-03,120249242654880167,902.85,233360,1909,82,52,16,25.6,45777,1620
2026-08-04,120249242654880167,2882.17,656575,5670,245,141,31,50.49,135323,5042
2026-08-05,120249242654880167,693.99,146887,1145,46,26,5,7.9,30101,945
2026-08-06,120249242654880167,0.69,158,0,2,0,2,3.16,23,0
2026-08-09,120249242654880167,575.77,115193,1215,34,21,12,19.57,22219,819
2026-08-10,120249242654880167,3199.23,606833,5465,175,111,31,49.2,121508,4431
2026-08-11,120249242654880167,983.09,199750,1709,77,43,14,22.89,40299,1479
2026-08-12,120249242654880167,1412.71,244557,2135,74,42,18,29.21,47853,1787
2026-08-13,120249242654880167,2310.87,411404,3746,127,75,23,40.42,78925,3032
2026-08-14,120249242654880167,1750.73,283162,3906,119,82,16,27.54,57890,3333
2026-08-15,120249242654880167,1862.31,327954,3599,108,75,19,33.7,62623,2924
2026-08-16,120249242654880167,2522.66,464643,5138,125,79,12,22.68,86088,4148
2026-08-17,120249242654880167,3211.1,631427,7344,151,105,34,65.33,118133,6018
2026-08-18,120249242654880167,1755.36,314520,4637,73,45,13,25.69,61510,3647
2026-08-19,120249242654880167,2492.15,503481,5915,98,84,21,41.43,93653,4390
2026-08-20,120249242654880167,3013.57,651567,8387,149,97,33,65.64,121152,6609
2026-09-01,120249242654880167,101.34,22043,890,2,0,0,0.0,6087,1103
2026-09-02,120249242654880167,288.76,64840,1725,30,19,6,10.55,12565,1442
2026-09-03,120249242654880167,694.51,145660,1918,45,29,17,26.86,25292,1141
2026-09-04,120249242654880167,626.56,129719,1566,50,38,10,13.47,23310,1077
2026-09-05,120249242654880167,781.69,167457,2157,43,19,10,13.16,28247,1526
2026-09-06,120249242654880167,488.54,101690,1600,49,31,12,15.47,18053,1197
2026-09-15,120249242654880167,1367.7,310730,5162,146,79,32,36.77,62000,4373
2026-07-26,120249248763350167,9.52,2184,46,0,0,0,0.0,444,14
2026-07-27,120249248763350167,15.88,3513,77,0,0,0,0.0,734,18
2026-07-28,120249315126190167,4.72,736,3,0,0,0,0.0,169,3
2026-07-29,120249315126190167,225.65,39637,462,20,17,7,11.4,7515,95
2026-07-30,120249315126190167,1094.93,295085,3570,41,30,14,21.93,34908,492
2026-07-31,120249315126190167,365.13,119088,1406,13,6,3,4.86,12020,128
2026-08-01,120249315126190167,27.78,8599,98,3,1,0,0.0,1098,5
2026-08-02,120249315126190167,0.28,72,0,0,3,3,4.92,6,0
2026-08-04,120249315126190167,195.14,63792,835,3,0,0,0.0,8255,59
2026-08-05,120249315126190167,339.64,67602,861,13,10,1,1.58,12138,126
2026-08-06,120249315126190167,0.01,5,0,1,1,0,0.0,1,0
2026-08-08,120249315126190167,557.01,140012,2011,17,10,2,3.18,16812,173
2026-08-09,120249315126190167,272.96,58002,728,23,9,4,6.52,8502,74
2026-08-09,120249469567010167,7.24,1574,26,0,0,0,0.0,389,12
2026-08-10,120249469567010167,34.7,9959,114,1,2,0,0.0,1904,58
2026-08-11,120249469567010167,49.12,11439,157,3,4,0,0.0,2337,116
2026-08-12,120249469567010167,105.84,22373,275,8,6,4,10.87,4726,153
2026-08-13,120249469567010167,181.66,29698,319,13,8,2,5.47,6308,129
2026-08-14,120249469567010167,29.12,3496,75,6,2,1,2.66,883,35
2026-08-15,120249469567010167,129.08,18629,277,17,9,5,13.41,4384,139
2026-08-16,120249469567010167,154.04,24243,321,16,10,4,9.62,5045,156
2026-08-17,120249469567010167,249.81,44627,487,17,10,5,12.05,8584,237
2026-08-18,120249469567010167,193.27,41094,358,9,3,0,0.0,7097,217
2026-08-19,120249469567010167,174.28,40829,317,12,11,5,11.4,6848,154
2026-08-20,120249469567010167,497.15,114121,997,22,18,8,17.36,19937,507
2026-08-09,120249469567030167,5.0,1211,27,0,0,0,0.0,282,14
2026-08-10,120249469567030167,14.88,5492,79,0,0,0,0.0,938,66
2026-08-11,120249469567030167,13.36,4172,60,0,0,0,0.0,693,39
2026-08-12,120249469567030167,34.61,8800,143,0,0,0,0.0,1767,94
2026-08-13,120249469567030167,58.22,11829,144,1,0,0,0.0,1964,66
2026-08-14,120249469567030167,4.07,651,33,0,0,0,0.0,206,25
2026-08-15,120249469567030167,15.54,3093,52,0,0,0,0.0,625,29
2026-08-16,120249469567030167,18.8,4072,85,2,0,0,0.0,874,45
2026-08-17,120249469567030167,0.16,38,1,0,0,0,0.0,13,0
2026-08-08,120249469567140167,1.82,458,7,0,0,0,0.0,132,3
2026-08-09,120249469567140167,3.35,912,10,0,0,0,0.0,153,2
2026-08-10,120249469567140167,221.92,44007,478,4,5,0,0.0,11296,189
2026-08-11,120249469567140167,7.18,1434,10,0,0,0,0.0,389,10
2026-08-09,120249469567200167,15.18,4846,79,0,0,0,0.0,788,65
2026-08-10,120249469567200167,49.18,9894,144,2,2,0,0.0,2417,174
2026-08-11,120249469567200167,418.49,81566,1031,16,5,1,2.86,18159,1091
2026-08-12,120249469567200167,359.21,80872,782,17,8,6,16.3,15919,575
2026-08-13,120249469567200167,142.84,25504,284,6,7,3,8.2,4644,166
2026-08-14,120249469567200167,16.05,1774,122,3,2,0,0.0,604,64
2026-08-15,120249469567200167,33.95,4020,140,3,2,0,0.0,1040,74
2026-08-16,120249469567200167,34.49,4138,106,1,1,0,0.0,964,72
2026-08-17,120249469567200167,55.35,8037,222,2,0,0,0.0,2068,138
2026-08-08,120249469568100167,14.89,16561,63,0,0,0,0.0,0,0
2026-08-09,120249469568100167,0.84,1134,5,0,0,0,0.0,0,0
2026-08-10,120249469568100167,14.1,17223,67,0,0,0,0.0,0,0
2026-08-11,120249469568100167,16.73,13607,75,1,1,0,0.0,0,0
2026-08-12,120249469568100167,29.26,36436,109,0,0,0,0.0,0,0
2026-08-13,120249469568100167,97.15,50809,300,1,0,0,0.0,0,0
2026-08-14,120249469568100167,0.33,92,2,0,0,0,0.0,0,0
2026-08-08,120249641611010167,5.7,2191,32,0,0,0,0.0,340,4
2026-08-09,120249641611010167,5.55,1083,32,0,0,0,0.0,158,3
2026-08-10,120249641611010167,61.75,16460,262,1,0,0,0.0,2018,52
2026-08-11,120249641611010167,29.59,10514,142,0,0,0,0.0,894,22
2026-08-12,120249641611010167,271.23,80752,1053,1,0,0,0.0,7938,159
2026-08-13,120249641611010167,11.53,3708,39,0,0,0,0.0,266,12
2026-08-08,120249641651420167,50.59,18527,359,0,0,0,0.0,3273,41
2026-08-09,120249641651420167,44.19,12654,383,1,0,0,0.0,2076,20
2026-08-10,120249641651420167,154.62,44582,1043,2,1,1,2.43,7111,85
2026-08-11,120249641651420167,2.74,815,18,0,0,0,0.0,104,0
2026-08-08,120249641692540167,82.08,24162,1304,2,2,0,0.0,11155,225
2026-08-09,120249641692540167,124.52,34345,1863,6,4,1,2.25,14757,228
2026-08-10,120249641692540167,0.69,145,18,0,0,0,0.0,74,2
2026-08-08,120249641760720167,14.86,3595,223,0,0,0,0.0,1791,1
2026-08-09,120249641760720167,270.82,73752,5271,0,0,0,0.0,32378,116
2026-08-10,120249641760720167,1.73,491,35,1,0,0,0.0,218,1
2026-08-08,120249641997610167,66.19,10567,176,3,1,0,0.0,2051,52
2026-08-09,120249641997610167,62.71,6691,139,1,1,2,3.4,1399,35
2026-08-10,120249641997610167,34.7,3470,72,0,0,0,0.0,764,13
2026-08-11,120249641997610167,33.2,3593,52,1,1,0,0.0,771,20
2026-08-12,120249641997610167,25.92,3048,33,1,0,0,0.0,700,17
2026-08-13,120249641997610167,23.96,2879,41,4,0,1,2.24,606,16
2026-08-14,120249641997610167,25.95,2556,65,2,0,0,0.0,623,13
2026-08-15,120249641997610167,72.9,8393,216,5,1,0,0.0,2635,61
2026-08-16,120249641997610167,51.93,5781,152,0,2,1,2.69,1804,59
2026-08-17,120249641997610167,30.9,3196,90,1,0,0,0.0,900,23
2026-08-18,120249641997610167,2.58,355,10,0,0,0,0.0,111,2
2026-08-08,120249642037430167,357.8,94471,924,16,6,2,3.42,14508,497
2026-08-09,120249642037430167,186.68,36888,411,15,7,0,0.0,6545,301
2026-08-10,120249642037430167,55.02,8658,152,7,6,3,5.41,2058,168
2026-08-09,120249652815090167,726.49,180075,2182,7,4,3,4.89,21020,504
2026-08-10,120249701534270167,156.08,44829,551,1,1,0,0.0,6919,187
2026-08-11,120249701534270167,3626.07,812543,13160,155,77,27,44.15,163911,5958
2026-08-12,120249701534270167,2807.27,500036,7475,126,74,30,48.68,118874,4416
2026-08-13,120249701534270167,1008.98,146613,2108,55,30,7,12.3,37789,1432
2026-09-01,120249701534270167,34.99,7074,126,0,0,0,0.0,1317,62
2026-09-02,120249701534270167,548.64,119052,2423,24,20,8,14.07,23901,759
2026-09-03,120249701534270167,884.44,174210,3576,38,24,4,6.32,42799,1636
2026-09-04,120249701534270167,876.93,146232,2330,61,41,9,12.13,43282,1881
2026-09-05,120249701534270167,528.65,92594,1572,36,17,9,11.84,25043,1053
2026-09-06,120249701534270167,758.9,151996,2709,40,16,8,10.31,40529,1422
2026-09-07,120249701534270167,884.68,169934,2739,57,32,13,15.96,44641,1443
2026-09-08,120249701534270167,971.43,171932,3236,39,14,12,13.81,43521,1425
2026-09-09,120249701534270167,1235.59,221668,6653,51,23,11,12.69,49973,1321
2026-09-10,120249701534270167,836.31,151530,4138,37,15,4,4.55,35091,1086
2026-09-11,120249701534270167,450.66,80580,2074,20,11,5,5.75,20258,795
2026-09-12,120249701534270167,261.07,51050,1688,12,8,5,5.91,11630,487
2026-09-13,120249701534270167,190.14,36408,1164,11,8,1,1.19,8853,340
2026-08-13,120249779562090167,77.11,22531,222,0,0,0,0.0,2645,52
2026-08-14,120249779562090167,185.58,49615,646,11,6,3,7.99,6821,186
2026-08-15,120249779562090167,102.02,18399,209,5,3,0,0.0,4160,96
2026-08-16,120249779562090167,67.38,10692,118,5,3,1,2.41,2654,70
2026-08-17,120249779562090167,56.55,9803,130,4,1,0,0.0,2399,62
2026-08-13,120249779562110167,2.03,501,10,0,0,0,0.0,98,7
2026-08-14,120249779562110167,130.14,27141,1035,12,6,0,0.0,9413,1091
2026-08-15,120249779562110167,209.03,40842,543,7,5,2,5.36,15450,885
2026-08-16,120249779562110167,186.28,32569,427,15,6,3,7.22,11507,625
2026-08-17,120249779562110167,127.3,21317,271,7,7,3,7.23,7314,420
2026-08-13,120249779562130167,1.37,228,3,0,0,0,0.0,43,0
2026-08-14,120249779562130167,45.54,9506,281,0,0,0,0.0,2171,48
2026-08-15,120249779562130167,82.19,16236,245,6,2,1,2.68,4178,71
2026-08-16,120249779562130167,48.34,9527,93,0,1,0,0.0,2340,41
2026-08-17,120249779562130167,0.23,75,1,0,0,0,0.0,17,1
2026-08-13,120249779562150167,1.22,373,2,0,0,0,0.0,144,3
2026-08-14,120249779562150167,39.31,10175,246,2,0,0,0.0,2547,32
2026-08-15,120249779562150167,76.2,16167,308,3,1,0,0.0,3647,40
2026-08-16,120249779562150167,49.81,8760,107,6,4,3,7.22,2261,33
2026-08-17,120249779562150167,74.93,12652,155,8,2,0,0.0,3406,23
2026-08-18,120249779562150167,355.95,61222,764,20,15,9,19.18,17264,149
2026-08-19,120249779562150167,338.09,72194,895,12,4,3,6.84,19323,191
2026-08-20,120249779562150167,334.21,80409,1249,17,6,4,8.68,19971,225
2026-08-21,120249779562150167,22.8,3791,305,1,0,0,0.0,1627,20
2026-08-22,120249779562150167,23.34,8384,69,1,1,0,0.0,2315,14
2026-08-23,120249779562150167,92.36,28018,390,3,1,1,2.22,7230,66
2026-08-24,120249779562150167,103.66,22211,551,5,0,0,0.0,6231,63
2026-08-25,120249779562150167,67.39,11438,499,0,0,0,0.0,3733,32
2026-08-13,120249779562330167,23.69,8282,84,1,1,0,0.0,965,22
2026-08-14,120249779562330167,122.16,37728,504,0,0,0,0.0,4302,100
2026-08-15,120249779562330167,14.65,2528,63,0,0,0,0.0,623,16
2026-08-16,120249779562330167,0.08,15,0,0,0,0,0.0,1,0
2026-08-14,120249784171630167,2199.32,508028,4463,93,56,13,22.38,86585,2078
2026-08-15,120249784171630167,1353.51,221363,2038,64,42,7,12.42,49914,1188
2026-08-16,120249784171630167,986.68,155210,1686,55,32,14,26.47,38957,946
2026-08-17,120249784171630167,1289.15,205985,2414,53,27,7,13.45,49886,1245
2026-08-18,120249784171630167,784.46,109983,1661,32,20,6,11.86,27378,741
2026-08-19,120249784171630167,968.72,160263,1839,60,32,5,9.86,37315,966
2026-08-20,120249784171630167,471.98,78164,1114,29,27,12,23.87,17923,497
2026-08-14,120249784181830167,926.76,231718,2708,8,6,4,6.88,33518,675
2026-08-15,120249784181830167,443.62,81801,1285,9,6,0,0.0,17253,389
2026-08-16,120249784181830167,178.83,32734,693,1,1,0,0.0,7740,176
2026-08-17,120249784181830167,198.43,35694,927,4,3,1,1.92,10421,251
2026-08-18,120249784181830167,83.21,13937,672,2,1,0,0.0,4521,98
2026-08-19,120249784181830167,128.68,31116,539,0,0,0,0.0,7901,157
2026-08-20,120249784181830167,95.23,22624,471,5,3,3,5.97,5367,106
2026-08-14,120249784194200167,1962.82,394675,3821,128,91,41,70.57,133074,6247
2026-08-15,120249784194200167,2105.47,382566,3473,117,61,17,30.15,129508,5974
2026-08-16,120249784194200167,1766.65,289298,3170,98,55,26,49.15,99370,5022
2026-08-17,120249784194200167,1694.35,259639,3673,91,61,15,28.82,93090,5678
2026-08-18,120249784194200167,730.2,98107,2384,44,28,11,21.73,39274,3216
2026-08-19,120249784194200167,883.78,140197,2499,44,29,12,23.67,52577,3474
2026-08-20,120249784194200167,589.3,99016,2204,37,27,8,15.91,36237,2853
2026-08-21,120249784194200167,245.61,34417,857,11,7,7,13.51,13191,1129
2026-08-22,120249784194200167,383.99,72206,774,24,14,3,6.03,23047,1203
2026-08-23,120249784194200167,927.43,172244,2084,47,22,4,7.93,51513,2677
2026-08-24,120249784194200167,1101.63,191313,2562,36,24,13,26.45,56224,3209
2026-08-25,120249784194200167,1716.53,348157,3905,58,39,8,16.6,96303,5049
2026-09-01,120249784194200167,37.55,12880,223,0,0,0,0.0,3909,301
2026-09-02,120249784194200167,57.83,11593,313,4,5,1,1.76,3227,370
2026-09-03,120249784194200167,195.64,39279,668,15,13,2,3.16,10111,695
2026-09-04,120249784194200167,164.58,27130,496,4,2,0,0.0,8934,736
2026-09-05,120249784194200167,57.45,9645,120,4,1,0,0.0,3158,191
2026-09-06,120249784194200167,47.08,8756,313,1,1,0,0.0,3353,419
2026-09-10,120249784194200167,20.1,3664,167,2,1,1,1.14,1396,216
2026-08-17,120249859615790167,1317.17,408248,3438,10,9,4,7.69,50043,1292
2026-08-18,120249859615790167,2682.63,679737,6206,77,42,23,45.45,96723,2853
2026-08-19,120249859615790167,1476.65,354208,3430,73,49,16,31.56,59335,1709
2026-08-20,120249859615790167,105.42,19547,239,7,4,5,9.94,3542,130
2026-09-02,120249859615790167,180.64,49155,863,10,4,1,1.76,9053,373
2026-09-03,120249859615790167,434.03,126585,1481,18,10,11,17.38,18882,709
2026-09-04,120249859615790167,101.53,21562,226,6,8,3,4.04,4075,123
2026-09-05,120249859615790167,97.04,20022,179,2,1,1,1.32,3783,114
2026-09-06,120249859615790167,58.28,13056,529,1,1,0,0.0,3428,293
2026-09-07,120249859615790167,283.39,69111,1637,24,20,5,6.14,16017,966
2026-09-08,120249859615790167,439.09,100543,2090,15,12,7,8.06,23110,1239
2026-09-09,120249859615790167,185.28,36834,1856,18,14,8,9.23,11554,1156
2026-09-10,120249859615790167,277.83,54179,2389,20,9,3,3.42,16029,1519
2026-09-11,120249859615790167,237.45,47426,1347,15,11,5,5.75,11783,752
2026-09-12,120249859615790167,256.78,53711,2624,30,16,6,7.09,15792,1253
2026-09-13,120249859615790167,309.99,62706,1701,20,9,8,9.53,14261,957
2026-09-14,120249859615790167,384.67,73090,1861,26,13,8,9.72,16452,1164
2026-09-15,120249859615790167,183.12,36799,899,9,6,0,0.0,7966,501
2026-08-20,120249917976060167,136.52,52343,571,0,0,0,0.0,6915,212
2026-08-21,120249917976060167,343.8,92237,1093,20,5,2,6.5,16133,405
2026-08-22,120249917976060167,508.7,143836,1362,29,16,2,4.46,24405,517
2026-08-23,120249917976060167,311.13,68865,736,15,7,2,4.47,12394,319
2026-08-24,120249917976060167,388.08,79492,798,23,8,2,4.64,14076,369
2026-08-25,120249917976060167,543.13,108421,1322,25,18,7,14.12,19329,624
2026-08-26,120249917976060167,490.71,100245,1435,26,12,8,14.63,17056,671
2026-08-27,120249917976060167,1008.41,246486,2321,37,22,10,17.44,39364,1055
2026-08-28,120249917976060167,659.48,165704,1698,39,18,6,10.72,27279,820
2026-08-29,120249917976060167,566.82,116863,1459,28,18,4,7.38,22552,752
2026-08-30,120249917976060167,542.09,108769,1386,27,16,5,9.31,20129,724
2026-08-31,120249917976060167,380.12,81390,1091,28,12,4,7.51,13976,561
2026-09-01,120249917976060167,360.31,77949,2013,25,16,7,13.28,18136,1194
2026-09-02,120249917976060167,67.6,12383,212,7,3,1,1.91,2619,122
2026-09-03,120249917976060167,152.59,26612,204,12,5,1,1.83,5113,133
2026-09-04,120249917976060167,327.59,59204,469,27,15,4,7.28,11124,256
2026-09-05,120249917976060167,368.02,75009,573,16,6,1,1.88,13820,303
2026-09-06,120249917976060167,210.29,40196,782,21,5,6,10.76,8294,409
2026-09-07,120249917976060167,73.85,15424,529,4,2,1,1.75,3994,293
2026-09-08,120249917976060167,33.2,4884,77,5,5,0,0.0,1117,44
2026-09-09,120249917976060167,29.21,4059,114,3,2,0,0.0,1026,70
2026-09-10,120249917976060167,32.67,5095,186,2,0,0,0.0,1506,133
2026-09-11,120249917976060167,22.94,3728,120,4,1,0,0.0,982,67
2026-09-12,120249917976060167,33.42,5760,137,4,3,0,0.0,1379,63
2026-09-13,120249917976060167,20.23,3186,134,0,0,0,0.0,882,85
2026-09-14,120249917976060167,13.54,1980,88,1,0,0,0.0,584,50
2026-09-15,120249917976060167,9.0,1043,46,0,0,0,0.0,325,40
2026-08-20,120249918145530167,573.03,189434,2000,7,3,1,1.99,21383,769
2026-08-21,120249918145530167,533.83,129219,1808,9,6,3,5.79,16660,733
2026-08-22,120249918145530167,349.06,77478,1273,14,10,5,10.05,11071,535
2026-08-23,120249918145530167,331.86,64688,1243,17,8,1,1.98,11034,678
2026-08-24,120249918145530167,237.54,47046,743,11,6,4,8.14,7201,368
2026-09-02,120249918145530167,74.95,21972,656,0,0,0,0.0,3434,328
2026-09-03,120249918145530167,26.2,5337,523,0,0,0,0.0,2049,320
2026-09-04,120249918145530167,21.4,3813,375,4,1,1,1.35,1557,274
2026-09-05,120249918145530167,66.38,10537,419,2,0,1,1.32,2408,277
2026-09-06,120249918145530167,38.04,6147,657,1,0,1,1.29,2744,434
2026-09-07,120249918145530167,61.72,11356,1028,2,1,1,1.23,4863,629
2026-09-08,120249918145530167,85.34,14201,1101,6,3,1,1.15,5477,799
2026-09-09,120249918145530167,69.52,12693,1576,5,1,0,0.0,6432,1086
2026-09-10,120249918145530167,91.19,16665,2227,11,4,1,1.14,9226,1650
2026-09-11,120249918145530167,71.62,11873,1332,9,9,5,5.75,5841,819
2026-09-12,120249918145530167,78.07,13790,2430,5,5,3,3.55,8272,1329
2026-09-13,120249918145530167,79.56,14099,2367,4,2,2,2.38,8554,1549
2026-09-14,120249918145530167,108.19,18281,2638,3,3,1,1.22,9743,1627
2026-09-15,120249918145530167,43.15,7401,1062,2,0,0,0.0,3816,640
2026-08-20,120249918254160167,470.4,194455,1536,10,5,2,3.98,22368,525
2026-08-21,120249918254160167,881.58,275196,2508,30,11,4,7.72,44224,891
2026-08-22,120249918254160167,1287.2,349020,2821,43,29,6,12.06,59381,1195
2026-08-23,120249918254160167,1511.37,372143,3101,52,39,14,27.75,63073,1426
2026-08-24,120249918254160167,849.51,203474,1566,41,24,6,12.21,33367,743
2026-08-20,120249918291540167,208.29,71314,811,2,0,0,0.0,14242,156
2026-08-21,120249918291540167,1282.14,396602,4564,5,5,1,1.93,80282,951
2026-08-22,120249918291540167,554.61,202544,1720,19,11,9,18.09,43379,369
2026-08-23,120249918291540167,379.21,95652,883,11,11,2,3.96,24582,182
2026-08-24,120249918291540167,270.24,59293,594,8,9,7,14.24,14387,107
2026-09-01,120249918291540167,0.44,155,3,0,0,0,0.0,41,0
2026-09-02,120249918291540167,36.65,8616,216,1,0,0,0.0,798,27
2026-09-03,120249918291540167,12.27,3092,83,0,0,0,0.0,354,9
2026-09-04,120249918291540167,22.62,4948,286,2,0,0,0.0,1477,58
2026-09-05,120249918291540167,7.89,1875,66,0,0,0,0.0,396,9
2026-09-06,120249918291540167,11.35,2696,189,0,0,0,0.0,774,18
2026-09-07,120249918291540167,16.38,4755,223,2,2,0,0.0,1716,37
2026-08-20,120249918296230167,75.52,22672,263,0,0,0,0.0,3289,97
2026-08-21,120249918296230167,704.11,163319,2477,28,6,2,6.5,29112,791
2026-08-22,120249918296230167,852.53,209519,2511,43,16,7,15.62,34511,835
2026-08-23,120249918296230167,281.32,47848,592,24,10,6,13.4,9399,247
2026-09-01,120249918296230167,0.94,239,2,0,0,0,0.0,28,2
2026-09-02,120249918296230167,30.42,8003,130,3,0,0,0.0,1394,53
2026-09-03,120249918296230167,63.19,13223,297,0,0,0,0.0,2690,117
2026-09-04,120249918296230167,29.09,4948,103,3,0,0,0.0,966,32
2026-09-05,120249918296230167,15.23,3610,44,0,0,0,0.0,637,34
2026-09-06,120249918296230167,24.26,4567,123,0,0,0,0.0,919,28
2026-09-07,120249918296230167,13.98,2532,123,0,0,0,0.0,680,18
2026-09-08,120249918296230167,7.61,1057,10,0,0,0,0.0,220,9
2026-09-09,120249918296230167,8.49,1153,11,0,0,0,0.0,223,9
2026-09-10,120249918296230167,11.7,1689,24,1,0,0,0.0,357,20
2026-09-11,120249918296230167,13.91,2918,30,3,1,0,0.0,599,11
2026-09-12,120249918296230167,47.79,9979,145,2,3,2,3.18,1806,58
2026-09-13,120249918296230167,31.64,5569,59,6,3,4,6.01,1042,30
2026-09-14,120249918296230167,16.68,2469,26,2,1,0,0.0,430,17
2026-09-15,120249918296230167,1.31,195,6,0,0,0,0.0,34,1
2026-08-20,120249918716020167,78.59,18838,467,0,0,0,0.0,5717,63
2026-08-21,120249918716020167,105.8,28290,844,0,0,0,0.0,6838,67
2026-08-22,120249918716020167,0.47,124,4,0,0,0,0.0,22,0
2026-08-20,120249918769370167,13.36,2996,51,0,0,0,0.0,419,10
2026-08-21,120249918769370167,27.55,5238,136,1,0,0,0.0,773,18
2026-08-22,120249918769370167,30.26,8102,198,0,0,0,0.0,1169,24
2026-08-23,120249918769370167,25.44,6562,198,0,0,0,0.0,1387,22
2026-08-24,120249918769370167,40.69,9009,308,0,0,0,0.0,2252,34
2026-08-25,120249918769370167,40.18,9929,383,0,0,0,0.0,2440,43
2026-08-26,120249918769370167,0.06,13,2,0,0,0,0.0,7,0
2026-08-20,120249918847860167,58.23,17270,265,0,0,0,0.0,2596,25
2026-08-21,120249918847860167,32.89,10289,210,1,0,0,0.0,1431,15
2026-08-22,120249918847860167,42.65,12485,318,1,1,0,0.0,2049,29
2026-08-23,120249918847860167,62.53,20684,503,2,0,1,2.22,2655,50
2026-08-24,120249918847860167,0.89,271,7,1,0,0,0.0,36,2
2026-08-20,120249918894470167,14.76,2365,102,0,0,0,0.0,613,41
2026-08-21,120249918894470167,16.83,1924,204,0,0,0,0.0,864,115
2026-08-22,120249918894470167,26.45,5551,320,0,0,0,0.0,1888,158
2026-08-23,120249918894470167,46.46,11563,460,1,0,0,0.0,2353,260
2026-08-24,120249918894470167,67.2,19281,777,2,2,1,2.1,4601,522
2026-08-25,120249918894470167,1.3,549,14,0,0,0,0.0,69,4
2026-08-20,120249918980570167,44.19,11953,399,0,0,0,0.0,4276,58
2026-08-21,120249918980570167,282.57,74566,2515,16,13,2,4.74,26668,348
2026-08-22,120249918980570167,266.8,68226,2341,18,10,1,2.38,23488,297
2026-08-23,120249918980570167,367.52,88232,3099,20,12,2,4.45,28821,381
2026-08-24,120249918980570167,419.91,113769,3359,20,11,8,16.77,37816,449
2026-08-25,120249918980570167,314.07,83718,2467,13,10,1,2.15,31356,331
2026-08-26,120249918980570167,4.83,1036,45,0,0,0,0.0,437,6
2026-08-27,120249918980570167,79.3,20088,567,7,5,2,4.34,6494,74
2026-08-28,120249918980570167,437.03,110224,3013,10,8,5,10.58,35441,421
2026-08-29,120249918980570167,570.42,162433,4738,18,8,9,17.9,45818,628
2026-08-30,120249918980570167,541.81,150409,4387,15,6,4,8.59,48023,594
2026-08-31,120249918980570167,546.2,136795,3550,18,11,1,2.16,45335,475
2026-09-01,120249918980570167,33.33,7962,231,2,1,1,2.48,2405,34
2026-08-20,120249919047430167,9.51,1976,77,0,0,0,0.0,482,29
2026-08-21,120249919047430167,36.85,7412,352,1,0,0,0.0,2033,115
2026-08-22,120249919047430167,49.6,9723,417,3,3,1,2.38,2719,144
2026-08-23,120249919047430167,61.4,11124,555,0,0,0,0.0,2979,245
2026-08-24,120249919047430167,1.18,229,8,0,0,0,0.0,42,1
2026-09-06,120249919047430167,82.42,20515,1246,1,0,0,0.0,6053,599
2026-09-07,120249919047430167,7.51,1942,206,1,2,0,0.0,804,86
2026-08-25,120249990578130167,29.2,5148,82,0,0,0,0.0,1040,17
2026-08-26,120249990578130167,5.9,950,59,0,0,0,0.0,225,8
2026-08-27,120249990578130167,68.27,15352,368,3,2,0,0.0,2593,61
2026-08-28,120249990578130167,98.52,25866,603,2,2,0,0.0,2859,55
2026-08-25,120249990614210167,21.11,4977,125,0,0,0,0.0,841,21
2026-08-26,120249990614210167,6.24,1184,71,0,0,0,0.0,320,5
2026-08-27,120249990614210167,12.94,2596,134,0,0,0,0.0,675,12
2026-08-28,120249990614210167,8.35,1726,76,0,0,0,0.0,390,6
2026-08-29,120249990614210167,76.16,20824,696,0,0,0,0.0,4113,76
2026-08-30,120249990614210167,115.8,25783,824,5,5,4,8.59,5554,93
2026-08-31,120249990614210167,3.39,786,25,1,1,2,4.32,173,5
2026-09-01,120249990614210167,663.24,137136,3734,2,1,0,0.0,27912,563
2026-09-02,120249990614210167,5.23,822,12,1,1,2,4.57,157,3
2026-09-10,120249990614210167,376.47,79012,2289,9,4,2,4.26,13760,285
2026-09-11,120249990614210167,411.84,94334,2899,1,0,1,2.24,15462,378
2026-09-12,120249990614210167,445.88,87758,2874,3,3,2,4.75,17006,349
2026-09-13,120249990614210167,230.44,41915,1295,6,2,0,0.0,8219,198
2026-08-25,120249990690510167,126.8,30249,1188,0,0,0,0.0,7709,173
2026-08-26,120249990690510167,146.48,44111,2685,1,1,0,0.0,12611,171
2026-08-27,120249990690510167,0.25,98,3,0,0,0,0.0,31,0
2026-08-25,120249990716300167,83.01,19111,459,0,0,0,0.0,7227,77
2026-08-26,120249990716300167,81.67,21675,872,1,0,0,0.0,7251,98
2026-08-27,120249990716300167,0.34,82,6,0,0,0,0.0,29,0
2026-08-25,120249991414980167,4.04,516,65,0,0,0,0.0,268,41
2026-08-26,120249991414980167,10.84,1658,327,0,0,0,0.0,997,168
2026-08-27,120249991414980167,23.12,4762,569,0,0,0,0.0,2217,278
2026-08-28,120249991414980167,26.53,8215,532,0,0,0,0.0,2311,243
2026-08-29,120249991414980167,33.24,9925,872,0,0,0,0.0,3124,494
2026-08-30,120249991414980167,51.65,13715,1311,1,2,2,4.3,4412,733
2026-08-31,120249991414980167,132.91,34065,2601,7,2,4,8.64,9048,1348
2026-09-01,120249991414980167,76.24,16599,2281,2,1,0,0.0,7657,1221
2026-09-02,120249991414980167,31.05,6847,477,2,1,1,2.28,1907,246
2026-09-03,120249991414980167,165.38,49368,831,0,0,0,0.0,4180,170
2026-09-04,120249991414980167,51.42,17813,458,0,0,0,0.0,1725,158
2026-09-05,120249991414980167,36.28,11150,415,0,0,0,0.0,1493,206
2026-09-06,120249991414980167,102.69,36617,1262,1,1,0,0.0,4519,553
2026-09-07,120249991414980167,9.25,2430,570,0,0,0,0.0,1861,320
2026-09-08,120249991414980167,12.97,3012,633,0,0,0,0.0,2206,390
2026-09-09,120249991414980167,37.44,8766,1991,0,0,0,0.0,6690,1136
2026-09-10,120249991414980167,86.25,17323,3815,2,1,0,0.0,12300,1890
2026-09-11,120249991414980167,51.75,11062,2543,0,3,0,0.0,7677,1171
2026-09-12,120249991414980167,84.15,12756,2825,2,0,1,2.38,8886,1333
2026-09-13,120249991414980167,88.98,10972,2339,0,0,0,0.0,8593,1372
2026-08-25,120249991458770167,35.2,7885,244,1,0,0,0.0,2375,30
2026-08-26,120249991458770167,84.84,21045,763,3,2,2,4.51,6615,41
2026-08-27,120249991458770167,89.71,23209,974,2,2,0,0.0,7046,54
2026-08-28,120249991458770167,0.53,105,9,0,0,0,0.0,36,0
2026-08-25,120249992156470167,0.34,83,3,0,0,0,0.0,29,2
2026-08-26,120249992156470167,23.94,5754,404,0,0,0,0.0,2246,26
2026-08-27,120249992156470167,99.32,23727,1218,2,0,0,0.0,8728,120
2026-08-28,120249992156470167,78.75,18975,651,1,1,0,0.0,5271,85
2026-08-25,120249992189790167,9.54,2157,145,0,0,0,0.0,1103,5
2026-08-26,120249992189790167,57.63,14118,822,0,0,0,0.0,6774,25
2026-08-27,120249992189790167,24.23,6828,368,0,0,0,0.0,3008,15
2026-08-28,120249992189790167,16.06,4895,172,0,0,0,0.0,1626,20
2026-08-29,120249992189790167,153.21,51343,1161,0,0,0,0.0,12714,138
2026-08-30,120249992189790167,5.98,1961,30,0,0,0,0.0,560,8
2026-08-25,120249992226780167,1.46,322,9,0,0,0,0.0,84,1
2026-08-26,120249992226780167,30.86,7071,270,0,0,0,0.0,1467,10
2026-08-27,120249992226780167,108.89,35730,993,2,0,0,0.0,4720,47
2026-08-28,120249992226780167,53.27,17975,435,0,0,0,0.0,2233,27
2026-08-29,120249992226780167,0.98,349,5,0,0,0,0.0,42,0
2026-08-25,120249992335170167,5.67,956,33,0,0,0,0.0,469,1
2026-08-26,120249992335170167,202.79,49781,1998,5,1,1,2.26,18451,169
2026-08-27,120249992335170167,0.64,184,9,0,0,0,0.0,69,1
2026-08-25,120249992963230167,0.05,18,1,0,0,0,0.0,7,0
2026-08-26,120249992963230167,22.82,3916,180,0,0,0,0.0,1279,19
2026-08-27,120249992963230167,62.2,15731,512,4,0,0,0.0,3817,68
2026-08-28,120249992963230167,46.26,14834,436,0,0,0,0.0,3249,48
2026-08-29,120249992963230167,83.59,21677,782,1,1,2,3.98,4591,92
2026-08-30,120249992963230167,2.25,593,23,0,0,0,0.0,116,2
2026-08-26,120249993034910167,8.17,1168,114,0,0,0,0.0,482,54
2026-08-27,120249993034910167,29.15,6136,567,0,0,0,0.0,2508,306
2026-08-28,120249993034910167,46.49,12276,1676,0,1,2,4.23,6199,769
2026-08-29,120249993034910167,115.23,33043,2025,0,0,0,0.0,9459,920
2026-08-30,120249993034910167,5.6,1418,78,0,0,0,0.0,387,31
2026-09-01,120250094596930167,315.61,85514,2959,15,6,2,3.79,25742,304
2026-09-02,120250094596930167,98.12,20049,658,7,4,0,0.0,6936,75
2026-09-03,120250094596930167,67.32,13019,445,8,2,2,3.66,4531,48
2026-09-04,120250094596930167,34.92,6293,239,1,1,0,0.0,2239,30
2026-09-05,120250094596930167,35.43,6545,206,0,0,0,0.0,2073,22
2026-09-06,120250094596930167,38.77,7896,252,1,0,2,3.59,2477,35
2026-09-07,120250094596930167,28.77,5630,189,4,0,0,0.0,1961,25
2026-09-08,120250094596930167,19.49,3370,102,3,0,0,0.0,1154,8
2026-09-09,120250094596930167,12.02,1809,75,1,0,1,1.87,614,9
2026-09-10,120250094596930167,12.64,2158,82,0,0,0,0.0,696,7
2026-09-11,120250094596930167,12.83,2633,95,1,0,0,0.0,830,11
2026-09-12,120250094596930167,25.24,5418,213,0,0,0,0.0,1566,14
2026-09-13,120250094596930167,10.96,2396,107,3,2,0,0.0,775,10
2026-09-14,120250094596930167,7.82,1573,67,0,0,0,0.0,569,11
2026-09-15,120250094596930167,4.7,882,26,0,0,0,0.0,283,3
2026-09-01,120250112779340167,1.66,431,9,0,0,0,0.0,84,2
2026-09-02,120250112779340167,175.29,38421,969,11,1,0,0.0,9460,223
2026-09-03,120250112779340167,55.6,9698,303,4,2,0,0.0,2699,77
2026-09-04,120250112779340167,31.64,4182,91,9,5,0,0.0,1084,36
2026-09-05,120250112779340167,5.09,810,11,1,1,0,0.0,225,5
2026-09-06,120250112779340167,11.76,1888,32,3,0,0,0.0,519,18
2026-09-07,120250112779340167,10.24,1802,35,2,0,1,1.75,491,16
2026-09-02,120250114976680167,366.98,107539,1329,10,5,2,4.57,11918,373
2026-09-03,120250114976680167,354.73,55580,734,13,9,5,12.64,6720,249
2026-09-04,120250114976680167,6.22,836,9,3,0,0,0.0,108,4
2026-09-02,120250114976980167,78.38,54580,298,0,0,0,0.0,0,0
2026-09-03,120250114976980167,67.02,25423,457,0,0,0,0.0,0,0
2026-09-04,120250114976980167,30.82,19502,501,0,0,0,0.0,0,0
2026-09-02,120250114977080167,145.94,116844,565,0,0,0,0.0,0,0
2026-09-03,120250114977080167,113.51,63789,546,0,0,0,0.0,0,0
2026-09-04,120250114977080167,1.4,627,11,0,0,0,0.0,0,0
2026-09-02,120250114986240167,167.24,31330,333,7,2,3,6.85,6810,239
2026-09-03,120250114986240167,6.02,1144,7,1,0,0,0.0,247,8
2026-09-04,120250114986240167,932.73,189657,3057,34,24,10,23.17,43686,1250
2026-09-05,120250114986240167,681.26,132769,2247,14,11,2,4.8,28310,851
2026-09-06,120250114986240167,476.47,102696,2868,19,14,4,9.59,22920,697
2026-09-02,120250114986290167,176.55,42117,523,4,0,2,4.57,9053,279
2026-09-03,120250114986290167,1.12,237,0,0,0,0,0.0,52,2
2026-09-02,120250115000200167,1217.93,288293,3188,47,22,9,15.83,57141,1788
2026-09-03,120250115000200167,1016.85,221230,2246,42,30,11,17.38,52846,1431
2026-09-04,120250115000200167,933.92,210196,3177,41,28,13,17.52,42796,1188
2026-09-05,120250115000200167,471.64,123116,1672,4,3,0,0.0,15991,483
2026-09-06,120250115000200167,82.64,21431,488,1,1,1,1.29,3381,96
2026-09-06,120250211380190167,16.88,3102,89,0,0,0,0.0,491,11
2026-09-07,120250211380190167,92.65,17815,440,2,2,2,2.46,2508,88
2026-09-08,120250211380190167,64.27,11177,359,2,1,1,1.15,2227,40
2026-09-09,120250211380190167,13.73,2096,147,0,0,0,0.0,682,17
2026-09-10,120250211380190167,8.32,1466,268,1,0,0,0.0,799,14
2026-09-11,120250211380190167,4.85,779,173,2,0,0,0.0,479,16
2026-09-12,120250211380190167,3.2,673,167,0,0,0,0.0,477,8
2026-09-13,120250211380190167,1.42,243,63,0,0,0,0.0,188,6
2026-09-14,120250211380190167,2.06,303,47,1,0,0,0.0,122,4
2026-09-15,120250211380190167,8.53,1244,279,0,0,0,0.0,823,29
2026-09-06,120250211383450167,50.9,10473,452,0,0,0,0.0,3665,29
2026-09-07,120250211383450167,142.79,27642,1191,4,2,2,3.51,8111,108
2026-09-08,120250211383450167,42.36,7088,345,0,0,0,0.0,2130,28
2026-09-09,120250211383450167,9.3,1268,87,0,0,0,0.0,441,4
2026-09-10,120250211383450167,8.44,1090,67,1,0,0,0.0,388,3
2026-09-11,120250211383450167,5.49,826,46,0,0,0,0.0,263,4
2026-09-12,120250211383450167,7.48,1155,71,0,0,0,0.0,346,3
2026-09-13,120250211383450167,2.98,412,28,0,0,0,0.0,155,1
2026-09-14,120250211383450167,1.6,252,17,0,0,0,0.0,87,0
2026-09-15,120250211383450167,0.52,102,7,0,0,0,0.0,32,0
2026-09-06,120250211390460167,2.27,321,10,0,0,0,0.0,93,0
2026-09-07,120250211390460167,17.4,3009,364,0,0,0,0.0,1312,35
2026-09-08,120250211390460167,5.61,1048,228,0,0,0,0.0,699,20
2026-09-09,120250211390460167,0.52,45,3,0,0,0,0.0,13,2
2026-09-10,120250211390460167,0.13,16,1,0,0,0,0.0,7,0
2026-09-11,120250211390460167,0.06,11,0,0,0,0,0.0,3,0
2026-09-13,120250211390460167,0.03,6,0,0,0,0,0.0,3,0
2026-09-15,120250211390460167,0.03,8,0,0,0,0,0.0,2,0
2026-09-06,120250211394320167,3.53,586,19,0,0,0,0.0,121,4
2026-09-07,120250211394320167,317.28,65303,3639,4,2,1,1.23,17171,1654
2026-09-08,120250211394320167,642.81,132703,7280,2,2,0,0.0,32378,3130
2026-09-09,120250211394320167,156.89,27796,3655,3,8,2,2.31,11974,1648
2026-09-10,120250211394320167,6.28,1641,318,0,0,0,0.0,1031,199
2026-09-06,120250211406300167,11.88,1978,39,0,0,0,0.0,539,23
2026-09-07,120250211406300167,113.16,20050,386,7,4,1,1.75,4881,205
2026-09-08,120250211406300167,60.51,10363,162,0,0,0,0.0,2512,97
2026-09-09,120250211406300167,19.88,2912,47,1,0,0,0.0,765,27
2026-09-10,120250211406300167,0.37,59,0,0,0,0,0.0,15,0
2026-09-06,120250212023880167,61.65,7580,221,3,2,0,0.0,2357,36
2026-09-07,120250212023880167,490.39,74179,2699,13,4,7,15.63,25594,283
2026-09-08,120250212023880167,357.29,54496,1805,10,6,3,6.41,17651,209
2026-09-09,120250212023880167,396.15,64509,1901,11,6,2,4.3,18607,225
2026-09-10,120250212023880167,25.89,4549,137,0,1,0,0.0,1160,16
2026-09-06,120250212038440167,139.46,29876,580,2,0,1,2.4,5351,81
2026-09-07,120250212038440167,26.4,6144,100,2,2,0,0.0,1009,14
2026-09-06,120250212055790167,54.31,9992,229,0,0,0,0.0,2021,35
2026-09-07,120250212055790167,181.31,36041,1609,3,5,0,0.0,8710,215
2026-09-08,120250212055790167,1.39,230,11,0,0,0,0.0,75,2
2026-09-06,120250212082910167,22.14,3677,55,1,1,0,0.0,756,5
2026-09-07,120250212082910167,193.72,39199,1743,9,6,5,11.16,9859,184
2026-09-08,120250212082910167,187.67,37528,2096,0,0,0,0.0,9532,218
2026-09-09,120250212082910167,251.17,55891,2479,5,3,1,2.15,12262,240
2026-09-10,120250212082910167,360.78,84229,2315,7,9,3,6.4,15481,289
2026-09-11,120250212082910167,358.5,67218,1804,11,3,1,2.24,13298,281
2026-09-12,120250212082910167,306.58,60745,1417,8,8,2,4.75,10699,270
2026-09-13,120250212082910167,174.99,27363,712,9,4,0,0.0,5041,126
2026-09-13,120250258111880167,1.25,169,15,0,0,0,0.0,72,0
2026-09-14,120250258111880167,0.96,165,9,0,0,0,0.0,55,0
2026-09-15,120250258111880167,2.87,387,29,0,0,0,0.0,147,1
2026-09-13,120250308343730167,84.32,15255,731,6,5,2,5.0,4788,340
2026-09-14,120250308343730167,526.44,94960,2740,16,11,7,16.39,23818,1354
2026-09-15,120250308343730167,411.34,77719,2468,26,15,6,13.47,20459,1278
2026-09-13,120250308343750167,523.45,122038,2269,3,2,0,0.0,41063,1139
2026-09-14,120250308343750167,76.12,18909,251,0,0,0,0.0,5756,131
2026-09-13,120250308384270167,19.47,4356,165,0,0,0,0.0,1269,28
2026-09-14,120250308384270167,77.93,14147,369,3,2,2,4.68,4198,218
2026-09-15,120250308384270167,75.19,13213,272,1,2,1,2.24,4064,238
2026-09-13,120250308384310167,30.46,6259,465,1,1,0,0.0,2296,235
2026-09-14,120250308384310167,121.51,24030,1358,8,2,2,4.68,6541,680
2026-09-15,120250308384310167,129.34,23232,1167,5,1,2,4.49,6592,690
2026-09-15,120250329291480167,414.94,79375,1270,30,18,7,8.04,15103,88
