ad_id,milestone,milestone_date,placement,spend,impressions,clicks,installs,signups,trials
120236574936400167,i10,2026-06-01,an_classic,0.79,48,13,0,0,0
120236574936400167,i10,2026-06-01,facebook_notification,0.62,64,2,0,0,0
120236574936400167,i10,2026-06-01,facebook_reels,33.4,5294,38,0,0,0
120236574936400167,i10,2026-06-01,facebook_reels_overlay,0.09,26,0,0,0,0
120236574936400167,i10,2026-06-01,facebook_stories,6.13,692,15,0,0,0
120236574936400167,i10,2026-06-01,feed,69.09,9466,126,7,2,0
120236574936400167,i10,2026-06-01,instagram_explore_grid_home,0.36,343,0,0,0,0
120236574936400167,i10,2026-06-01,instagram_reels,120.49,24200,205,4,4,1
120236574936400167,i10,2026-06-01,instagram_stories,23.38,4775,60,3,3,0
120236574936400167,i10,2026-06-01,instream_video,3.07,307,6,0,0,0
120236574936400167,i10,2026-06-01,marketplace,0.09,28,0,0,0,0
120236574936400167,i10,2026-06-01,rewarded_video,5.74,379,82,0,0,0
120236574936400167,i10,2026-06-01,search,2.8,1396,11,0,0,0
120236574936400167,read,2026-06-01,an_classic,0.79,48,13,0,0,0
120236574936400167,read,2026-06-01,facebook_notification,0.62,64,2,0,0,0
120236574936400167,read,2026-06-01,facebook_reels,33.4,5294,38,0,0,0
120236574936400167,read,2026-06-01,facebook_reels_overlay,0.09,26,0,0,0,0
120236574936400167,read,2026-06-01,facebook_stories,6.13,692,15,0,0,0
120236574936400167,read,2026-06-01,feed,69.09,9466,126,7,2,0
120236574936400167,read,2026-06-01,instagram_explore_grid_home,0.36,343,0,0,0,0
120236574936400167,read,2026-06-01,instagram_reels,120.49,24200,205,4,4,1
120236574936400167,read,2026-06-01,instagram_stories,23.38,4775,60,3,3,0
120236574936400167,read,2026-06-01,instream_video,3.07,307,6,0,0,0
120236574936400167,read,2026-06-01,marketplace,0.09,28,0,0,0,0
120236574936400167,read,2026-06-01,rewarded_video,5.74,379,82,0,0,0
120236574936400167,read,2026-06-01,search,2.8,1396,11,0,0,0
120242147246810167,i10,2026-06-01,an_classic,1.73,117,21,0,0,0
120242147246810167,i10,2026-06-01,biz_disco_feed,0,1,0,0,0,0
120242147246810167,i10,2026-06-01,facebook_notification,1.94,169,8,0,0,0
120242147246810167,i10,2026-06-01,facebook_reels,95.47,16091,223,4,2,2
120242147246810167,i10,2026-06-01,facebook_reels_overlay,0.07,46,0,0,0,0
120242147246810167,i10,2026-06-01,facebook_stories,20.08,1651,27,0,0,0
120242147246810167,i10,2026-06-01,feed,109.6,12806,173,13,7,5
120242147246810167,i10,2026-06-01,instagram_explore_grid_home,0.23,114,0,0,0,0
120242147246810167,i10,2026-06-01,instagram_reels,179.98,26427,436,17,11,8
120242147246810167,i10,2026-06-01,instagram_stories,7.88,749,14,0,0,0
120242147246810167,i10,2026-06-01,instream_video,6.55,813,24,1,0,0
120242147246810167,i10,2026-06-01,marketplace,0.18,43,1,0,0,0
120242147246810167,i10,2026-06-01,search,0.5,110,1,0,0,0
120242147246810167,read,2026-06-01,an_classic,1.73,117,21,0,0,0
120242147246810167,read,2026-06-01,biz_disco_feed,0,1,0,0,0,0
120242147246810167,read,2026-06-01,facebook_notification,1.94,169,8,0,0,0
120242147246810167,read,2026-06-01,facebook_reels,95.47,16091,223,4,2,2
120242147246810167,read,2026-06-01,facebook_reels_overlay,0.07,46,0,0,0,0
120242147246810167,read,2026-06-01,facebook_stories,20.08,1651,27,0,0,0
120242147246810167,read,2026-06-01,feed,109.6,12806,173,13,7,5
120242147246810167,read,2026-06-01,instagram_explore_grid_home,0.23,114,0,0,0,0
120242147246810167,read,2026-06-01,instagram_reels,179.98,26427,436,17,11,8
120242147246810167,read,2026-06-01,instagram_stories,7.88,749,14,0,0,0
120242147246810167,read,2026-06-01,instream_video,6.55,813,24,1,0,0
120242147246810167,read,2026-06-01,marketplace,0.18,43,1,0,0,0
120242147246810167,read,2026-06-01,search,0.5,110,1,0,0,0
120243701212520167,i10,2026-06-07,an_classic,0.32,36,7,0,0,0
120243701212520167,i10,2026-06-07,facebook_notification,0.75,95,0,0,0,0
120243701212520167,i10,2026-06-07,facebook_profile_feed,1.44,369,1,0,0,0
120243701212520167,i10,2026-06-07,facebook_reels,93.41,23081,110,1,1,2
120243701212520167,i10,2026-06-07,facebook_reels_overlay,0.15,79,0,0,0,0
120243701212520167,i10,2026-06-07,facebook_stories,41.42,4449,88,3,2,1
120243701212520167,i10,2026-06-07,feed,120.39,16261,227,4,5,0
120243701212520167,i10,2026-06-07,instagram_explore_grid_home,0.01,2,0,0,0,0
120243701212520167,i10,2026-06-07,instagram_reels,68.65,15579,36,2,0,0
120243701212520167,i10,2026-06-07,instagram_stories,18.28,2900,35,2,0,0
120243701212520167,i10,2026-06-07,instream_video,11.32,1768,45,0,0,0
120243701212520167,i10,2026-06-07,marketplace,0.45,193,3,0,0,0
120243701212520167,i10,2026-06-07,rewarded_video,8.26,565,133,0,0,0
120243701212520167,i10,2026-06-07,search,0.95,59,2,0,0,0
120243701212520167,read,2026-06-05,an_classic,0.15,15,2,0,0,0
120243701212520167,read,2026-06-05,facebook_notification,0.67,82,0,0,0,0
120243701212520167,read,2026-06-05,facebook_profile_feed,1.04,267,1,0,0,0
120243701212520167,read,2026-06-05,facebook_reels,32.49,8293,40,0,0,0
120243701212520167,read,2026-06-05,facebook_reels_overlay,0.03,15,0,0,0,0
120243701212520167,read,2026-06-05,facebook_stories,8.26,692,10,1,0,0
120243701212520167,read,2026-06-05,feed,50.86,6709,113,3,3,0
120243701212520167,read,2026-06-05,instagram_explore_grid_home,0.01,2,0,0,0,0
120243701212520167,read,2026-06-05,instagram_reels,25.74,5639,9,1,0,0
120243701212520167,read,2026-06-05,instagram_stories,4.97,702,7,0,0,0
120243701212520167,read,2026-06-05,instream_video,3.97,707,16,0,0,0
120243701212520167,read,2026-06-05,marketplace,0.24,92,2,0,0,0
120243701212520167,read,2026-06-05,rewarded_video,1.97,135,30,0,0,0
120243701212520167,read,2026-06-05,search,0.46,26,1,0,0,0
120245092958860167,i10,2026-06-02,facebook_notification,0.46,45,2,0,0,0
120245092958860167,i10,2026-06-02,facebook_reels,135.21,25836,340,9,7,2
120245092958860167,i10,2026-06-02,facebook_reels_overlay,0.34,221,1,0,0,0
120245092958860167,i10,2026-06-02,feed,80.77,11355,126,2,2,0
120245092958860167,i10,2026-06-02,instagram_reels,64.18,14612,138,0,0,0
120245092958860167,i10,2026-06-02,instagram_stories,25.28,4210,79,0,0,0
120245092958860167,i10,2026-06-02,instream_video,0.27,121,1,0,0,0
120245092958860167,i10,2026-06-02,marketplace,0.06,21,0,0,0,0
120245092958860167,i10,2026-06-02,search,0.08,14,0,0,0,0
120245092958860167,read,2026-06-02,facebook_notification,0.46,45,2,0,0,0
120245092958860167,read,2026-06-02,facebook_reels,135.21,25836,340,9,7,2
120245092958860167,read,2026-06-02,facebook_reels_overlay,0.34,221,1,0,0,0
120245092958860167,read,2026-06-02,feed,80.77,11355,126,2,2,0
120245092958860167,read,2026-06-02,instagram_reels,64.18,14612,138,0,0,0
120245092958860167,read,2026-06-02,instagram_stories,25.28,4210,79,0,0,0
120245092958860167,read,2026-06-02,instream_video,0.27,121,1,0,0,0
120245092958860167,read,2026-06-02,marketplace,0.06,21,0,0,0,0
120245092958860167,read,2026-06-02,search,0.08,14,0,0,0,0
120245417330630167,i10,2026-06-01,an_classic,0.8,27,6,0,0,0
120245417330630167,i10,2026-06-01,facebook_notification,0.34,28,3,0,0,0
120245417330630167,i10,2026-06-01,facebook_reels,43.42,11606,376,4,3,1
120245417330630167,i10,2026-06-01,facebook_reels_overlay,0.01,21,0,0,0,0
120245417330630167,i10,2026-06-01,facebook_stories,3.87,397,9,1,1,2
120245417330630167,i10,2026-06-01,feed,21.83,2392,37,3,1,2
120245417330630167,i10,2026-06-01,instagram_reels,47.14,7062,267,2,1,3
120245417330630167,i10,2026-06-01,instagram_stories,17.19,3193,95,2,0,0
120245417330630167,i10,2026-06-01,instream_video,0.62,93,1,0,0,0
120245417330630167,i10,2026-06-01,marketplace,0.09,61,0,0,0,0
120245417330630167,i10,2026-06-01,search,0.04,17,0,0,0,0
120245417330630167,read,2026-06-01,an_classic,0.8,27,6,0,0,0
120245417330630167,read,2026-06-01,facebook_notification,0.34,28,3,0,0,0
120245417330630167,read,2026-06-01,facebook_reels,43.42,11606,376,4,3,1
120245417330630167,read,2026-06-01,facebook_reels_overlay,0.01,21,0,0,0,0
120245417330630167,read,2026-06-01,facebook_stories,3.87,397,9,1,1,2
120245417330630167,read,2026-06-01,feed,21.83,2392,37,3,1,2
120245417330630167,read,2026-06-01,instagram_reels,47.14,7062,267,2,1,3
120245417330630167,read,2026-06-01,instagram_stories,17.19,3193,95,2,0,0
120245417330630167,read,2026-06-01,instream_video,0.62,93,1,0,0,0
120245417330630167,read,2026-06-01,marketplace,0.09,61,0,0,0,0
120245417330630167,read,2026-06-01,search,0.04,17,0,0,0,0
120245417330640167,i10,2026-06-02,an_classic,0.01,2,0,0,0,0
120245417330640167,i10,2026-06-02,facebook_notification,0.04,9,0,0,0,0
120245417330640167,i10,2026-06-02,facebook_reels,29.1,6345,76,5,5,1
120245417330640167,i10,2026-06-02,facebook_reels_overlay,0.02,3,0,0,0,0
120245417330640167,i10,2026-06-02,facebook_stories,0.83,120,0,0,0,0
120245417330640167,i10,2026-06-02,feed,12.3,1936,46,3,0,0
120245417330640167,i10,2026-06-02,instagram_reels,32.54,5480,141,3,2,0
120245417330640167,i10,2026-06-02,instagram_stories,7.87,1237,8,0,0,0
120245417330640167,i10,2026-06-02,instream_video,0.53,82,0,0,0,0
120245417330640167,i10,2026-06-02,marketplace,0.01,5,0,0,0,0
120245417330640167,i10,2026-06-02,rewarded_video,1.32,123,23,0,0,0
120245417330640167,i10,2026-06-02,search,0,4,0,0,0,0
120245417330640167,read,2026-06-04,an_classic,0.01,3,0,0,0,0
120245417330640167,read,2026-06-04,facebook_notification,0.04,9,0,0,0,0
120245417330640167,read,2026-06-04,facebook_reels,38.25,7681,92,5,5,1
120245417330640167,read,2026-06-04,facebook_reels_overlay,0.04,17,0,0,0,0
120245417330640167,read,2026-06-04,facebook_stories,1.4,182,0,0,0,0
120245417330640167,read,2026-06-04,feed,17.53,2562,57,4,0,1
120245417330640167,read,2026-06-04,instagram_reels,51.36,8008,209,5,4,2
120245417330640167,read,2026-06-04,instagram_stories,10.18,1574,9,0,0,0
120245417330640167,read,2026-06-04,instream_video,0.71,102,1,0,0,0
120245417330640167,read,2026-06-04,marketplace,0.01,9,0,0,0,0
120245417330640167,read,2026-06-04,rewarded_video,2.04,165,33,0,0,0
120245417330640167,read,2026-06-04,search,0,6,0,0,0,0
120245417330650167,i10,2026-06-02,an_classic,0.86,53,0,0,0,0
120245417330650167,i10,2026-06-02,facebook_notification,0.33,38,2,0,0,0
120245417330650167,i10,2026-06-02,facebook_reels,27.42,5027,84,2,3,2
120245417330650167,i10,2026-06-02,facebook_reels_overlay,0.01,6,0,0,0,0
120245417330650167,i10,2026-06-02,facebook_stories,2.51,246,2,0,0,0
120245417330650167,i10,2026-06-02,feed,90.3,12030,177,5,3,1
120245417330650167,i10,2026-06-02,instagram_reels,63.77,10982,127,3,1,1
120245417330650167,i10,2026-06-02,instream_video,1.33,111,3,0,0,0
120245417330650167,i10,2026-06-02,marketplace,0.1,52,2,0,0,0
120245417330650167,i10,2026-06-02,search,0.18,28,0,0,0,0
120245417330650167,read,2026-06-02,an_classic,0.86,53,0,0,0,0
120245417330650167,read,2026-06-02,facebook_notification,0.33,38,2,0,0,0
120245417330650167,read,2026-06-02,facebook_reels,27.42,5027,84,2,3,2
120245417330650167,read,2026-06-02,facebook_reels_overlay,0.01,6,0,0,0,0
120245417330650167,read,2026-06-02,facebook_stories,2.51,246,2,0,0,0
120245417330650167,read,2026-06-02,feed,90.3,12030,177,5,3,1
120245417330650167,read,2026-06-02,instagram_reels,63.77,10982,127,3,1,1
120245417330650167,read,2026-06-02,instream_video,1.33,111,3,0,0,0
120245417330650167,read,2026-06-02,marketplace,0.1,52,2,0,0,0
120245417330650167,read,2026-06-02,search,0.18,28,0,0,0,0
120245867742990167,read,2026-06-01,an_classic,3.28,1477,25,0,0,0
120245867742990167,read,2026-06-01,facebook_notification,0.03,7,0,0,0,0
120245867742990167,read,2026-06-01,facebook_profile_feed,0.36,158,0,0,0,0
120245867742990167,read,2026-06-01,facebook_reels,6.7,2255,6,0,0,0
120245867742990167,read,2026-06-01,facebook_reels_overlay,2.14,1951,8,0,0,0
120245867742990167,read,2026-06-01,facebook_stories,35.8,7140,79,0,0,0
120245867742990167,read,2026-06-01,feed,60.28,21775,124,1,1,0
120245867742990167,read,2026-06-01,instagram_reels,9.86,2794,27,0,0,0
120245867742990167,read,2026-06-01,instagram_stories,197.86,57109,777,0,0,0
120245867742990167,read,2026-06-01,instream_video,26,6555,151,0,0,0
120245867742990167,read,2026-06-01,marketplace,0.24,277,1,0,0,0
120245867742990167,read,2026-06-01,search,0.38,187,0,0,0,0
120245867742990167,read,2026-06-01,threads_feed,30.17,63785,82,2,2,2
120246000716820167,i10,2026-06-01,an_classic,4.48,423,101,0,0,0
120246000716820167,i10,2026-06-01,biz_disco_feed,0,1,0,0,0,0
120246000716820167,i10,2026-06-01,facebook_notification,2.14,162,7,2,0,0
120246000716820167,i10,2026-06-01,facebook_profile_feed,13.15,3086,23,0,0,0
120246000716820167,i10,2026-06-01,facebook_reels,280.05,96216,655,13,6,0
120246000716820167,i10,2026-06-01,facebook_reels_overlay,0.24,163,1,0,0,0
120246000716820167,i10,2026-06-01,facebook_stories,92.76,8858,278,6,6,0
120246000716820167,i10,2026-06-01,feed,186.73,57218,598,8,5,0
120246000716820167,i10,2026-06-01,instagram_explore_grid_home,0,15,0,0,0,0
120246000716820167,i10,2026-06-01,instagram_reels,204.11,67265,410,16,13,0
120246000716820167,i10,2026-06-01,instagram_stories,9.99,2454,31,0,0,0
120246000716820167,i10,2026-06-01,instream_video,32.06,6169,134,4,2,0
120246000716820167,i10,2026-06-01,marketplace,1.06,349,11,0,0,0
120246000716820167,i10,2026-06-01,rewarded_video,17.02,2182,527,4,0,0
120246000716820167,i10,2026-06-01,search,0.11,56,0,0,0,0
120246000716820167,i10,2026-06-01,threads_feed,12.88,13884,12,0,0,0
120246000716820167,read,2026-06-01,an_classic,4.48,423,101,0,0,0
120246000716820167,read,2026-06-01,biz_disco_feed,0,1,0,0,0,0
120246000716820167,read,2026-06-01,facebook_notification,2.14,162,7,2,0,0
120246000716820167,read,2026-06-01,facebook_profile_feed,13.15,3086,23,0,0,0
120246000716820167,read,2026-06-01,facebook_reels,280.05,96216,655,13,6,0
120246000716820167,read,2026-06-01,facebook_reels_overlay,0.24,163,1,0,0,0
120246000716820167,read,2026-06-01,facebook_stories,92.76,8858,278,6,6,0
120246000716820167,read,2026-06-01,feed,186.73,57218,598,8,5,0
120246000716820167,read,2026-06-01,instagram_explore_grid_home,0,15,0,0,0,0
120246000716820167,read,2026-06-01,instagram_reels,204.11,67265,410,16,13,0
120246000716820167,read,2026-06-01,instagram_stories,9.99,2454,31,0,0,0
120246000716820167,read,2026-06-01,instream_video,32.06,6169,134,4,2,0
120246000716820167,read,2026-06-01,marketplace,1.06,349,11,0,0,0
120246000716820167,read,2026-06-01,rewarded_video,17.02,2182,527,4,0,0
120246000716820167,read,2026-06-01,search,0.11,56,0,0,0,0
120246000716820167,read,2026-06-01,threads_feed,12.88,13884,12,0,0,0
120246000716910167,read,2026-06-02,an_classic,7.14,571,144,0,0,0
120246000716910167,read,2026-06-02,biz_disco_feed,0.01,1,0,0,0,0
120246000716910167,read,2026-06-02,facebook_notification,0.16,13,2,0,0,0
120246000716910167,read,2026-06-02,facebook_profile_feed,2.28,441,4,0,0,0
120246000716910167,read,2026-06-02,facebook_reels,22.1,4161,45,1,1,0
120246000716910167,read,2026-06-02,facebook_reels_overlay,0.13,77,0,0,0,0
120246000716910167,read,2026-06-02,facebook_stories,8.59,969,20,0,0,0
120246000716910167,read,2026-06-02,feed,32.31,4243,68,1,1,0
120246000716910167,read,2026-06-02,instagram_reels,31.65,6772,28,4,2,0
120246000716910167,read,2026-06-02,instream_video,2.28,402,7,0,0,0
120246000716910167,read,2026-06-02,marketplace,0.16,41,1,0,0,0
120246000716910167,read,2026-06-02,search,0.57,313,1,0,0,0
120246000716910167,read,2026-06-02,threads_feed,11.51,4933,16,1,1,0
120246001466170167,read,2026-06-01,an_classic,6.96,584,134,0,0,0
120246001466170167,read,2026-06-01,facebook_notification,0.15,19,0,0,0,0
120246001466170167,read,2026-06-01,facebook_profile_feed,6.68,1203,11,0,0,0
120246001466170167,read,2026-06-01,facebook_reels,52.38,17739,74,4,2,0
120246001466170167,read,2026-06-01,facebook_reels_overlay,0.08,106,1,0,0,0
120246001466170167,read,2026-06-01,facebook_stories,24.49,3005,70,0,0,0
120246001466170167,read,2026-06-01,feed,34.74,10676,68,1,1,0
120246001466170167,read,2026-06-01,instagram_explore_grid_home,0,3,0,0,0,0
120246001466170167,read,2026-06-01,instagram_reels,15.28,3374,8,0,0,0
120246001466170167,read,2026-06-01,instagram_stories,2.91,634,10,0,0,0
120246001466170167,read,2026-06-01,instream_video,8.93,1414,36,0,0,0
120246001466170167,read,2026-06-01,marketplace,0.54,185,4,0,0,0
120246001466170167,read,2026-06-01,rewarded_video,36.7,4044,915,1,0,0
120246001466170167,read,2026-06-01,search,0.37,39,2,0,0,0
120246001466170167,read,2026-06-01,threads_feed,3.35,2817,1,0,0,0
120246005441450167,read,2026-06-01,an_classic,21.41,16613,275,1,0,0
120246005441450167,read,2026-06-01,facebook_notification,0.04,12,0,0,0,0
120246005441450167,read,2026-06-01,facebook_profile_feed,0.46,188,0,0,0,0
120246005441450167,read,2026-06-01,facebook_reels,33.33,7831,15,2,0,0
120246005441450167,read,2026-06-01,facebook_reels_overlay,0.67,552,2,0,0,0
120246005441450167,read,2026-06-01,facebook_stories,21.19,4895,29,0,0,0
120246005441450167,read,2026-06-01,feed,68.39,12648,59,2,3,0
120246005441450167,read,2026-06-01,instagram_reels,8.86,2138,10,0,0,0
120246005441450167,read,2026-06-01,instagram_stories,24.78,5968,34,0,0,0
120246005441450167,read,2026-06-01,instream_video,2.19,585,11,0,0,0
120246005441450167,read,2026-06-01,marketplace,0.51,549,0,0,0,0
120246005441450167,read,2026-06-01,search,1.36,381,4,0,0,0
120246005441450167,read,2026-06-01,threads_feed,17.68,35707,42,0,0,0
120246005442010167,read,2026-06-01,an_classic,1.35,1761,9,0,0,0
120246005442010167,read,2026-06-01,facebook_profile_feed,0.13,33,0,0,0,0
120246005442010167,read,2026-06-01,facebook_reels,16.4,5343,21,2,1,0
120246005442010167,read,2026-06-01,facebook_reels_overlay,0.41,296,4,0,0,0
120246005442010167,read,2026-06-01,facebook_stories,13.55,2986,41,0,0,0
120246005442010167,read,2026-06-01,feed,60.35,22363,117,3,1,2
120246005442010167,read,2026-06-01,instagram_reels,26.07,9018,76,0,0,0
120246005442010167,read,2026-06-01,instagram_stories,156.14,50072,560,0,0,0
120246005442010167,read,2026-06-01,instream_video,3.55,864,18,0,0,0
120246005442010167,read,2026-06-01,marketplace,0.12,171,0,0,0,0
120246005442010167,read,2026-06-01,search,0.02,11,0,0,0,0
120246005442010167,read,2026-06-01,threads_feed,23.4,48854,53,0,0,0
120246191401160167,i10,2026-06-02,an_classic,0.04,5,2,0,0,0
120246191401160167,i10,2026-06-02,facebook_notification,0.35,32,0,0,0,0
120246191401160167,i10,2026-06-02,facebook_reels,92.13,20405,160,8,4,2
120246191401160167,i10,2026-06-02,facebook_reels_overlay,0.02,30,0,0,0,0
120246191401160167,i10,2026-06-02,facebook_stories,9.67,1236,29,2,1,0
120246191401160167,i10,2026-06-02,feed,61.24,12787,198,3,3,1
120246191401160167,i10,2026-06-02,instagram_explore_grid_home,0.55,331,0,0,0,0
120246191401160167,i10,2026-06-02,instagram_reels,193.73,38878,331,15,9,1
120246191401160167,i10,2026-06-02,instagram_stories,43.04,13354,167,0,0,0
120246191401160167,i10,2026-06-02,instream_video,6.11,871,32,0,0,0
120246191401160167,i10,2026-06-02,marketplace,0.08,22,0,0,0,0
120246191401160167,i10,2026-06-02,rewarded_video,0.81,68,11,0,0,0
120246191401160167,i10,2026-06-02,search,1.18,685,11,0,0,0
120246191401160167,read,2026-06-01,an_classic,0.04,4,1,0,0,0
120246191401160167,read,2026-06-01,facebook_notification,0.12,8,0,0,0,0
120246191401160167,read,2026-06-01,facebook_reels,50.57,11400,81,2,1,0
120246191401160167,read,2026-06-01,facebook_reels_overlay,0.02,9,0,0,0,0
120246191401160167,read,2026-06-01,facebook_stories,5.58,733,16,0,0,0
120246191401160167,read,2026-06-01,feed,34.46,7157,103,2,1,1
120246191401160167,read,2026-06-01,instagram_explore_grid_home,0.19,92,0,0,0,0
120246191401160167,read,2026-06-01,instagram_reels,79.31,12343,128,3,0,0
120246191401160167,read,2026-06-01,instagram_stories,23.14,7352,82,0,0,0
120246191401160167,read,2026-06-01,instream_video,4.49,676,18,0,0,0
120246191401160167,read,2026-06-01,marketplace,0.06,14,0,0,0,0
120246191401160167,read,2026-06-01,rewarded_video,0.22,20,4,0,0,0
120246191401160167,read,2026-06-01,search,0.12,55,1,0,0,0
120246191491930167,i10,2026-06-02,an_classic,0.44,257,4,1,0,0
120246191491930167,i10,2026-06-02,facebook_notification,0.42,93,0,0,0,0
120246191491930167,i10,2026-06-02,facebook_reels,1.43,442,4,0,0,0
120246191491930167,i10,2026-06-02,facebook_reels_overlay,1.23,681,15,0,0,0
120246191491930167,i10,2026-06-02,facebook_stories,19.42,3546,88,0,0,0
120246191491930167,i10,2026-06-02,feed,164.32,45166,1152,13,8,1
120246191491930167,i10,2026-06-02,instagram_reels,2.66,477,7,0,0,0
120246191491930167,i10,2026-06-02,instagram_stories,5.18,988,15,0,0,0
120246191491930167,i10,2026-06-02,instream_video,2.16,1406,19,0,0,0
120246191491930167,i10,2026-06-02,marketplace,0.03,23,0,0,0,0
120246191491930167,i10,2026-06-02,search,0.19,97,0,0,0,0
120246191491930167,read,2026-06-01,an_classic,0.01,5,0,0,0,0
120246191491930167,read,2026-06-01,facebook_notification,0.05,14,0,0,0,0
120246191491930167,read,2026-06-01,facebook_reels,0.48,153,0,0,0,0
120246191491930167,read,2026-06-01,facebook_reels_overlay,0.47,257,7,0,0,0
120246191491930167,read,2026-06-01,facebook_stories,7.81,1482,36,0,0,0
120246191491930167,read,2026-06-01,feed,97.26,27224,731,8,7,0
120246191491930167,read,2026-06-01,instagram_reels,0.73,168,1,0,0,0
120246191491930167,read,2026-06-01,instagram_stories,2.13,404,9,0,0,0
120246191491930167,read,2026-06-01,instream_video,0.93,607,5,0,0,0
120246191491930167,read,2026-06-01,marketplace,0.02,10,0,0,0,0
120246191491930167,read,2026-06-01,search,0.04,22,0,0,0,0
120246191491950167,i10,2026-06-02,an_classic,0.23,8,1,0,0,0
120246191491950167,i10,2026-06-02,facebook_notification,2.1,262,4,0,0,0
120246191491950167,i10,2026-06-02,facebook_profile_feed,8.5,1704,8,0,0,0
120246191491950167,i10,2026-06-02,facebook_reels,75.84,22167,109,5,6,3
120246191491950167,i10,2026-06-02,facebook_reels_overlay,0.2,110,1,0,0,0
120246191491950167,i10,2026-06-02,facebook_stories,20.66,2474,50,1,1,0
120246191491950167,i10,2026-06-02,feed,128.88,21820,324,2,1,0
120246191491950167,i10,2026-06-02,instagram_explore_grid_home,0.02,20,0,0,0,0
120246191491950167,i10,2026-06-02,instagram_reels,18.93,2645,8,2,0,0
120246191491950167,i10,2026-06-02,instagram_stories,9.74,1421,19,0,0,0
120246191491950167,i10,2026-06-02,instream_video,31.59,5227,112,2,0,0
120246191491950167,i10,2026-06-02,marketplace,0.42,230,3,0,0,0
120246191491950167,i10,2026-06-02,rewarded_video,0.3,21,5,0,0,0
120246191491950167,i10,2026-06-02,search,0.95,202,0,0,0,0
120246191491950167,read,2026-06-01,an_classic,0,1,0,0,0,0
120246191491950167,read,2026-06-01,facebook_notification,1.35,138,3,0,0,0
120246191491950167,read,2026-06-01,facebook_profile_feed,2.3,461,5,0,0,0
120246191491950167,read,2026-06-01,facebook_reels,31.61,9063,45,4,5,1
120246191491950167,read,2026-06-01,facebook_reels_overlay,0.1,51,0,0,0,0
120246191491950167,read,2026-06-01,facebook_stories,8.97,1026,20,1,1,0
120246191491950167,read,2026-06-01,feed,59.08,10610,154,0,0,0
120246191491950167,read,2026-06-01,instagram_explore_grid_home,0.01,7,0,0,0,0
120246191491950167,read,2026-06-01,instagram_reels,6.79,834,1,0,0,0
120246191491950167,read,2026-06-01,instagram_stories,4.15,785,16,0,0,0
120246191491950167,read,2026-06-01,instream_video,16.91,2920,55,0,0,0
120246191491950167,read,2026-06-01,marketplace,0.11,74,0,0,0,0
120246191491950167,read,2026-06-01,rewarded_video,0,1,1,0,0,0
120246191491950167,read,2026-06-01,search,0.19,20,0,0,0,0
120246280866310167,read,2026-06-24,an_classic,1.36,1114,10,0,0,0
120246280866310167,read,2026-06-24,facebook_notification,0.02,4,0,0,0,0
120246280866310167,read,2026-06-24,facebook_profile_feed,0.3,114,0,0,0,0
120246280866310167,read,2026-06-24,facebook_reels,1.2,231,0,0,0,0
120246280866310167,read,2026-06-24,facebook_reels_overlay,1.5,1287,6,0,0,0
120246280866310167,read,2026-06-24,facebook_stories,5.96,1633,15,0,0,0
120246280866310167,read,2026-06-24,feed,25.75,9986,59,0,0,0
120246280866310167,read,2026-06-24,instagram_reels,3.83,1035,12,0,0,0
120246280866310167,read,2026-06-24,instagram_stories,21.06,4331,63,1,1,0
120246280866310167,read,2026-06-24,instream_video,5.21,1896,22,0,0,0
120246280866310167,read,2026-06-24,marketplace,0.17,167,0,0,0,0
120246280866310167,read,2026-06-24,search,0.66,29,1,0,0,0
120246280866310167,read,2026-06-24,threads_feed,41.92,113624,187,1,1,0
120246280866870167,read,2026-06-24,an_classic,0.66,371,9,0,0,0
120246280866870167,read,2026-06-24,facebook_notification,0.07,3,0,0,0,0
120246280866870167,read,2026-06-24,facebook_profile_feed,0.19,50,1,0,0,0
120246280866870167,read,2026-06-24,facebook_reels,0.4,135,4,0,0,0
120246280866870167,read,2026-06-24,facebook_reels_overlay,1.76,1283,9,0,0,0
120246280866870167,read,2026-06-24,facebook_stories,5.72,1574,14,0,0,0
120246280866870167,read,2026-06-24,feed,16.38,6497,31,0,0,0
120246280866870167,read,2026-06-24,instagram_reels,31.44,13072,283,0,0,0
120246280866870167,read,2026-06-24,instagram_stories,83.76,27293,645,0,0,0
120246280866870167,read,2026-06-24,instream_video,10.73,4291,43,0,0,0
120246280866870167,read,2026-06-24,marketplace,0.19,225,2,0,0,0
120246280866870167,read,2026-06-24,search,0.24,23,0,0,0,0
120246280866870167,read,2026-06-24,threads_feed,16.32,36118,70,1,0,0
120246280870660167,read,2026-06-02,an_classic,0.01,13,0,0,0,0
120246280870660167,read,2026-06-02,facebook_profile_feed,0,2,0,0,0,0
120246280870660167,read,2026-06-02,facebook_reels,1.68,927,15,0,0,0
120246280870660167,read,2026-06-02,facebook_stories,4.69,1695,43,0,0,0
120246280870660167,read,2026-06-02,feed,0.98,227,1,0,0,0
120246280870660167,read,2026-06-02,instagram_reels,39.59,17468,858,3,2,1
120246280870660167,read,2026-06-02,instagram_stories,99.03,39495,1142,0,0,0
120246280870660167,read,2026-06-02,instream_video,0.02,4,0,0,0,0
120246280870660167,read,2026-06-02,search,0,10,0,0,0,0
120246280870660167,read,2026-06-02,threads_feed,7.94,9683,35,0,0,0
120246280872770167,read,2026-06-06,an_classic,0.48,270,9,0,0,0
120246280872770167,read,2026-06-06,facebook_notification,0.02,4,0,0,0,0
120246280872770167,read,2026-06-06,facebook_profile_feed,0.06,23,1,0,0,0
120246280872770167,read,2026-06-06,facebook_reels,1.11,723,5,0,0,0
120246280872770167,read,2026-06-06,facebook_reels_overlay,0.03,35,0,0,0,0
120246280872770167,read,2026-06-06,facebook_stories,1.85,720,8,0,0,0
120246280872770167,read,2026-06-06,feed,5.91,3346,13,0,0,0
120246280872770167,read,2026-06-06,instagram_reels,27.02,13618,546,0,0,0
120246280872770167,read,2026-06-06,instagram_stories,48.46,18635,638,1,3,1
120246280872770167,read,2026-06-06,instream_video,0.31,106,4,0,0,0
120246280872770167,read,2026-06-06,marketplace,0,8,0,0,0,0
120246280872770167,read,2026-06-06,search,0.07,23,0,0,0,0
120246280872770167,read,2026-06-06,threads_feed,33.57,22653,248,0,0,0
120246280873500167,read,2026-06-24,an_classic,2.53,985,13,0,0,0
120246280873500167,read,2026-06-24,facebook_notification,0.01,2,0,0,0,0
120246280873500167,read,2026-06-24,facebook_profile_feed,0.35,140,0,0,0,0
120246280873500167,read,2026-06-24,facebook_reels,1.08,373,1,0,0,0
120246280873500167,read,2026-06-24,facebook_reels_overlay,0.23,149,0,0,0,0
120246280873500167,read,2026-06-24,facebook_stories,5.3,2142,19,0,0,0
120246280873500167,read,2026-06-24,feed,14.19,4044,23,0,0,0
120246280873500167,read,2026-06-24,instagram_reels,3.61,1156,7,0,0,0
120246280873500167,read,2026-06-24,instagram_stories,25.98,9581,81,0,0,0
120246280873500167,read,2026-06-24,instream_video,2.03,558,13,0,0,0
120246280873500167,read,2026-06-24,marketplace,0.06,81,0,0,0,0
120246280873500167,read,2026-06-24,search,0.01,16,0,0,0,0
120246280873500167,read,2026-06-24,threads_feed,49.42,161107,170,2,0,2
120246280884370167,i10,2026-06-05,an_classic,0.9,293,7,0,0,0
120246280884370167,i10,2026-06-05,facebook_profile_feed,0.01,9,0,0,0,0
120246280884370167,i10,2026-06-05,facebook_reels,0.35,152,0,0,0,0
120246280884370167,i10,2026-06-05,facebook_reels_overlay,0,4,0,0,0,0
120246280884370167,i10,2026-06-05,facebook_stories,2.04,567,10,0,0,0
120246280884370167,i10,2026-06-05,feed,5.27,2729,6,0,0,0
120246280884370167,i10,2026-06-05,instagram_reels,18.96,7654,288,1,0,0
120246280884370167,i10,2026-06-05,instagram_stories,35.17,13391,421,3,2,3
120246280884370167,i10,2026-06-05,instream_video,0.03,22,1,0,0,0
120246280884370167,i10,2026-06-05,marketplace,0,2,0,0,0,0
120246280884370167,i10,2026-06-05,search,0.22,185,1,0,0,0
120246280884370167,i10,2026-06-05,threads_feed,93.16,105505,1925,6,4,2
120246280884370167,read,2026-06-02,an_classic,0.34,5,0,0,0,0
120246280884370167,read,2026-06-02,facebook_profile_feed,0,1,0,0,0,0
120246280884370167,read,2026-06-02,facebook_reels,0.28,113,0,0,0,0
120246280884370167,read,2026-06-02,facebook_reels_overlay,0,4,0,0,0,0
120246280884370167,read,2026-06-02,facebook_stories,0.76,157,4,0,0,0
120246280884370167,read,2026-06-02,feed,5.01,2680,6,0,0,0
120246280884370167,read,2026-06-02,instagram_reels,11.14,4252,148,0,0,0
120246280884370167,read,2026-06-02,instagram_stories,30.24,11396,362,2,1,1
120246280884370167,read,2026-06-02,instream_video,0.03,21,1,0,0,0
120246280884370167,read,2026-06-02,marketplace,0,1,0,0,0,0
120246280884370167,read,2026-06-02,search,0,19,0,0,0,0
120246280884370167,read,2026-06-02,threads_feed,63.84,82367,1422,3,1,2
120246280887120167,read,2026-06-07,an_classic,0.02,3,0,0,0,0
120246280887120167,read,2026-06-07,facebook_profile_feed,0.09,25,0,0,0,0
120246280887120167,read,2026-06-07,facebook_reels,70.52,16034,121,4,0,1
120246280887120167,read,2026-06-07,facebook_reels_overlay,0.01,8,0,0,0,0
120246280887120167,read,2026-06-07,facebook_stories,1.18,212,7,0,0,0
120246280887120167,read,2026-06-07,feed,11.29,1267,14,0,1,0
120246280887120167,read,2026-06-07,instagram_reels,2.54,531,3,0,0,0
120246280887120167,read,2026-06-07,instagram_stories,19.91,4364,110,2,1,0
120246280887120167,read,2026-06-07,instream_video,0.72,138,1,0,0,0
120246280887120167,read,2026-06-07,rewarded_video,0.25,7,1,0,0,0
120246280887120167,read,2026-06-07,search,0.06,21,0,0,0,0
120246280887120167,read,2026-06-07,threads_feed,3.85,4137,5,1,0,1
120246280893240167,i10,2026-06-03,an_classic,0.28,13,2,0,0,0
120246280893240167,i10,2026-06-03,facebook_notification,0,1,0,0,0,0
120246280893240167,i10,2026-06-03,facebook_profile_feed,0.25,86,1,0,0,0
120246280893240167,i10,2026-06-03,facebook_reels,124.4,34913,362,10,3,4
120246280893240167,i10,2026-06-03,facebook_reels_overlay,0.01,3,0,0,0,0
120246280893240167,i10,2026-06-03,facebook_stories,1.39,170,2,0,0,0
120246280893240167,i10,2026-06-03,feed,14.27,2385,20,1,0,1
120246280893240167,i10,2026-06-03,instagram_reels,17.64,3223,23,0,0,0
120246280893240167,i10,2026-06-03,instagram_stories,17.67,3972,98,0,0,0
120246280893240167,i10,2026-06-03,instream_video,1.02,182,6,0,0,0
120246280893240167,i10,2026-06-03,marketplace,0,1,0,0,0,0
120246280893240167,i10,2026-06-03,rewarded_video,0.93,18,3,0,0,0
120246280893240167,i10,2026-06-03,search,0.02,3,0,0,0,0
120246280893240167,i10,2026-06-03,threads_feed,2.82,2617,3,0,0,0
120246280893240167,read,2026-06-02,an_classic,0.21,5,0,0,0,0
120246280893240167,read,2026-06-02,facebook_profile_feed,0.2,60,0,0,0,0
120246280893240167,read,2026-06-02,facebook_reels,80.46,22552,240,7,1,2
120246280893240167,read,2026-06-02,facebook_reels_overlay,0.01,1,0,0,0,0
120246280893240167,read,2026-06-02,facebook_stories,0.96,137,2,0,0,0
120246280893240167,read,2026-06-02,feed,9.82,1741,16,0,0,0
120246280893240167,read,2026-06-02,instagram_reels,7.95,1477,10,0,0,0
120246280893240167,read,2026-06-02,instagram_stories,17.3,3918,96,0,0,0
120246280893240167,read,2026-06-02,instream_video,1,173,6,0,0,0
120246280893240167,read,2026-06-02,marketplace,0,1,0,0,0,0
120246280893240167,read,2026-06-02,rewarded_video,0.12,2,0,0,0,0
120246280893240167,read,2026-06-02,threads_feed,1.75,1782,1,0,0,0
120246280900700167,read,2026-06-24,an_classic,0.53,34,5,0,0,0
120246280900700167,read,2026-06-24,facebook_notification,0.02,4,0,0,0,0
120246280900700167,read,2026-06-24,facebook_profile_feed,0.24,45,0,0,0,0
120246280900700167,read,2026-06-24,facebook_reels,15.79,6621,36,2,2,0
120246280900700167,read,2026-06-24,facebook_reels_overlay,0.93,881,6,0,0,0
120246280900700167,read,2026-06-24,facebook_stories,21.08,3009,61,0,0,0
120246280900700167,read,2026-06-24,feed,74.8,22023,162,0,0,0
120246280900700167,read,2026-06-24,instagram_reels,2.59,282,1,0,0,0
120246280900700167,read,2026-06-24,instagram_stories,19.53,5820,77,0,0,0
120246280900700167,read,2026-06-24,instream_video,17.08,3783,63,0,0,0
120246280900700167,read,2026-06-24,marketplace,0,10,0,0,0,0
120246280900700167,read,2026-06-24,rewarded_video,4.75,363,58,0,0,0
120246280900700167,read,2026-06-24,search,0.06,6,0,0,0,0
120246280900700167,read,2026-06-24,threads_feed,1.63,1329,0,0,0,0
120246280902840167,read,2026-06-22,an_classic,0.28,37,3,0,0,0
120246280902840167,read,2026-06-22,facebook_notification,0.06,5,0,0,0,0
120246280902840167,read,2026-06-22,facebook_profile_feed,0.35,121,1,0,0,0
120246280902840167,read,2026-06-22,facebook_reels,24.15,6749,41,0,0,0
120246280902840167,read,2026-06-22,facebook_reels_overlay,0.78,864,7,0,0,0
120246280902840167,read,2026-06-22,facebook_stories,7.97,1283,26,0,0,0
120246280902840167,read,2026-06-22,feed,19.99,9871,70,5,3,1
120246280902840167,read,2026-06-22,instagram_reels,8.27,1433,7,0,0,0
120246280902840167,read,2026-06-22,instagram_stories,15.37,4914,50,0,0,0
120246280902840167,read,2026-06-22,instream_video,24.92,5584,113,1,1,0
120246280902840167,read,2026-06-22,marketplace,0.02,7,0,0,0,0
120246280902840167,read,2026-06-22,rewarded_video,1.61,115,17,0,0,0
120246280902840167,read,2026-06-22,search,0.08,8,0,0,0,0
120246280902840167,read,2026-06-22,threads_feed,5.59,9849,6,0,0,0
120246282571790167,read,2026-06-21,an_classic,0.13,18,7,0,0,0
120246282571790167,read,2026-06-21,facebook_notification,0.03,2,0,0,0,0
120246282571790167,read,2026-06-21,facebook_profile_feed,0.11,49,1,0,0,0
120246282571790167,read,2026-06-21,facebook_reels,15.05,5165,29,0,0,0
120246282571790167,read,2026-06-21,facebook_reels_overlay,0.88,806,2,0,0,0
120246282571790167,read,2026-06-21,facebook_stories,17.38,2307,70,0,0,0
120246282571790167,read,2026-06-21,feed,37.37,11922,99,2,1,2
120246282571790167,read,2026-06-21,instagram_explore_grid_home,0,4,0,0,0,0
120246282571790167,read,2026-06-21,instagram_reels,3.11,349,2,0,0,0
120246282571790167,read,2026-06-21,instagram_stories,8.65,2225,27,0,0,0
120246282571790167,read,2026-06-21,instream_video,12.91,2836,71,0,0,0
120246282571790167,read,2026-06-21,marketplace,0.1,52,1,0,0,0
120246282571790167,read,2026-06-21,search,0.51,26,1,0,0,0
120246282571790167,read,2026-06-21,threads_feed,4.78,4326,5,0,0,0
120246282571790167,read,2026-06-21,unknown,0,1,0,0,0,0
120246282589460167,i10,2026-06-10,an_classic,0.45,17,4,0,0,0
120246282589460167,i10,2026-06-10,facebook_notification,0.16,11,2,0,0,0
120246282589460167,i10,2026-06-10,facebook_profile_feed,1.06,279,5,0,0,0
120246282589460167,i10,2026-06-10,facebook_reels,21.01,4962,30,0,0,0
120246282589460167,i10,2026-06-10,facebook_reels_overlay,0.05,62,0,0,0,0
120246282589460167,i10,2026-06-10,facebook_stories,11.33,1761,44,2,2,0
120246282589460167,i10,2026-06-10,feed,45.41,10671,88,5,3,4
120246282589460167,i10,2026-06-10,instagram_reels,21.85,2455,11,4,0,0
120246282589460167,i10,2026-06-10,instagram_stories,7.43,1320,22,0,0,0
120246282589460167,i10,2026-06-10,instream_video,4.57,924,30,0,0,0
120246282589460167,i10,2026-06-10,marketplace,0.02,7,0,0,0,0
120246282589460167,i10,2026-06-10,search,0.07,7,1,0,0,0
120246282589460167,i10,2026-06-10,threads_feed,4.4,3629,2,0,0,0
120246282589460167,read,2026-06-09,an_classic,0.44,16,4,0,0,0
120246282589460167,read,2026-06-09,facebook_notification,0.16,11,2,0,0,0
120246282589460167,read,2026-06-09,facebook_profile_feed,1.06,276,5,0,0,0
120246282589460167,read,2026-06-09,facebook_reels,20.68,4890,30,0,0,0
120246282589460167,read,2026-06-09,facebook_reels_overlay,0.05,56,0,0,0,0
120246282589460167,read,2026-06-09,facebook_stories,11.2,1731,44,2,2,0
120246282589460167,read,2026-06-09,feed,44.69,10387,88,5,3,4
120246282589460167,read,2026-06-09,instagram_reels,21.44,2392,9,2,0,0
120246282589460167,read,2026-06-09,instagram_stories,6.95,1243,21,0,0,0
120246282589460167,read,2026-06-09,instream_video,4.43,901,29,0,0,0
120246282589460167,read,2026-06-09,marketplace,0.01,6,0,0,0,0
120246282589460167,read,2026-06-09,search,0.07,7,1,0,0,0
120246282589460167,read,2026-06-09,threads_feed,4.16,3343,2,0,0,0
120246282591040167,i10,2026-06-08,an_classic,0.11,8,2,0,0,0
120246282591040167,i10,2026-06-08,facebook_notification,0.01,3,0,0,0,0
120246282591040167,i10,2026-06-08,facebook_profile_feed,0.41,115,0,0,0,0
120246282591040167,i10,2026-06-08,facebook_reels,53.32,9693,68,5,4,1
120246282591040167,i10,2026-06-08,facebook_reels_overlay,0.04,32,0,0,0,0
120246282591040167,i10,2026-06-08,facebook_stories,6.07,886,24,0,0,0
120246282591040167,i10,2026-06-08,feed,50.72,8342,119,9,5,3
120246282591040167,i10,2026-06-08,instagram_reels,12.86,1435,5,0,0,0
120246282591040167,i10,2026-06-08,instagram_stories,2.7,477,5,0,0,0
120246282591040167,i10,2026-06-08,instream_video,1.97,381,8,0,0,0
120246282591040167,i10,2026-06-08,marketplace,0.06,8,0,0,0,0
120246282591040167,i10,2026-06-08,search,0.01,5,0,0,0,0
120246282591040167,i10,2026-06-08,threads_feed,7.85,4797,3,0,0,0
120246282591040167,read,2026-06-08,an_classic,0.11,8,2,0,0,0
120246282591040167,read,2026-06-08,facebook_notification,0.01,3,0,0,0,0
120246282591040167,read,2026-06-08,facebook_profile_feed,0.41,115,0,0,0,0
120246282591040167,read,2026-06-08,facebook_reels,53.32,9693,68,5,4,1
120246282591040167,read,2026-06-08,facebook_reels_overlay,0.04,32,0,0,0,0
120246282591040167,read,2026-06-08,facebook_stories,6.07,886,24,0,0,0
120246282591040167,read,2026-06-08,feed,50.72,8342,119,9,5,3
120246282591040167,read,2026-06-08,instagram_reels,12.86,1435,5,0,0,0
120246282591040167,read,2026-06-08,instagram_stories,2.7,477,5,0,0,0
120246282591040167,read,2026-06-08,instream_video,1.97,381,8,0,0,0
120246282591040167,read,2026-06-08,marketplace,0.06,8,0,0,0,0
120246282591040167,read,2026-06-08,search,0.01,5,0,0,0,0
120246282591040167,read,2026-06-08,threads_feed,7.85,4797,3,0,0,0
120246331786010167,read,2026-06-03,an_classic,0.02,1,0,0,0,0
120246331786010167,read,2026-06-03,facebook_notification,0.48,39,2,0,0,0
120246331786010167,read,2026-06-03,facebook_reels,37.49,8181,146,0,0,0
120246331786010167,read,2026-06-03,facebook_reels_overlay,0,1,0,0,0,0
120246331786010167,read,2026-06-03,facebook_stories,4.74,570,10,0,0,0
120246331786010167,read,2026-06-03,feed,83.9,18807,490,1,0,0
120246331786010167,read,2026-06-03,instagram_explore_grid_home,0.44,227,0,0,0,0
120246331786010167,read,2026-06-03,instagram_reels,76.01,10504,451,1,0,0
120246331786010167,read,2026-06-03,instagram_stories,59.57,11372,320,0,0,0
120246331786010167,read,2026-06-03,instream_video,0.4,44,3,0,0,0
120246331786010167,read,2026-06-03,marketplace,0.03,12,0,0,0,0
120246331786010167,read,2026-06-03,rewarded_video,0.14,8,3,0,0,0
120246331786010167,read,2026-06-03,search,0,1,0,0,0,0
120246363710740167,i10,2026-06-03,an_classic,1.73,1106,11,0,0,0
120246363710740167,i10,2026-06-03,biz_disco_feed,0.02,2,0,0,0,0
120246363710740167,i10,2026-06-03,facebook_notification,0.25,45,1,0,0,0
120246363710740167,i10,2026-06-03,facebook_profile_feed,3.56,1057,3,0,0,0
120246363710740167,i10,2026-06-03,facebook_reels,12.57,3173,16,2,0,0
120246363710740167,i10,2026-06-03,facebook_reels_overlay,0.14,87,1,0,0,0
120246363710740167,i10,2026-06-03,facebook_stories,5.07,1404,9,0,0,0
120246363710740167,i10,2026-06-03,feed,38.42,11414,61,3,2,1
120246363710740167,i10,2026-06-03,instagram_reels,31.23,11696,170,0,0,0
120246363710740167,i10,2026-06-03,instagram_stories,154.91,52264,706,5,3,0
120246363710740167,i10,2026-06-03,instream_video,2.52,611,16,0,0,0
120246363710740167,i10,2026-06-03,marketplace,0.11,91,0,0,0,0
120246363710740167,i10,2026-06-03,search,0.22,101,0,0,0,0
120246363710740167,i10,2026-06-03,threads_feed,69.88,83576,170,3,0,0
120246363710740167,read,2026-06-03,an_classic,1.73,1106,11,0,0,0
120246363710740167,read,2026-06-03,biz_disco_feed,0.02,2,0,0,0,0
120246363710740167,read,2026-06-03,facebook_notification,0.25,45,1,0,0,0
120246363710740167,read,2026-06-03,facebook_profile_feed,3.56,1057,3,0,0,0
120246363710740167,read,2026-06-03,facebook_reels,12.57,3173,16,2,0,0
120246363710740167,read,2026-06-03,facebook_reels_overlay,0.14,87,1,0,0,0
120246363710740167,read,2026-06-03,facebook_stories,5.07,1404,9,0,0,0
120246363710740167,read,2026-06-03,feed,38.42,11414,61,3,2,1
120246363710740167,read,2026-06-03,instagram_reels,31.23,11696,170,0,0,0
120246363710740167,read,2026-06-03,instagram_stories,154.91,52264,706,5,3,0
120246363710740167,read,2026-06-03,instream_video,2.52,611,16,0,0,0
120246363710740167,read,2026-06-03,marketplace,0.11,91,0,0,0,0
120246363710740167,read,2026-06-03,search,0.22,101,0,0,0,0
120246363710740167,read,2026-06-03,threads_feed,69.88,83576,170,3,0,0
120246363710870167,i10,2026-06-03,an_classic,0.02,3,0,0,0,0
120246363710870167,i10,2026-06-03,facebook_notification,0.33,35,0,0,0,0
120246363710870167,i10,2026-06-03,facebook_profile_feed,15.7,2184,14,0,0,0
120246363710870167,i10,2026-06-03,facebook_reels,117.26,24196,118,9,4,3
120246363710870167,i10,2026-06-03,facebook_reels_overlay,0.17,80,2,0,0,0
120246363710870167,i10,2026-06-03,facebook_stories,58.79,4772,104,2,1,0
120246363710870167,i10,2026-06-03,feed,140.12,23471,269,4,1,0
120246363710870167,i10,2026-06-03,instagram_explore_grid_home,0.01,7,0,0,0,0
120246363710870167,i10,2026-06-03,instagram_reels,13.1,1616,7,1,0,0
120246363710870167,i10,2026-06-03,instagram_stories,10.41,1586,25,1,0,0
120246363710870167,i10,2026-06-03,instream_video,28.73,3678,66,0,0,0
120246363710870167,i10,2026-06-03,marketplace,0.31,112,0,0,0,0
120246363710870167,i10,2026-06-03,rewarded_video,0.04,3,1,0,0,0
120246363710870167,i10,2026-06-03,search,1.13,48,1,0,0,0
120246363710870167,i10,2026-06-03,threads_feed,7.24,2562,1,0,0,0
120246363710870167,read,2026-06-03,an_classic,0.02,3,0,0,0,0
120246363710870167,read,2026-06-03,facebook_notification,0.33,35,0,0,0,0
120246363710870167,read,2026-06-03,facebook_profile_feed,15.7,2184,14,0,0,0
120246363710870167,read,2026-06-03,facebook_reels,117.26,24196,118,9,4,3
120246363710870167,read,2026-06-03,facebook_reels_overlay,0.17,80,2,0,0,0
120246363710870167,read,2026-06-03,facebook_stories,58.79,4772,104,2,1,0
120246363710870167,read,2026-06-03,feed,140.12,23471,269,4,1,0
120246363710870167,read,2026-06-03,instagram_explore_grid_home,0.01,7,0,0,0,0
120246363710870167,read,2026-06-03,instagram_reels,13.1,1616,7,1,0,0
120246363710870167,read,2026-06-03,instagram_stories,10.41,1586,25,1,0,0
120246363710870167,read,2026-06-03,instream_video,28.73,3678,66,0,0,0
120246363710870167,read,2026-06-03,marketplace,0.31,112,0,0,0,0
120246363710870167,read,2026-06-03,rewarded_video,0.04,3,1,0,0,0
120246363710870167,read,2026-06-03,search,1.13,48,1,0,0,0
120246363710870167,read,2026-06-03,threads_feed,7.24,2562,1,0,0,0
120246363710880167,i10,2026-06-03,an_classic,0.15,9,2,0,0,0
120246363710880167,i10,2026-06-03,facebook_notification,1.66,116,0,0,0,0
120246363710880167,i10,2026-06-03,facebook_reels,92.86,14059,110,8,5,0
120246363710880167,i10,2026-06-03,facebook_reels_overlay,0.36,262,4,0,0,0
120246363710880167,i10,2026-06-03,facebook_stories,60.03,5855,200,5,1,1
120246363710880167,i10,2026-06-03,feed,126.69,27234,364,2,0,0
120246363710880167,i10,2026-06-03,instagram_explore_grid_home,0.38,266,1,0,0,0
120246363710880167,i10,2026-06-03,instagram_reels,86.14,9596,80,4,0,0
120246363710880167,i10,2026-06-03,instagram_stories,42.38,9586,138,0,0,0
120246363710880167,i10,2026-06-03,instream_video,19.64,2476,83,0,0,0
120246363710880167,i10,2026-06-03,marketplace,1.1,512,4,0,0,0
120246363710880167,i10,2026-06-03,rewarded_video,1.71,76,9,0,0,0
120246363710880167,i10,2026-06-03,search,1.5,639,2,0,0,0
120246363710880167,read,2026-06-03,an_classic,0.15,9,2,0,0,0
120246363710880167,read,2026-06-03,facebook_notification,1.66,116,0,0,0,0
120246363710880167,read,2026-06-03,facebook_reels,92.86,14059,110,8,5,0
120246363710880167,read,2026-06-03,facebook_reels_overlay,0.36,262,4,0,0,0
120246363710880167,read,2026-06-03,facebook_stories,60.03,5855,200,5,1,1
120246363710880167,read,2026-06-03,feed,126.69,27234,364,2,0,0
120246363710880167,read,2026-06-03,instagram_explore_grid_home,0.38,266,1,0,0,0
120246363710880167,read,2026-06-03,instagram_reels,86.14,9596,80,4,0,0
120246363710880167,read,2026-06-03,instagram_stories,42.38,9586,138,0,0,0
120246363710880167,read,2026-06-03,instream_video,19.64,2476,83,0,0,0
120246363710880167,read,2026-06-03,marketplace,1.1,512,4,0,0,0
120246363710880167,read,2026-06-03,rewarded_video,1.71,76,9,0,0,0
120246363710880167,read,2026-06-03,search,1.5,639,2,0,0,0
120246363710890167,i10,2026-06-04,an_classic,2.95,846,14,0,0,0
120246363710890167,i10,2026-06-04,facebook_notification,2.23,395,2,0,0,0
120246363710890167,i10,2026-06-04,facebook_reels,4.23,1382,7,0,0,0
120246363710890167,i10,2026-06-04,facebook_reels_overlay,9.19,5622,69,0,0,0
120246363710890167,i10,2026-06-04,facebook_stories,67.34,10710,210,0,0,0
120246363710890167,i10,2026-06-04,feed,368.65,94609,2127,13,6,0
120246363710890167,i10,2026-06-04,instagram_reels,8.93,1651,35,0,0,0
120246363710890167,i10,2026-06-04,instagram_stories,8.97,1731,14,0,0,0
120246363710890167,i10,2026-06-04,instream_video,6.21,3944,54,1,1,0
120246363710890167,i10,2026-06-04,marketplace,0.27,189,0,0,0,0
120246363710890167,i10,2026-06-04,search,0.93,375,1,0,0,0
120246363710890167,read,2026-06-03,an_classic,1.38,297,3,0,0,0
120246363710890167,read,2026-06-03,facebook_notification,0.51,77,0,0,0,0
120246363710890167,read,2026-06-03,facebook_reels,1.91,562,3,0,0,0
120246363710890167,read,2026-06-03,facebook_reels_overlay,3.36,2083,24,0,0,0
120246363710890167,read,2026-06-03,facebook_stories,41.34,6020,131,0,0,0
120246363710890167,read,2026-06-03,feed,212.71,53624,1242,5,2,0
120246363710890167,read,2026-06-03,instagram_reels,3.43,595,16,0,0,0
120246363710890167,read,2026-06-03,instagram_stories,4,655,5,0,0,0
120246363710890167,read,2026-06-03,instream_video,3.6,2279,31,1,1,0
120246363710890167,read,2026-06-03,marketplace,0.18,114,0,0,0,0
120246363710890167,read,2026-06-03,search,0.35,52,0,0,0,0
120246363710910167,i10,2026-06-04,an_classic,0.3,30,4,0,0,0
120246363710910167,i10,2026-06-04,facebook_notification,1.23,138,2,0,0,0
120246363710910167,i10,2026-06-04,facebook_profile_feed,7.69,1345,7,0,0,0
120246363710910167,i10,2026-06-04,facebook_reels,87.81,20377,113,4,2,0
120246363710910167,i10,2026-06-04,facebook_reels_overlay,0.08,30,1,0,0,0
120246363710910167,i10,2026-06-04,facebook_stories,57.92,5065,157,2,0,0
120246363710910167,i10,2026-06-04,feed,100.84,22938,221,2,0,0
120246363710910167,i10,2026-06-04,instagram_explore_grid_home,0.02,27,0,0,0,0
120246363710910167,i10,2026-06-04,instagram_reels,66.68,12661,27,2,3,0
120246363710910167,i10,2026-06-04,instagram_search,0,1,0,0,0,0
120246363710910167,i10,2026-06-04,instagram_stories,21.74,4346,47,0,0,0
120246363710910167,i10,2026-06-04,instream_video,10.32,1907,63,0,0,0
120246363710910167,i10,2026-06-04,marketplace,0.42,209,3,0,0,0
120246363710910167,i10,2026-06-04,rewarded_video,3.53,267,53,0,0,0
120246363710910167,i10,2026-06-04,search,0.05,9,1,0,0,0
120246363710910167,i10,2026-06-04,threads_feed,15.76,11112,8,0,0,0
120246363710910167,read,2026-06-03,an_classic,0.14,9,3,0,0,0
120246363710910167,read,2026-06-03,facebook_notification,0.78,66,2,0,0,0
120246363710910167,read,2026-06-03,facebook_profile_feed,6.67,1111,5,0,0,0
120246363710910167,read,2026-06-03,facebook_reels,68.37,16043,90,4,2,0
120246363710910167,read,2026-06-03,facebook_reels_overlay,0.07,15,1,0,0,0
120246363710910167,read,2026-06-03,facebook_stories,49.29,4310,126,1,0,0
120246363710910167,read,2026-06-03,feed,83.78,20447,186,2,0,0
120246363710910167,read,2026-06-03,instagram_explore_grid_home,0.01,16,0,0,0,0
120246363710910167,read,2026-06-03,instagram_reels,45.88,8906,21,2,3,0
120246363710910167,read,2026-06-03,instagram_search,0,1,0,0,0,0
120246363710910167,read,2026-06-03,instagram_stories,17.19,3473,34,0,0,0
120246363710910167,read,2026-06-03,instream_video,7.52,1367,42,0,0,0
120246363710910167,read,2026-06-03,marketplace,0.34,148,3,0,0,0
120246363710910167,read,2026-06-03,rewarded_video,1.16,79,15,0,0,0
120246363710910167,read,2026-06-03,search,0.03,4,1,0,0,0
120246363710910167,read,2026-06-03,threads_feed,13.86,9872,8,0,0,0
120246363710920167,read,2026-06-03,an_classic,0.01,2,1,0,0,0
120246363710920167,read,2026-06-03,facebook_notification,0.41,59,1,0,0,0
120246363710920167,read,2026-06-03,facebook_profile_feed,0.14,64,1,0,0,0
120246363710920167,read,2026-06-03,facebook_reels,26.96,11651,48,0,0,0
120246363710920167,read,2026-06-03,facebook_reels_overlay,0.12,102,1,0,0,0
120246363710920167,read,2026-06-03,facebook_stories,4.32,776,8,0,0,0
120246363710920167,read,2026-06-03,feed,11.26,3645,33,0,0,0
120246363710920167,read,2026-06-03,instagram_reels,4.68,1201,1,0,0,0
120246363710920167,read,2026-06-03,instagram_stories,138.54,58691,809,0,0,0
120246363710920167,read,2026-06-03,instream_video,8.14,1880,59,0,0,0
120246363710920167,read,2026-06-03,marketplace,0.01,6,0,0,0,0
120246363710920167,read,2026-06-03,search,0.37,133,1,0,0,0
120246363710920167,read,2026-06-03,threads_feed,17.13,16345,13,0,0,0
120246363710970167,i10,2026-06-05,an_classic,1.85,79,23,0,0,0
120246363710970167,i10,2026-06-05,biz_disco_feed,0.01,1,0,0,0,0
120246363710970167,i10,2026-06-05,facebook_notification,0.81,79,1,0,0,0
120246363710970167,i10,2026-06-05,facebook_profile_feed,8.14,1544,9,0,0,0
120246363710970167,i10,2026-06-05,facebook_reels,78.45,22911,137,9,3,0
120246363710970167,i10,2026-06-05,facebook_reels_overlay,0.61,546,2,0,0,0
120246363710970167,i10,2026-06-05,facebook_stories,99.19,11552,324,0,0,0
120246363710970167,i10,2026-06-05,feed,74.1,12638,122,2,0,0
120246363710970167,i10,2026-06-05,instagram_reels,12.37,1837,7,0,0,0
120246363710970167,i10,2026-06-05,instream_video,33.19,6827,159,0,0,0
120246363710970167,i10,2026-06-05,marketplace,0.56,291,2,0,0,0
120246363710970167,i10,2026-06-05,rewarded_video,17.03,1143,288,2,0,0
120246363710970167,i10,2026-06-05,search,0.02,11,0,0,0,0
120246363710970167,i10,2026-06-05,threads_feed,7.06,6414,4,0,0,0
120246363710970167,read,2026-06-03,an_classic,0.1,4,1,0,0,0
120246363710970167,read,2026-06-03,biz_disco_feed,0.01,1,0,0,0,0
120246363710970167,read,2026-06-03,facebook_notification,0.02,1,0,0,0,0
120246363710970167,read,2026-06-03,facebook_profile_feed,3.31,602,3,0,0,0
120246363710970167,read,2026-06-03,facebook_reels,20.11,7405,50,5,0,0
120246363710970167,read,2026-06-03,facebook_reels_overlay,0.18,206,0,0,0,0
120246363710970167,read,2026-06-03,facebook_stories,51.79,6306,194,0,0,0
120246363710970167,read,2026-06-03,feed,20.03,3731,43,0,0,0
120246363710970167,read,2026-06-03,instagram_reels,3,502,1,0,0,0
120246363710970167,read,2026-06-03,instream_video,23.1,4887,115,0,0,0
120246363710970167,read,2026-06-03,marketplace,0.23,125,0,0,0,0
120246363710970167,read,2026-06-03,rewarded_video,0.74,49,11,0,0,0
120246363710970167,read,2026-06-03,search,0,2,0,0,0,0
120246363710970167,read,2026-06-03,threads_feed,4.39,4265,3,0,0,0
120246363710980167,i10,2026-06-06,an_classic,0.24,21,3,0,0,0
120246363710980167,i10,2026-06-06,biz_disco_feed,0.01,1,0,0,0,0
120246363710980167,i10,2026-06-06,facebook_notification,1.8,313,3,0,0,0
120246363710980167,i10,2026-06-06,facebook_profile_feed,1.46,463,3,0,0,0
120246363710980167,i10,2026-06-06,facebook_reels,56.75,22852,96,2,0,0
120246363710980167,i10,2026-06-06,facebook_reels_overlay,0.31,215,1,0,0,0
120246363710980167,i10,2026-06-06,facebook_stories,59.13,9340,194,2,0,0
120246363710980167,i10,2026-06-06,feed,91.74,29722,281,3,1,0
120246363710980167,i10,2026-06-06,instagram_explore_grid_home,0.01,26,0,0,0,0
120246363710980167,i10,2026-06-06,instagram_reels,25.57,6624,9,0,0,0
120246363710980167,i10,2026-06-06,instagram_stories,142.87,48950,441,5,2,4
120246363710980167,i10,2026-06-06,instream_video,29.77,5676,135,1,1,0
120246363710980167,i10,2026-06-06,marketplace,0.44,263,1,0,0,0
120246363710980167,i10,2026-06-06,rewarded_video,0.13,9,2,0,0,0
120246363710980167,i10,2026-06-06,search,0.08,7,1,0,0,0
120246363710980167,i10,2026-06-06,threads_feed,7.08,9783,5,0,0,0
120246363710980167,read,2026-06-03,an_classic,0.01,3,1,0,0,0
120246363710980167,read,2026-06-03,facebook_notification,0.71,128,1,0,0,0
120246363710980167,read,2026-06-03,facebook_profile_feed,0.94,317,3,0,0,0
120246363710980167,read,2026-06-03,facebook_reels,43.99,18560,78,0,0,0
120246363710980167,read,2026-06-03,facebook_reels_overlay,0.09,65,0,0,0,0
120246363710980167,read,2026-06-03,facebook_stories,37.31,5590,108,2,0,0
120246363710980167,read,2026-06-03,feed,52.3,20361,172,2,1,0
120246363710980167,read,2026-06-03,instagram_explore_grid_home,0.01,15,0,0,0,0
120246363710980167,read,2026-06-03,instagram_reels,15.65,4080,6,0,0,0
120246363710980167,read,2026-06-03,instagram_stories,94.99,32430,270,0,0,0
120246363710980167,read,2026-06-03,instream_video,20.3,4003,95,1,1,0
120246363710980167,read,2026-06-03,marketplace,0.26,165,1,0,0,0
120246363710980167,read,2026-06-03,threads_feed,3.57,4297,2,0,0,0
120246363710990167,i10,2026-06-03,an_classic,0.22,17,3,0,0,0
120246363710990167,i10,2026-06-03,facebook_notification,0.91,118,1,0,0,0
120246363710990167,i10,2026-06-03,facebook_profile_feed,7.5,1582,12,0,0,0
120246363710990167,i10,2026-06-03,facebook_reels,476.97,118574,639,38,28,8
120246363710990167,i10,2026-06-03,facebook_reels_overlay,0.14,99,1,0,0,0
120246363710990167,i10,2026-06-03,facebook_stories,74.86,7885,169,2,1,0
120246363710990167,i10,2026-06-03,feed,284.89,83023,553,16,6,0
120246363710990167,i10,2026-06-03,instagram_explore_grid_home,0.09,62,0,0,0,0
120246363710990167,i10,2026-06-03,instagram_reels,176.4,35260,75,7,5,4
120246363710990167,i10,2026-06-03,instagram_stories,115.48,35369,379,2,2,1
120246363710990167,i10,2026-06-03,instream_video,34.36,5405,114,2,0,0
120246363710990167,i10,2026-06-03,marketplace,0.43,184,0,0,0,0
120246363710990167,i10,2026-06-03,rewarded_video,2.37,189,30,0,0,0
120246363710990167,i10,2026-06-03,search,0.28,12,1,0,0,0
120246363710990167,i10,2026-06-03,threads_feed,69.19,40823,26,1,0,0
120246363710990167,read,2026-06-03,an_classic,0.22,17,3,0,0,0
120246363710990167,read,2026-06-03,facebook_notification,0.91,118,1,0,0,0
120246363710990167,read,2026-06-03,facebook_profile_feed,7.5,1582,12,0,0,0
120246363710990167,read,2026-06-03,facebook_reels,476.97,118574,639,38,28,8
120246363710990167,read,2026-06-03,facebook_reels_overlay,0.14,99,1,0,0,0
120246363710990167,read,2026-06-03,facebook_stories,74.86,7885,169,2,1,0
120246363710990167,read,2026-06-03,feed,284.89,83023,553,16,6,0
120246363710990167,read,2026-06-03,instagram_explore_grid_home,0.09,62,0,0,0,0
120246363710990167,read,2026-06-03,instagram_reels,176.4,35260,75,7,5,4
120246363710990167,read,2026-06-03,instagram_stories,115.48,35369,379,2,2,1
120246363710990167,read,2026-06-03,instream_video,34.36,5405,114,2,0,0
120246363710990167,read,2026-06-03,marketplace,0.43,184,0,0,0,0
120246363710990167,read,2026-06-03,rewarded_video,2.37,189,30,0,0,0
120246363710990167,read,2026-06-03,search,0.28,12,1,0,0,0
120246363710990167,read,2026-06-03,threads_feed,69.19,40823,26,1,0,0
120246363711040167,i10,2026-06-03,an_classic,0.55,348,6,0,0,0
120246363711040167,i10,2026-06-03,facebook_notification,0.89,117,1,0,0,0
120246363711040167,i10,2026-06-03,facebook_profile_feed,3.16,1280,6,0,0,0
120246363711040167,i10,2026-06-03,facebook_reels,12.54,5686,34,0,0,0
120246363711040167,i10,2026-06-03,facebook_reels_overlay,0.19,187,1,0,0,0
120246363711040167,i10,2026-06-03,facebook_stories,58.6,18041,247,2,0,1
120246363711040167,i10,2026-06-03,feed,303.45,119581,1292,12,6,3
120246363711040167,i10,2026-06-03,instagram_reels,125.64,52772,1637,1,2,0
120246363711040167,i10,2026-06-03,instagram_stories,463.9,174018,4505,6,4,0
120246363711040167,i10,2026-06-03,instream_video,1.54,511,9,0,0,0
120246363711040167,i10,2026-06-03,marketplace,0.1,99,0,0,0,0
120246363711040167,i10,2026-06-03,search,0.49,141,0,0,0,0
120246363711040167,i10,2026-06-03,threads_feed,189.48,258895,595,2,1,0
120246363711040167,read,2026-06-03,an_classic,0.55,348,6,0,0,0
120246363711040167,read,2026-06-03,facebook_notification,0.89,117,1,0,0,0
120246363711040167,read,2026-06-03,facebook_profile_feed,3.16,1280,6,0,0,0
120246363711040167,read,2026-06-03,facebook_reels,12.54,5686,34,0,0,0
120246363711040167,read,2026-06-03,facebook_reels_overlay,0.19,187,1,0,0,0
120246363711040167,read,2026-06-03,facebook_stories,58.6,18041,247,2,0,1
120246363711040167,read,2026-06-03,feed,303.45,119581,1292,12,6,3
120246363711040167,read,2026-06-03,instagram_reels,125.64,52772,1637,1,2,0
120246363711040167,read,2026-06-03,instagram_stories,463.9,174018,4505,6,4,0
120246363711040167,read,2026-06-03,instream_video,1.54,511,9,0,0,0
120246363711040167,read,2026-06-03,marketplace,0.1,99,0,0,0,0
120246363711040167,read,2026-06-03,search,0.49,141,0,0,0,0
120246363711040167,read,2026-06-03,threads_feed,189.48,258895,595,2,1,0
120246363711050167,i10,2026-08-05,an_classic,38.57,11860,405,1,0,0
120246363711050167,i10,2026-08-05,biz_disco_feed,0,4,0,0,0,0
120246363711050167,i10,2026-08-05,facebook_notification,0.52,137,0,0,0,0
120246363711050167,i10,2026-08-05,facebook_profile_feed,7.75,2452,10,0,0,0
120246363711050167,i10,2026-08-05,facebook_reels,42.63,13387,30,3,0,0
120246363711050167,i10,2026-08-05,facebook_reels_overlay,7.09,5880,40,0,0,0
120246363711050167,i10,2026-08-05,facebook_stories,120.24,25738,292,1,0,0
120246363711050167,i10,2026-08-05,feed,409.38,145592,766,10,3,1
120246363711050167,i10,2026-08-05,instagram_reels,19.93,5227,49,0,0,0
120246363711050167,i10,2026-08-05,instagram_stories,401.76,150128,1575,3,2,2
120246363711050167,i10,2026-08-05,instream_video,53.49,13226,276,0,0,0
120246363711050167,i10,2026-08-05,marketplace,4.35,4240,6,0,0,0
120246363711050167,i10,2026-08-05,search,2.43,1520,4,0,0,0
120246363711050167,i10,2026-08-05,threads_feed,353.13,686541,1143,1,0,1
120246363711050167,read,2026-06-04,an_classic,0.61,665,13,0,0,0
120246363711050167,read,2026-06-04,biz_disco_feed,0,1,0,0,0,0
120246363711050167,read,2026-06-04,facebook_notification,0.13,34,0,0,0,0
120246363711050167,read,2026-06-04,facebook_profile_feed,0.83,355,0,0,0,0
120246363711050167,read,2026-06-04,facebook_reels,1.35,362,2,0,0,0
120246363711050167,read,2026-06-04,facebook_reels_overlay,0.49,489,4,0,0,0
120246363711050167,read,2026-06-04,facebook_stories,4.12,1245,14,0,0,0
120246363711050167,read,2026-06-04,feed,19.34,5614,32,0,0,0
120246363711050167,read,2026-06-04,instagram_reels,1.74,547,7,0,0,0
120246363711050167,read,2026-06-04,instagram_stories,46.72,16631,185,0,0,0
120246363711050167,read,2026-06-04,instream_video,6.82,1473,35,0,0,0
120246363711050167,read,2026-06-04,marketplace,0.1,87,0,0,0,0
120246363711050167,read,2026-06-04,search,0.03,21,0,0,0,0
120246363711050167,read,2026-06-04,threads_feed,55.25,123243,225,0,0,0
120246438347130167,read,2026-06-04,an_classic,0.05,2,2,0,0,0
120246438347130167,read,2026-06-04,facebook_notification,0.2,26,1,0,0,0
120246438347130167,read,2026-06-04,facebook_reels,13.69,3079,23,0,0,0
120246438347130167,read,2026-06-04,facebook_reels_overlay,0.04,27,0,0,0,0
120246438347130167,read,2026-06-04,facebook_stories,10.67,1334,23,0,0,0
120246438347130167,read,2026-06-04,feed,34.43,6968,146,0,0,0
120246438347130167,read,2026-06-04,instagram_explore_grid_home,0.24,155,2,0,0,0
120246438347130167,read,2026-06-04,instagram_reels,32.18,5190,106,1,1,1
120246438347130167,read,2026-06-04,instagram_stories,16.12,3346,66,0,0,0
120246438347130167,read,2026-06-04,instream_video,1.4,252,5,0,0,0
120246438347130167,read,2026-06-04,marketplace,0.03,16,0,0,0,0
120246438347130167,read,2026-06-04,rewarded_video,0.28,18,3,0,0,0
120246694232840167,i10,2026-06-08,an_classic,0.02,1,1,0,0,0
120246694232840167,i10,2026-06-08,facebook_notification,0.01,3,0,0,0,0
120246694232840167,i10,2026-06-08,facebook_profile_feed,0.14,79,0,0,0,0
120246694232840167,i10,2026-06-08,facebook_reels,79.71,23725,134,6,3,1
120246694232840167,i10,2026-06-08,facebook_reels_overlay,0.02,7,0,0,0,0
120246694232840167,i10,2026-06-08,facebook_stories,10.8,1678,26,0,0,0
120246694232840167,i10,2026-06-08,feed,37.15,10529,120,1,0,0
120246694232840167,i10,2026-06-08,instagram_explore_grid_home,0,12,0,0,0,0
120246694232840167,i10,2026-06-08,instagram_reels,30.85,7218,29,8,3,0
120246694232840167,i10,2026-06-08,instagram_stories,107.28,32671,1553,1,0,0
120246694232840167,i10,2026-06-08,instream_video,4.26,694,15,1,2,0
120246694232840167,i10,2026-06-08,marketplace,0.01,10,0,0,0,0
120246694232840167,i10,2026-06-08,rewarded_video,0.6,6,1,0,0,0
120246694232840167,i10,2026-06-08,search,0.08,11,1,0,0,0
120246694232840167,i10,2026-06-08,threads_feed,12.42,17258,11,0,0,0
120246694232840167,read,2026-06-08,an_classic,0.02,1,1,0,0,0
120246694232840167,read,2026-06-08,facebook_notification,0.01,3,0,0,0,0
120246694232840167,read,2026-06-08,facebook_profile_feed,0.14,79,0,0,0,0
120246694232840167,read,2026-06-08,facebook_reels,79.71,23725,134,6,3,1
120246694232840167,read,2026-06-08,facebook_reels_overlay,0.02,7,0,0,0,0
120246694232840167,read,2026-06-08,facebook_stories,10.8,1678,26,0,0,0
120246694232840167,read,2026-06-08,feed,37.15,10529,120,1,0,0
120246694232840167,read,2026-06-08,instagram_explore_grid_home,0,12,0,0,0,0
120246694232840167,read,2026-06-08,instagram_reels,30.85,7218,29,8,3,0
120246694232840167,read,2026-06-08,instagram_stories,107.28,32671,1553,1,0,0
120246694232840167,read,2026-06-08,instream_video,4.26,694,15,1,2,0
120246694232840167,read,2026-06-08,marketplace,0.01,10,0,0,0,0
120246694232840167,read,2026-06-08,rewarded_video,0.6,6,1,0,0,0
120246694232840167,read,2026-06-08,search,0.08,11,1,0,0,0
120246694232840167,read,2026-06-08,threads_feed,12.42,17258,11,0,0,0
120246694233530167,read,2026-06-14,an_classic,0.2,18,5,0,0,0
120246694233530167,read,2026-06-14,facebook_notification,0.51,56,2,0,0,0
120246694233530167,read,2026-06-14,facebook_profile_feed,0.35,82,0,0,0,0
120246694233530167,read,2026-06-14,facebook_reels,24.78,7776,42,2,1,0
120246694233530167,read,2026-06-14,facebook_reels_overlay,0.26,163,1,0,0,0
120246694233530167,read,2026-06-14,facebook_stories,21.69,2960,67,0,0,0
120246694233530167,read,2026-06-14,feed,46.76,7120,85,2,2,1
120246694233530167,read,2026-06-14,instagram_explore_grid_home,0,2,0,0,0,0
120246694233530167,read,2026-06-14,instagram_reels,4.23,530,2,1,2,1
120246694233530167,read,2026-06-14,instagram_stories,2.49,470,9,0,0,0
120246694233530167,read,2026-06-14,instream_video,7.58,1365,22,0,0,0
120246694233530167,read,2026-06-14,marketplace,0.07,56,0,0,0,0
120246694233530167,read,2026-06-14,rewarded_video,0.12,18,3,0,0,0
120246694233530167,read,2026-06-14,search,0.5,81,1,0,0,0
120246694233530167,read,2026-06-14,threads_feed,23.09,30132,23,0,0,0
120246694266000167,i10,2026-06-11,an_classic,0.94,63,18,0,0,0
120246694266000167,i10,2026-06-11,facebook_notification,5.85,622,14,0,0,0
120246694266000167,i10,2026-06-11,facebook_reels,56.88,14212,239,6,4,2
120246694266000167,i10,2026-06-11,facebook_reels_overlay,1.83,1119,5,0,0,0
120246694266000167,i10,2026-06-11,facebook_stories,21.27,2785,98,2,0,1
120246694266000167,i10,2026-06-11,feed,68.76,18174,192,0,0,0
120246694266000167,i10,2026-06-11,instagram_explore_grid_home,0.1,26,1,0,0,0
120246694266000167,i10,2026-06-11,instagram_reels,32.34,4299,25,2,0,0
120246694266000167,i10,2026-06-11,instagram_stories,5.32,749,10,0,0,0
120246694266000167,i10,2026-06-11,instream_video,17.12,2967,74,0,0,0
120246694266000167,i10,2026-06-11,marketplace,0.21,88,0,0,0,0
120246694266000167,i10,2026-06-11,search,0.07,9,0,0,0,0
120246694266000167,read,2026-06-08,an_classic,0.16,9,2,0,0,0
120246694266000167,read,2026-06-08,facebook_notification,2.88,294,7,0,0,0
120246694266000167,read,2026-06-08,facebook_reels,33.17,8993,151,4,2,2
120246694266000167,read,2026-06-08,facebook_reels_overlay,0.51,312,2,0,0,0
120246694266000167,read,2026-06-08,facebook_stories,9.09,1291,51,1,0,0
120246694266000167,read,2026-06-08,feed,44.45,14192,144,0,0,0
120246694266000167,read,2026-06-08,instagram_explore_grid_home,0.04,8,1,0,0,0
120246694266000167,read,2026-06-08,instagram_reels,12.77,1804,5,0,0,0
120246694266000167,read,2026-06-08,instagram_stories,1.94,365,4,0,0,0
120246694266000167,read,2026-06-08,instream_video,6.31,1025,28,0,0,0
120246694266000167,read,2026-06-08,marketplace,0.11,46,0,0,0,0
120246694266000167,read,2026-06-08,search,0,1,0,0,0,0
120246694266050167,read,2026-06-08,facebook_notification,0.06,5,0,0,0,0
120246694266050167,read,2026-06-08,facebook_reels,135.93,27463,397,5,3,2
120246694266050167,read,2026-06-08,facebook_reels_overlay,0.32,167,0,0,0,0
120246694266050167,read,2026-06-08,feed,20.97,3640,64,0,1,0
120246694266050167,read,2026-06-08,instagram_reels,11.76,2768,28,0,0,0
120246694266050167,read,2026-06-08,instagram_stories,51.41,11863,555,0,0,0
120246694266050167,read,2026-06-08,instream_video,0.07,12,0,0,0,0
120246694266050167,read,2026-06-08,marketplace,0,3,0,0,0,0
120246694266050167,read,2026-06-08,search,0,2,0,0,0,0
120246912412500167,i10,2026-06-11,an_classic,0.19,35,2,0,0,0
120246912412500167,i10,2026-06-11,facebook_notification,0.52,70,1,0,0,0
120246912412500167,i10,2026-06-11,facebook_profile_feed,7.27,1641,10,0,0,0
120246912412500167,i10,2026-06-11,facebook_reels,498.28,136325,704,20,13,6
120246912412500167,i10,2026-06-11,facebook_reels_overlay,0.6,474,2,0,0,0
120246912412500167,i10,2026-06-11,facebook_stories,121.13,16287,416,2,1,0
120246912412500167,i10,2026-06-11,feed,277.15,67067,856,17,10,0
120246912412500167,i10,2026-06-11,instagram_reels,111.44,17969,70,3,1,0
120246912412500167,i10,2026-06-11,instagram_stories,64.42,9833,114,0,0,0
120246912412500167,i10,2026-06-11,instream_video,47.92,10651,275,2,0,0
120246912412500167,i10,2026-06-11,marketplace,0.8,375,5,0,0,0
120246912412500167,i10,2026-06-11,search,0.75,48,3,0,0,0
120246912412500167,read,2026-06-10,an_classic,0.07,3,0,0,0,0
120246912412500167,read,2026-06-10,facebook_profile_feed,0.43,87,0,0,0,0
120246912412500167,read,2026-06-10,facebook_reels,43.12,11206,63,0,0,0
120246912412500167,read,2026-06-10,facebook_reels_overlay,0.06,22,0,0,0,0
120246912412500167,read,2026-06-10,facebook_stories,10.17,1485,32,0,0,0
120246912412500167,read,2026-06-10,feed,37.28,10040,130,3,3,0
120246912412500167,read,2026-06-10,instagram_reels,11.21,1434,7,0,0,0
120246912412500167,read,2026-06-10,instagram_stories,3.76,451,4,0,0,0
120246912412500167,read,2026-06-10,instream_video,4.47,962,29,1,0,0
120246912412500167,read,2026-06-10,marketplace,0.02,16,1,0,0,0
120246913718270167,i10,2026-06-11,an_classic,0.54,39,3,0,0,0
120246913718270167,i10,2026-06-11,facebook_notification,0.83,89,1,0,0,0
120246913718270167,i10,2026-06-11,facebook_profile_feed,3.31,657,1,0,0,0
120246913718270167,i10,2026-06-11,facebook_reels,837.98,220920,1289,31,16,7
120246913718270167,i10,2026-06-11,facebook_reels_overlay,2.15,1534,12,0,0,0
120246913718270167,i10,2026-06-11,facebook_stories,83.04,13525,190,1,0,0
120246913718270167,i10,2026-06-11,feed,217.41,37005,285,3,0,0
120246913718270167,i10,2026-06-11,instagram_reels,357.4,99188,421,11,8,3
120246913718270167,i10,2026-06-11,instagram_search,0.01,3,0,0,0,0
120246913718270167,i10,2026-06-11,instagram_stories,105.33,19694,321,7,4,3
120246913718270167,i10,2026-06-11,instream_video,28.78,5772,106,0,0,0
120246913718270167,i10,2026-06-11,marketplace,0.44,199,0,0,0,0
120246913718270167,i10,2026-06-11,rewarded_video,2.14,114,32,0,0,0
120246913718270167,i10,2026-06-11,search,0.4,159,1,0,0,0
120246913718270167,i10,2026-06-11,unknown,0,0,0,1,0,0
120246913718270167,read,2026-06-11,an_classic,0.54,39,3,0,0,0
120246913718270167,read,2026-06-11,facebook_notification,0.83,89,1,0,0,0
120246913718270167,read,2026-06-11,facebook_profile_feed,3.31,657,1,0,0,0
120246913718270167,read,2026-06-11,facebook_reels,837.98,220920,1289,31,16,7
120246913718270167,read,2026-06-11,facebook_reels_overlay,2.15,1534,12,0,0,0
120246913718270167,read,2026-06-11,facebook_stories,83.04,13525,190,1,0,0
120246913718270167,read,2026-06-11,feed,217.41,37005,285,3,0,0
120246913718270167,read,2026-06-11,instagram_reels,357.4,99188,421,11,8,3
120246913718270167,read,2026-06-11,instagram_search,0.01,3,0,0,0,0
120246913718270167,read,2026-06-11,instagram_stories,105.33,19694,321,7,4,3
120246913718270167,read,2026-06-11,instream_video,28.78,5772,106,0,0,0
120246913718270167,read,2026-06-11,marketplace,0.44,199,0,0,0,0
120246913718270167,read,2026-06-11,rewarded_video,2.14,114,32,0,0,0
120246913718270167,read,2026-06-11,search,0.4,159,1,0,0,0
120246913718270167,read,2026-06-11,unknown,0,0,0,1,0,0
120246913787420167,i10,2026-06-11,an_classic,0.91,751,14,0,0,0
120246913787420167,i10,2026-06-11,facebook_notification,0.39,50,0,0,0,0
120246913787420167,i10,2026-06-11,facebook_profile_feed,0.45,186,0,0,0,0
120246913787420167,i10,2026-06-11,facebook_reels,83,37017,262,13,5,2
120246913787420167,i10,2026-06-11,facebook_reels_overlay,5.84,4551,39,0,0,0
120246913787420167,i10,2026-06-11,facebook_stories,76.46,24688,304,7,5,0
120246913787420167,i10,2026-06-11,feed,91.58,23550,136,8,7,3
120246913787420167,i10,2026-06-11,instagram_reels,113.2,53277,1884,8,0,0
120246913787420167,i10,2026-06-11,instagram_stories,145.17,57672,1885,5,0,1
120246913787420167,i10,2026-06-11,instream_video,13.12,3919,51,0,0,0
120246913787420167,i10,2026-06-11,marketplace,0.13,67,0,0,0,0
120246913787420167,i10,2026-06-11,search,1.68,1212,4,0,0,0
120246913787420167,i10,2026-06-11,unknown,0.03,2,0,0,0,0
120246913787420167,read,2026-06-11,an_classic,0.91,751,14,0,0,0
120246913787420167,read,2026-06-11,facebook_notification,0.39,50,0,0,0,0
120246913787420167,read,2026-06-11,facebook_profile_feed,0.45,186,0,0,0,0
120246913787420167,read,2026-06-11,facebook_reels,83,37017,262,13,5,2
120246913787420167,read,2026-06-11,facebook_reels_overlay,5.84,4551,39,0,0,0
120246913787420167,read,2026-06-11,facebook_stories,76.46,24688,304,7,5,0
120246913787420167,read,2026-06-11,feed,91.58,23550,136,8,7,3
120246913787420167,read,2026-06-11,instagram_reels,113.2,53277,1884,8,0,0
120246913787420167,read,2026-06-11,instagram_stories,145.17,57672,1885,5,0,1
120246913787420167,read,2026-06-11,instream_video,13.12,3919,51,0,0,0
120246913787420167,read,2026-06-11,marketplace,0.13,67,0,0,0,0
120246913787420167,read,2026-06-11,search,1.68,1212,4,0,0,0
120246913787420167,read,2026-06-11,unknown,0.03,2,0,0,0,0
120246981244000167,i10,2026-06-12,an_classic,0.09,11,1,0,0,0
120246981244000167,i10,2026-06-12,facebook_notification,0.16,46,0,0,0,0
120246981244000167,i10,2026-06-12,facebook_profile_feed,4.5,851,4,0,0,0
120246981244000167,i10,2026-06-12,facebook_reels,97.47,22796,154,9,2,3
120246981244000167,i10,2026-06-12,facebook_reels_overlay,1.44,1295,10,0,0,0
120246981244000167,i10,2026-06-12,facebook_stories,20.42,2754,64,0,0,0
120246981244000167,i10,2026-06-12,feed,93.68,22009,189,1,0,0
120246981244000167,i10,2026-06-12,instagram_reels,24.96,2805,8,1,1,1
120246981244000167,i10,2026-06-12,instagram_stories,19.83,3457,43,0,0,0
120246981244000167,i10,2026-06-12,instream_video,25.37,5383,129,0,0,0
120246981244000167,i10,2026-06-12,marketplace,0.13,67,1,0,0,0
120246981244000167,i10,2026-06-12,search,0.01,3,0,0,0,0
120246981244000167,i10,2026-06-12,unknown,0,3,0,0,0,0
120246981244000167,read,2026-06-12,an_classic,0.09,11,1,0,0,0
120246981244000167,read,2026-06-12,facebook_notification,0.16,46,0,0,0,0
120246981244000167,read,2026-06-12,facebook_profile_feed,4.5,851,4,0,0,0
120246981244000167,read,2026-06-12,facebook_reels,97.47,22796,154,9,2,3
120246981244000167,read,2026-06-12,facebook_reels_overlay,1.44,1295,10,0,0,0
120246981244000167,read,2026-06-12,facebook_stories,20.42,2754,64,0,0,0
120246981244000167,read,2026-06-12,feed,93.68,22009,189,1,0,0
120246981244000167,read,2026-06-12,instagram_reels,24.96,2805,8,1,1,1
120246981244000167,read,2026-06-12,instagram_stories,19.83,3457,43,0,0,0
120246981244000167,read,2026-06-12,instream_video,25.37,5383,129,0,0,0
120246981244000167,read,2026-06-12,marketplace,0.13,67,1,0,0,0
120246981244000167,read,2026-06-12,search,0.01,3,0,0,0,0
120246981244000167,read,2026-06-12,unknown,0,3,0,0,0,0
120246997861740167,i10,2026-06-12,facebook_reels,178.62,34826,244,16,9,2
120246997861740167,i10,2026-06-12,facebook_reels_overlay,0.03,10,0,0,0,0
120246997861740167,i10,2026-06-12,facebook_stories,7.58,654,23,0,0,0
120246997861740167,i10,2026-06-12,feed,30.63,5379,74,1,0,0
120246997861740167,i10,2026-06-12,instagram_explore_grid_home,0,1,0,0,0,0
120246997861740167,i10,2026-06-12,instagram_reels,8.35,1295,5,0,0,0
120246997861740167,i10,2026-06-12,instagram_stories,2.37,395,5,0,0,0
120246997861740167,i10,2026-06-12,instream_video,2.1,466,8,0,0,0
120246997861740167,i10,2026-06-12,marketplace,0,2,0,0,0,0
120246997861740167,i10,2026-06-12,search,0,1,0,0,0,0
120246997861740167,i10,2026-06-12,threads_feed,0.47,566,0,0,0,0
120246997861740167,read,2026-06-12,facebook_reels,178.62,34826,244,16,9,2
120246997861740167,read,2026-06-12,facebook_reels_overlay,0.03,10,0,0,0,0
120246997861740167,read,2026-06-12,facebook_stories,7.58,654,23,0,0,0
120246997861740167,read,2026-06-12,feed,30.63,5379,74,1,0,0
120246997861740167,read,2026-06-12,instagram_explore_grid_home,0,1,0,0,0,0
120246997861740167,read,2026-06-12,instagram_reels,8.35,1295,5,0,0,0
120246997861740167,read,2026-06-12,instagram_stories,2.37,395,5,0,0,0
120246997861740167,read,2026-06-12,instream_video,2.1,466,8,0,0,0
120246997861740167,read,2026-06-12,marketplace,0,2,0,0,0,0
120246997861740167,read,2026-06-12,search,0,1,0,0,0,0
120246997861740167,read,2026-06-12,threads_feed,0.47,566,0,0,0,0
120246997862210167,read,2026-06-24,an_classic,0.2,19,1,0,0,0
120246997862210167,read,2026-06-24,biz_disco_feed,0,1,0,0,0,0
120246997862210167,read,2026-06-24,facebook_notification,0.01,2,0,0,0,0
120246997862210167,read,2026-06-24,facebook_profile_feed,0.4,88,2,0,0,0
120246997862210167,read,2026-06-24,facebook_reels,20.83,6038,32,0,0,0
120246997862210167,read,2026-06-24,facebook_reels_overlay,2.72,2439,14,0,0,0
120246997862210167,read,2026-06-24,facebook_stories,30.34,3932,102,0,0,0
120246997862210167,read,2026-06-24,feed,44.5,21019,158,0,0,0
120246997862210167,read,2026-06-24,instagram_explore_grid_home,0,1,0,0,0,0
120246997862210167,read,2026-06-24,instagram_reels,4.89,646,3,0,0,0
120246997862210167,read,2026-06-24,instagram_stories,12.57,3380,44,0,0,0
120246997862210167,read,2026-06-24,instream_video,21.21,4705,110,0,0,0
120246997862210167,read,2026-06-24,marketplace,0.28,156,2,0,0,0
120246997862210167,read,2026-06-24,rewarded_video,1.24,129,17,0,0,0
120246997862210167,read,2026-06-24,search,0.08,23,0,0,0,0
120246997862210167,read,2026-06-24,threads_feed,0.69,820,0,0,0,0
120246997871260167,read,2026-06-12,an_classic,0.03,1,0,0,0,0
120246997871260167,read,2026-06-12,facebook_notification,0,1,0,0,0,0
120246997871260167,read,2026-06-12,facebook_profile_feed,0.02,6,0,0,0,0
120246997871260167,read,2026-06-12,facebook_reels,75.35,21105,110,3,1,0
120246997871260167,read,2026-06-12,facebook_reels_overlay,0.04,40,1,0,0,0
120246997871260167,read,2026-06-12,facebook_stories,19.62,2454,54,0,0,0
120246997871260167,read,2026-06-12,feed,49.32,14459,149,1,1,0
120246997871260167,read,2026-06-12,instagram_reels,32.94,6947,15,0,0,0
120246997871260167,read,2026-06-12,instagram_stories,9.07,2178,23,0,0,0
120246997871260167,read,2026-06-12,instream_video,13.94,2970,73,0,0,0
120246997871260167,read,2026-06-12,marketplace,0.05,26,0,0,0,0
120246997871260167,read,2026-06-12,rewarded_video,0.06,6,1,0,0,0
120246997871260167,read,2026-06-12,threads_feed,1.77,2185,0,0,0,0
120246997871260167,read,2026-06-12,unknown,0,4,0,0,0,0
120247011569420167,read,2026-06-25,an_classic,1.37,481,6,0,0,0
120247011569420167,read,2026-06-25,facebook_notification,0.01,2,0,0,0,0
120247011569420167,read,2026-06-25,facebook_profile_feed,0.32,55,0,0,0,0
120247011569420167,read,2026-06-25,facebook_reels,5.06,2581,5,0,0,0
120247011569420167,read,2026-06-25,facebook_reels_overlay,3.54,2812,16,0,0,0
120247011569420167,read,2026-06-25,facebook_stories,7.99,2211,21,0,0,0
120247011569420167,read,2026-06-25,feed,17.2,8234,40,0,0,0
120247011569420167,read,2026-06-25,instagram_reels,6.84,2366,22,0,0,0
120247011569420167,read,2026-06-25,instagram_stories,40.54,12598,114,1,1,1
120247011569420167,read,2026-06-25,instream_video,7.58,3598,32,0,0,0
120247011569420167,read,2026-06-25,marketplace,0.36,302,1,0,0,0
120247011569420167,read,2026-06-25,search,0.16,100,0,0,0,0
120247011569420167,read,2026-06-25,threads_feed,22.68,58178,64,0,0,0
120247011569420167,read,2026-06-25,unknown,0.01,4,0,0,0,0
120247011578560167,read,2026-06-21,an_classic,0.02,2,0,0,0,0
120247011578560167,read,2026-06-21,facebook_notification,0,1,0,0,0,0
120247011578560167,read,2026-06-21,facebook_profile_feed,0.08,18,0,0,0,0
120247011578560167,read,2026-06-21,facebook_reels,27.78,7770,46,0,0,0
120247011578560167,read,2026-06-21,facebook_reels_overlay,0.22,223,0,0,0,0
120247011578560167,read,2026-06-21,facebook_stories,18.56,2396,80,0,0,0
120247011578560167,read,2026-06-21,feed,41.3,15850,144,4,5,1
120247011578560167,read,2026-06-21,instagram_explore_grid_home,0,2,0,0,0,0
120247011578560167,read,2026-06-21,instagram_reels,6.81,922,2,0,0,0
120247011578560167,read,2026-06-21,instagram_stories,12.89,3178,50,0,0,0
120247011578560167,read,2026-06-21,instream_video,16.69,3938,91,0,0,0
120247011578560167,read,2026-06-21,marketplace,0.02,30,0,0,0,0
120247011578560167,read,2026-06-21,rewarded_video,0.21,33,1,0,0,0
120247011578560167,read,2026-06-21,search,0.14,34,0,0,0,0
120247011578560167,read,2026-06-21,threads_feed,0.94,1026,0,0,0,0
120247011578560167,read,2026-06-21,unknown,0,1,0,0,0,0
120247011579390167,read,2026-06-22,an_classic,0.04,6,0,0,0,0
120247011579390167,read,2026-06-22,facebook_notification,0,1,0,0,0,0
120247011579390167,read,2026-06-22,facebook_profile_feed,0.03,11,0,0,0,0
120247011579390167,read,2026-06-22,facebook_reels,11.87,4346,19,0,0,0
120247011579390167,read,2026-06-22,facebook_reels_overlay,0.25,161,1,0,0,0
120247011579390167,read,2026-06-22,facebook_stories,19.47,2476,81,0,0,0
120247011579390167,read,2026-06-22,feed,46.96,13276,156,2,2,0
120247011579390167,read,2026-06-22,instagram_explore_grid_home,0,2,0,0,0,0
120247011579390167,read,2026-06-22,instagram_reels,1.91,250,0,0,0,0
120247011579390167,read,2026-06-22,instagram_stories,5.74,1409,19,0,0,0
120247011579390167,read,2026-06-22,instream_video,18.51,4043,91,0,0,0
120247011579390167,read,2026-06-22,marketplace,0.12,42,0,0,0,0
120247011579390167,read,2026-06-22,rewarded_video,0.5,62,10,0,0,0
120247011579390167,read,2026-06-22,search,0.26,60,0,0,0,0
120247011579390167,read,2026-06-22,threads_feed,0.77,746,1,0,0,0
120247011580490167,i10,2026-06-21,an_classic,0.21,19,4,0,0,0
120247011580490167,i10,2026-06-21,facebook_notification,0.02,5,1,0,0,0
120247011580490167,i10,2026-06-21,facebook_profile_feed,0.15,54,1,0,0,0
120247011580490167,i10,2026-06-21,facebook_reels,53.19,16273,83,1,0,0
120247011580490167,i10,2026-06-21,facebook_reels_overlay,0.27,247,1,0,0,0
120247011580490167,i10,2026-06-21,facebook_stories,23.41,3063,90,0,0,0
120247011580490167,i10,2026-06-21,feed,75.6,19141,194,2,2,2
120247011580490167,i10,2026-06-21,instagram_explore_grid_home,0.02,13,0,0,0,0
120247011580490167,i10,2026-06-21,instagram_reels,86.65,15237,64,7,8,1
120247011580490167,i10,2026-06-21,instagram_stories,24.89,6355,78,0,0,0
120247011580490167,i10,2026-06-21,instream_video,28.23,6240,133,0,0,0
120247011580490167,i10,2026-06-21,marketplace,0.06,25,0,0,0,0
120247011580490167,i10,2026-06-21,rewarded_video,0.29,24,1,0,0,0
120247011580490167,i10,2026-06-21,search,0.76,95,0,0,0,0
120247011580490167,i10,2026-06-21,threads_feed,4.4,5538,2,0,0,0
120247011580490167,read,2026-06-14,an_classic,0.02,8,1,0,0,0
120247011580490167,read,2026-06-14,facebook_profile_feed,0.02,6,0,0,0,0
120247011580490167,read,2026-06-14,facebook_reels,29.6,7976,31,1,0,0
120247011580490167,read,2026-06-14,facebook_reels_overlay,0.02,9,0,0,0,0
120247011580490167,read,2026-06-14,facebook_stories,5.85,718,16,0,0,0
120247011580490167,read,2026-06-14,feed,40.46,10267,95,2,2,2
120247011580490167,read,2026-06-14,instagram_explore_grid_home,0,2,0,0,0,0
120247011580490167,read,2026-06-14,instagram_reels,44.94,8050,37,6,6,1
120247011580490167,read,2026-06-14,instagram_stories,3.62,607,4,0,0,0
120247011580490167,read,2026-06-14,instream_video,6.49,1359,31,0,0,0
120247011580490167,read,2026-06-14,marketplace,0.01,2,0,0,0,0
120247011580490167,read,2026-06-14,rewarded_video,0.2,18,1,0,0,0
120247011580490167,read,2026-06-14,search,0.41,24,0,0,0,0
120247011580490167,read,2026-06-14,threads_feed,1.65,2108,1,0,0,0
120247187088560167,read,2026-06-15,facebook_notification,0.18,12,1,0,0,0
120247187088560167,read,2026-06-15,facebook_reels,71.59,18266,166,0,0,0
120247187088560167,read,2026-06-15,facebook_reels_overlay,0.02,37,0,0,0,0
120247187088560167,read,2026-06-15,feed,44.44,11999,77,1,2,2
120247187088560167,read,2026-06-15,instagram_reels,27.49,6344,25,0,0,0
120247187088560167,read,2026-06-15,instagram_stories,67.44,16591,408,0,0,0
120247187088560167,read,2026-06-15,instream_video,3.84,731,26,0,0,0
120247187088560167,read,2026-06-15,marketplace,0.03,29,0,0,0,0
120247187088560167,read,2026-06-15,search,0.68,176,1,0,0,0
120247189268040167,i10,2026-06-26,biz_disco_feed,0,1,0,0,0,0
120247189268040167,i10,2026-06-26,facebook_notification,0.74,157,2,0,0,0
120247189268040167,i10,2026-06-26,facebook_profile_feed,3.43,815,6,0,0,0
120247189268040167,i10,2026-06-26,facebook_reels,401.53,103695,616,14,9,2
120247189268040167,i10,2026-06-26,facebook_reels_overlay,17.05,16843,86,2,1,0
120247189268040167,i10,2026-06-26,facebook_stories,162.08,27721,519,1,1,0
120247189268040167,i10,2026-06-26,feed,393.35,80426,424,10,2,0
120247189268040167,i10,2026-06-26,instagram_reels,130.69,21569,58,1,2,0
120247189268040167,i10,2026-06-26,instream_video,52.8,15377,279,0,0,0
120247189268040167,i10,2026-06-26,marketplace,4.94,2913,10,0,0,0
120247189268040167,i10,2026-06-26,search,7.09,2498,16,0,0,0
120247189268040167,i10,2026-06-26,threads_feed,46.8,78186,57,1,1,1
120247189268040167,read,2026-06-24,facebook_notification,0.04,21,0,0,0,0
120247189268040167,read,2026-06-24,facebook_profile_feed,0.65,180,2,0,0,0
120247189268040167,read,2026-06-24,facebook_reels,28.9,7056,52,1,1,1
120247189268040167,read,2026-06-24,facebook_reels_overlay,6.62,6088,22,0,0,0
120247189268040167,read,2026-06-24,facebook_stories,31.37,6522,115,0,0,0
120247189268040167,read,2026-06-24,feed,32.18,7787,35,0,0,0
120247189268040167,read,2026-06-24,instagram_reels,5.97,818,5,0,0,0
120247189268040167,read,2026-06-24,instream_video,17.24,4200,102,0,0,0
120247189268040167,read,2026-06-24,marketplace,0.27,138,1,0,0,0
120247189268040167,read,2026-06-24,search,0.45,178,2,0,0,0
120247189268040167,read,2026-06-24,threads_feed,4.55,7942,1,0,0,0
120247235137270167,read,2026-06-15,an_classic,0.02,1,1,0,0,0
120247235137270167,read,2026-06-15,facebook_notification,0.05,7,0,0,0,0
120247235137270167,read,2026-06-15,facebook_reels,137.15,26884,673,2,2,0
120247235137270167,read,2026-06-15,facebook_reels_overlay,0.02,6,0,0,0,0
120247235137270167,read,2026-06-15,facebook_stories,10.01,878,28,0,0,0
120247235137270167,read,2026-06-15,feed,40.24,10144,134,0,0,0
120247235137270167,read,2026-06-15,instagram_explore_grid_home,0.02,10,0,0,0,0
120247235137270167,read,2026-06-15,instagram_reels,37.43,6978,279,2,1,0
120247235137270167,read,2026-06-15,instagram_stories,10.38,1661,27,0,0,0
120247235137270167,read,2026-06-15,instream_video,1.83,256,8,0,0,0
120247235137270167,read,2026-06-15,marketplace,0.01,3,0,0,0,0
120247235137270167,read,2026-06-15,search,0.01,6,0,0,0,0
120247235677870167,read,2026-06-23,an_classic,0.28,36,3,0,0,0
120247235677870167,read,2026-06-23,facebook_notification,0.21,12,0,0,0,0
120247235677870167,read,2026-06-23,facebook_reels,10.81,2628,23,0,0,0
120247235677870167,read,2026-06-23,facebook_reels_overlay,4.2,2957,14,0,0,0
120247235677870167,read,2026-06-23,facebook_stories,63.4,6543,232,0,0,0
120247235677870167,read,2026-06-23,feed,39.71,15328,138,0,0,0
120247235677870167,read,2026-06-23,instagram_reels,1.48,224,4,0,0,0
120247235677870167,read,2026-06-23,instagram_stories,0.93,117,2,0,0,0
120247235677870167,read,2026-06-23,instream_video,23.4,5182,121,0,0,0
120247235677870167,read,2026-06-23,marketplace,0.17,72,0,0,0,0
120247235677870167,read,2026-06-23,search,0.37,134,1,0,0,0
120247256194240167,i10,2026-06-23,an_classic,0.21,35,6,0,0,0
120247256194240167,i10,2026-06-23,facebook_notification,0.41,18,1,0,0,0
120247256194240167,i10,2026-06-23,facebook_profile_feed,0.22,61,0,0,0,0
120247256194240167,i10,2026-06-23,facebook_reels,38.9,9030,58,4,2,1
120247256194240167,i10,2026-06-23,facebook_reels_overlay,1.62,1286,7,0,0,0
120247256194240167,i10,2026-06-23,facebook_stories,20.5,2185,74,0,0,0
120247256194240167,i10,2026-06-23,feed,69.43,16762,152,5,3,1
120247256194240167,i10,2026-06-23,instagram_explore_grid_home,0,2,0,0,0,0
120247256194240167,i10,2026-06-23,instagram_reels,20.92,4046,14,0,0,0
120247256194240167,i10,2026-06-23,instagram_stories,22.56,7732,122,2,3,2
120247256194240167,i10,2026-06-23,instream_video,10.45,2608,77,1,0,0
120247256194240167,i10,2026-06-23,marketplace,0.3,139,0,0,0,0
120247256194240167,i10,2026-06-23,rewarded_video,1.81,149,28,0,0,0
120247256194240167,i10,2026-06-23,search,0.91,265,1,0,0,0
120247256194240167,i10,2026-06-23,threads_feed,6.79,7039,9,1,0,0
120247256194240167,read,2026-06-22,an_classic,0.18,33,4,0,0,0
120247256194240167,read,2026-06-22,facebook_notification,0.37,13,1,0,0,0
120247256194240167,read,2026-06-22,facebook_profile_feed,0.15,54,0,0,0,0
120247256194240167,read,2026-06-22,facebook_reels,24.05,5796,37,1,0,0
120247256194240167,read,2026-06-22,facebook_reels_overlay,1.08,859,5,0,0,0
120247256194240167,read,2026-06-22,facebook_stories,14.61,1653,47,0,0,0
120247256194240167,read,2026-06-22,feed,45.24,10550,100,3,3,1
120247256194240167,read,2026-06-22,instagram_explore_grid_home,0,2,0,0,0,0
120247256194240167,read,2026-06-22,instagram_reels,13.91,2530,11,0,0,0
120247256194240167,read,2026-06-22,instagram_stories,18.45,6229,105,2,3,2
120247256194240167,read,2026-06-22,instream_video,8.52,2085,67,0,0,0
120247256194240167,read,2026-06-22,marketplace,0.25,108,0,0,0,0
120247256194240167,read,2026-06-22,rewarded_video,1.39,116,25,0,0,0
120247256194240167,read,2026-06-22,search,0.82,237,1,0,0,0
120247256194240167,read,2026-06-22,threads_feed,6.01,5979,8,1,0,0
120247333574270167,i10,2026-06-19,an_classic,0.22,32,7,0,0,0
120247333574270167,i10,2026-06-19,facebook_notification,0.08,15,0,0,0,0
120247333574270167,i10,2026-06-19,facebook_profile_feed,2.43,493,3,0,0,0
120247333574270167,i10,2026-06-19,facebook_reels,71.39,17168,83,4,2,1
120247333574270167,i10,2026-06-19,facebook_reels_overlay,0.1,51,1,0,0,0
120247333574270167,i10,2026-06-19,facebook_stories,6.78,602,15,0,0,0
120247333574270167,i10,2026-06-19,feed,35.61,3915,41,1,0,0
120247333574270167,i10,2026-06-19,instagram_explore_grid_home,0.01,13,0,0,0,0
120247333574270167,i10,2026-06-19,instagram_reels,44.85,6171,28,5,4,5
120247333574270167,i10,2026-06-19,instagram_stories,6.51,840,9,0,0,0
120247333574270167,i10,2026-06-19,instream_video,11.4,2512,65,1,1,1
120247333574270167,i10,2026-06-19,marketplace,0.18,25,0,0,0,0
120247333574270167,i10,2026-06-19,rewarded_video,1.33,106,16,1,0,0
120247333574270167,i10,2026-06-19,search,2.01,183,2,0,0,0
120247333574270167,read,2026-06-18,an_classic,0.15,22,5,0,0,0
120247333574270167,read,2026-06-18,facebook_notification,0.08,14,0,0,0,0
120247333574270167,read,2026-06-18,facebook_profile_feed,1.98,361,2,0,0,0
120247333574270167,read,2026-06-18,facebook_reels,57.53,14760,70,3,2,1
120247333574270167,read,2026-06-18,facebook_reels_overlay,0.04,23,1,0,0,0
120247333574270167,read,2026-06-18,facebook_stories,4.82,452,13,0,0,0
120247333574270167,read,2026-06-18,feed,22.85,2877,26,0,0,0
120247333574270167,read,2026-06-18,instagram_explore_grid_home,0.01,8,0,0,0,0
120247333574270167,read,2026-06-18,instagram_reels,33.29,4885,18,2,2,2
120247333574270167,read,2026-06-18,instagram_stories,4.63,630,5,0,0,0
120247333574270167,read,2026-06-18,instream_video,7.96,1714,44,0,0,0
120247333574270167,read,2026-06-18,marketplace,0.18,19,0,0,0,0
120247333574270167,read,2026-06-18,rewarded_video,0.64,74,10,0,0,0
120247333574270167,read,2026-06-18,search,0.51,126,1,0,0,0
120247758597150167,i10,2026-06-23,facebook_notification,16.2,1574,32,0,0,0
120247758597150167,i10,2026-06-23,facebook_reels,678.12,122123,1472,26,14,9
120247758597150167,i10,2026-06-23,facebook_reels_overlay,112.42,73185,348,0,0,0
120247758597150167,i10,2026-06-23,feed,578.48,131839,931,9,5,3
120247758597150167,i10,2026-06-23,instagram_reels,290.96,51391,365,10,7,1
120247758597150167,i10,2026-06-23,instagram_stories,450.76,105361,2368,11,3,1
120247758597150167,i10,2026-06-23,marketplace,16.08,7857,29,0,0,0
120247758597150167,i10,2026-06-23,search,0.21,76,1,0,0,0
120247758597150167,read,2026-06-22,facebook_notification,0.02,4,1,0,0,0
120247758597150167,read,2026-06-22,facebook_reels,52.25,9373,103,3,2,0
120247758597150167,read,2026-06-22,facebook_reels_overlay,5.38,3638,14,0,0,0
120247758597150167,read,2026-06-22,feed,75.7,21471,111,0,0,0
120247758597150167,read,2026-06-22,instagram_reels,20.13,2918,33,1,2,0
120247758597150167,read,2026-06-22,instagram_stories,73.09,16754,401,0,0,0
120247758597150167,read,2026-06-22,marketplace,0.74,360,3,0,0,0
120247887628100167,i10,2026-06-24,an_classic,0.22,6,2,0,0,0
120247887628100167,i10,2026-06-24,facebook_notification,0.05,3,0,0,0,0
120247887628100167,i10,2026-06-24,facebook_profile_feed,0.32,74,1,0,0,0
120247887628100167,i10,2026-06-24,facebook_reels,200.25,63733,305,7,6,3
120247887628100167,i10,2026-06-24,facebook_reels_overlay,0.56,531,4,0,0,0
120247887628100167,i10,2026-06-24,facebook_stories,23.75,2997,81,2,2,1
120247887628100167,i10,2026-06-24,feed,194.02,60249,540,5,5,0
120247887628100167,i10,2026-06-24,instagram_explore_grid_home,0.03,17,0,0,0,0
120247887628100167,i10,2026-06-24,instagram_reels,126.87,25859,76,7,7,0
120247887628100167,i10,2026-06-24,instagram_stories,24.34,4670,53,0,0,0
120247887628100167,i10,2026-06-24,instream_video,26.36,5061,126,1,0,1
120247887628100167,i10,2026-06-24,marketplace,1.29,612,1,0,0,0
120247887628100167,i10,2026-06-24,rewarded_video,0.03,3,1,0,0,0
120247887628100167,i10,2026-06-24,search,0.22,19,1,0,0,0
120247887628100167,i10,2026-06-24,threads_feed,7.14,6262,4,0,0,0
120247887628100167,read,2026-06-24,an_classic,0.22,6,2,0,0,0
120247887628100167,read,2026-06-24,facebook_notification,0.05,3,0,0,0,0
120247887628100167,read,2026-06-24,facebook_profile_feed,0.32,74,1,0,0,0
120247887628100167,read,2026-06-24,facebook_reels,200.25,63733,305,7,6,3
120247887628100167,read,2026-06-24,facebook_reels_overlay,0.56,531,4,0,0,0
120247887628100167,read,2026-06-24,facebook_stories,23.75,2997,81,2,2,1
120247887628100167,read,2026-06-24,feed,194.02,60249,540,5,5,0
120247887628100167,read,2026-06-24,instagram_explore_grid_home,0.03,17,0,0,0,0
120247887628100167,read,2026-06-24,instagram_reels,126.87,25859,76,7,7,0
120247887628100167,read,2026-06-24,instagram_stories,24.34,4670,53,0,0,0
120247887628100167,read,2026-06-24,instream_video,26.36,5061,126,1,0,1
120247887628100167,read,2026-06-24,marketplace,1.29,612,1,0,0,0
120247887628100167,read,2026-06-24,rewarded_video,0.03,3,1,0,0,0
120247887628100167,read,2026-06-24,search,0.22,19,1,0,0,0
120247887628100167,read,2026-06-24,threads_feed,7.14,6262,4,0,0,0
120247887774070167,i10,2026-06-25,an_classic,0.13,11,1,0,0,0
120247887774070167,i10,2026-06-25,facebook_notification,0.08,21,0,0,0,0
120247887774070167,i10,2026-06-25,facebook_profile_feed,0.34,120,0,0,0,0
120247887774070167,i10,2026-06-25,facebook_reels,121.36,35246,154,3,2,1
120247887774070167,i10,2026-06-25,facebook_reels_overlay,2.03,1882,10,0,0,0
120247887774070167,i10,2026-06-25,facebook_stories,25.03,2694,118,0,0,0
120247887774070167,i10,2026-06-25,feed,161.87,50751,353,9,4,2
120247887774070167,i10,2026-06-25,instagram_explore_grid_home,0,2,0,0,0,0
120247887774070167,i10,2026-06-25,instagram_reels,94.5,20781,46,1,0,0
120247887774070167,i10,2026-06-25,instagram_stories,66.7,25216,308,2,1,2
120247887774070167,i10,2026-06-25,instream_video,26.33,6881,150,2,0,0
120247887774070167,i10,2026-06-25,marketplace,0.86,428,1,0,0,0
120247887774070167,i10,2026-06-25,rewarded_video,2.21,123,43,0,0,0
120247887774070167,i10,2026-06-25,search,1.66,494,4,0,0,0
120247887774070167,i10,2026-06-25,threads_feed,11.39,17915,14,0,0,0
120247887774070167,read,2026-06-24,facebook_notification,0.02,9,0,0,0,0
120247887774070167,read,2026-06-24,facebook_profile_feed,0.14,51,0,0,0,0
120247887774070167,read,2026-06-24,facebook_reels,50.56,13587,74,0,0,0
120247887774070167,read,2026-06-24,facebook_reels_overlay,0.82,602,3,0,0,0
120247887774070167,read,2026-06-24,facebook_stories,16.49,1808,82,0,0,0
120247887774070167,read,2026-06-24,feed,67.02,21688,152,5,3,2
120247887774070167,read,2026-06-24,instagram_explore_grid_home,0,1,0,0,0,0
120247887774070167,read,2026-06-24,instagram_reels,22.83,4974,12,0,0,0
120247887774070167,read,2026-06-24,instagram_stories,27.8,10313,125,0,0,0
120247887774070167,read,2026-06-24,instream_video,8.16,1981,30,0,0,0
120247887774070167,read,2026-06-24,marketplace,0.15,79,0,0,0,0
120247887774070167,read,2026-06-24,rewarded_video,0.11,7,3,0,0,0
120247887774070167,read,2026-06-24,search,0.39,130,2,0,0,0
120247887774070167,read,2026-06-24,threads_feed,2.61,3009,4,0,0,0
120247888457690167,read,2026-06-30,facebook_notification,0.44,84,1,0,0,0
120247888457690167,read,2026-06-30,facebook_reels,27.11,6889,111,0,0,0
120247888457690167,read,2026-06-30,facebook_reels_overlay,1.24,995,10,0,0,0
120247888457690167,read,2026-06-30,feed,16.72,4540,42,0,0,0
120247888457690167,read,2026-06-30,instagram_reels,6.01,1287,9,0,0,0
120247888457690167,read,2026-06-30,instagram_stories,46.13,12431,327,0,0,0
120247888457690167,read,2026-06-30,instream_video,2.37,629,25,0,0,0
120247888457690167,read,2026-06-30,marketplace,0.25,199,0,0,0,0
120247888457690167,read,2026-06-30,search,2.15,986,5,0,0,0
120247888972120167,read,2026-06-25,an_classic,2.72,1028,14,0,0,0
120247888972120167,read,2026-06-25,facebook_notification,0.02,5,0,0,0,0
120247888972120167,read,2026-06-25,facebook_profile_feed,0.27,58,0,0,0,0
120247888972120167,read,2026-06-25,facebook_reels,5.27,2617,11,0,0,0
120247888972120167,read,2026-06-25,facebook_reels_overlay,7.29,5898,38,0,0,0
120247888972120167,read,2026-06-25,facebook_stories,30.5,7747,95,0,0,0
120247888972120167,read,2026-06-25,feed,24.59,8616,49,0,0,0
120247888972120167,read,2026-06-25,instagram_reels,7.35,2553,26,0,0,0
120247888972120167,read,2026-06-25,instagram_stories,20.56,6822,63,0,0,0
120247888972120167,read,2026-06-25,instream_video,7.25,3765,46,0,0,0
120247888972120167,read,2026-06-25,marketplace,0.64,757,3,0,0,0
120247888972120167,read,2026-06-25,search,0.3,50,1,0,0,0
120247888972120167,read,2026-06-25,threads_feed,27,62711,99,0,0,0
120247889143360167,i10,2026-06-25,an_classic,0.59,51,5,0,0,0
120247889143360167,i10,2026-06-25,facebook_notification,0.69,53,2,0,0,0
120247889143360167,i10,2026-06-25,facebook_profile_feed,4.32,1108,12,2,2,0
120247889143360167,i10,2026-06-25,facebook_reels,94.57,23519,138,3,3,2
120247889143360167,i10,2026-06-25,facebook_reels_overlay,0.42,402,3,0,0,0
120247889143360167,i10,2026-06-25,facebook_stories,7.53,747,23,0,0,0
120247889143360167,i10,2026-06-25,feed,67.37,11683,146,2,1,0
120247889143360167,i10,2026-06-25,instagram_explore_grid_home,0.05,51,0,0,0,0
120247889143360167,i10,2026-06-25,instagram_reels,81.25,12244,55,6,5,3
120247889143360167,i10,2026-06-25,instagram_stories,9.53,1326,18,0,0,0
120247889143360167,i10,2026-06-25,instream_video,4.64,939,19,0,0,0
120247889143360167,i10,2026-06-25,marketplace,0.55,183,5,0,0,0
120247889143360167,i10,2026-06-25,rewarded_video,1.06,163,19,0,0,0
120247889143360167,i10,2026-06-25,search,1.25,235,2,0,0,0
120247889143360167,read,2026-06-25,an_classic,0.59,51,5,0,0,0
120247889143360167,read,2026-06-25,facebook_notification,0.69,53,2,0,0,0
120247889143360167,read,2026-06-25,facebook_profile_feed,4.32,1108,12,2,2,0
120247889143360167,read,2026-06-25,facebook_reels,94.57,23519,138,3,3,2
120247889143360167,read,2026-06-25,facebook_reels_overlay,0.42,402,3,0,0,0
120247889143360167,read,2026-06-25,facebook_stories,7.53,747,23,0,0,0
120247889143360167,read,2026-06-25,feed,67.37,11683,146,2,1,0
120247889143360167,read,2026-06-25,instagram_explore_grid_home,0.05,51,0,0,0,0
120247889143360167,read,2026-06-25,instagram_reels,81.25,12244,55,6,5,3
120247889143360167,read,2026-06-25,instagram_stories,9.53,1326,18,0,0,0
120247889143360167,read,2026-06-25,instream_video,4.64,939,19,0,0,0
120247889143360167,read,2026-06-25,marketplace,0.55,183,5,0,0,0
120247889143360167,read,2026-06-25,rewarded_video,1.06,163,19,0,0,0
120247889143360167,read,2026-06-25,search,1.25,235,2,0,0,0
120247889446440167,i10,2026-06-24,facebook_profile_feed,0,11,0,0,0,0
120247889446440167,i10,2026-06-24,facebook_reels,47.28,15331,122,14,11,8
120247889446440167,i10,2026-06-24,facebook_reels_overlay,0.03,28,0,0,0,0
120247889446440167,i10,2026-06-24,facebook_stories,10.12,2418,38,0,0,0
120247889446440167,i10,2026-06-24,feed,11.14,2748,13,4,6,0
120247889446440167,i10,2026-06-24,instagram_reels,94.33,40350,1289,3,3,1
120247889446440167,i10,2026-06-24,instagram_stories,87.76,34736,906,4,4,2
120247889446440167,i10,2026-06-24,instream_video,0.22,50,2,0,0,0
120247889446440167,i10,2026-06-24,marketplace,0,13,0,0,0,0
120247889446440167,i10,2026-06-24,search,0.02,41,0,0,0,0
120247889446440167,i10,2026-06-24,threads_feed,64.05,73869,844,3,1,0
120247889446440167,read,2026-06-24,facebook_profile_feed,0,11,0,0,0,0
120247889446440167,read,2026-06-24,facebook_reels,47.28,15331,122,14,11,8
120247889446440167,read,2026-06-24,facebook_reels_overlay,0.03,28,0,0,0,0
120247889446440167,read,2026-06-24,facebook_stories,10.12,2418,38,0,0,0
120247889446440167,read,2026-06-24,feed,11.14,2748,13,4,6,0
120247889446440167,read,2026-06-24,instagram_reels,94.33,40350,1289,3,3,1
120247889446440167,read,2026-06-24,instagram_stories,87.76,34736,906,4,4,2
120247889446440167,read,2026-06-24,instream_video,0.22,50,2,0,0,0
120247889446440167,read,2026-06-24,marketplace,0,13,0,0,0,0
120247889446440167,read,2026-06-24,search,0.02,41,0,0,0,0
120247889446440167,read,2026-06-24,threads_feed,64.05,73869,844,3,1,0
120248324906930167,i10,2026-06-29,an_classic,0.48,25,3,0,0,0
120248324906930167,i10,2026-06-29,facebook_notification,1.8,212,1,0,0,0
120248324906930167,i10,2026-06-29,facebook_profile_feed,4.75,1093,5,0,0,0
120248324906930167,i10,2026-06-29,facebook_reels,363.18,100123,436,11,3,0
120248324906930167,i10,2026-06-29,facebook_reels_overlay,6.31,4517,34,0,0,0
120248324906930167,i10,2026-06-29,facebook_stories,165.41,17374,616,1,0,0
120248324906930167,i10,2026-06-29,feed,584.03,175642,1254,15,6,6
120248324906930167,i10,2026-06-29,instagram_explore_grid_home,0.17,110,0,0,0,0
120248324906930167,i10,2026-06-29,instagram_reels,162.33,28781,61,4,4,2
120248324906930167,i10,2026-06-29,instagram_search,0,1,0,0,0,0
120248324906930167,i10,2026-06-29,instagram_stories,112.79,23255,293,1,1,1
120248324906930167,i10,2026-06-29,instream_video,75.78,16089,349,5,0,0
120248324906930167,i10,2026-06-29,marketplace,5.22,2461,12,0,0,0
120248324906930167,i10,2026-06-29,rewarded_video,0.97,56,11,0,0,0
120248324906930167,i10,2026-06-29,search,1.28,241,2,0,0,0
120248324906930167,i10,2026-06-29,threads_feed,67.57,61291,26,0,0,0
120248324906930167,read,2026-06-29,an_classic,0.48,25,3,0,0,0
120248324906930167,read,2026-06-29,facebook_notification,1.8,212,1,0,0,0
120248324906930167,read,2026-06-29,facebook_profile_feed,4.75,1093,5,0,0,0
120248324906930167,read,2026-06-29,facebook_reels,363.18,100123,436,11,3,0
120248324906930167,read,2026-06-29,facebook_reels_overlay,6.31,4517,34,0,0,0
120248324906930167,read,2026-06-29,facebook_stories,165.41,17374,616,1,0,0
120248324906930167,read,2026-06-29,feed,584.03,175642,1254,15,6,6
120248324906930167,read,2026-06-29,instagram_explore_grid_home,0.17,110,0,0,0,0
120248324906930167,read,2026-06-29,instagram_reels,162.33,28781,61,4,4,2
120248324906930167,read,2026-06-29,instagram_search,0,1,0,0,0,0
120248324906930167,read,2026-06-29,instagram_stories,112.79,23255,293,1,1,1
120248324906930167,read,2026-06-29,instream_video,75.78,16089,349,5,0,0
120248324906930167,read,2026-06-29,marketplace,5.22,2461,12,0,0,0
120248324906930167,read,2026-06-29,rewarded_video,0.97,56,11,0,0,0
120248324906930167,read,2026-06-29,search,1.28,241,2,0,0,0
120248324906930167,read,2026-06-29,threads_feed,67.57,61291,26,0,0,0
120248334960360167,read,2026-06-29,an_classic,0.11,11,2,0,0,0
120248334960360167,read,2026-06-29,facebook_notification,0.09,23,0,0,0,0
120248334960360167,read,2026-06-29,facebook_profile_feed,0.59,186,1,0,0,0
120248334960360167,read,2026-06-29,facebook_reels,26,9046,35,1,1,1
120248334960360167,read,2026-06-29,facebook_reels_overlay,0.06,59,0,0,0,0
120248334960360167,read,2026-06-29,facebook_stories,10.66,1553,49,0,0,0
120248334960360167,read,2026-06-29,feed,75.82,38847,203,1,0,0
120248334960360167,read,2026-06-29,instagram_explore_grid_home,0,3,0,0,0,0
120248334960360167,read,2026-06-29,instagram_reels,28.8,6545,16,0,0,0
120248334960360167,read,2026-06-29,instagram_stories,32.72,11398,107,1,1,0
120248334960360167,read,2026-06-29,instream_video,4.99,1170,23,0,0,0
120248334960360167,read,2026-06-29,marketplace,0.05,16,0,0,0,0
120248334960360167,read,2026-06-29,rewarded_video,0.3,28,1,0,0,0
120248334960360167,read,2026-06-29,search,0.1,36,0,0,0,0
120248334960360167,read,2026-06-29,threads_feed,6.96,7035,4,0,0,0
120248334979440167,i10,2026-06-30,an_classic,0,1,0,0,0,0
120248334979440167,i10,2026-06-30,facebook_notification,0,1,0,0,0,0
120248334979440167,i10,2026-06-30,facebook_reels,2.09,747,1,0,0,0
120248334979440167,i10,2026-06-30,facebook_reels_overlay,0.03,12,0,0,0,0
120248334979440167,i10,2026-06-30,facebook_stories,2.14,379,7,0,0,0
120248334979440167,i10,2026-06-30,feed,19.69,6361,48,1,1,0
120248334979440167,i10,2026-06-30,instagram_explore_grid_home,0.01,3,0,0,0,0
120248334979440167,i10,2026-06-30,instagram_reels,87.39,19958,101,9,4,3
120248334979440167,i10,2026-06-30,instagram_stories,15.29,4332,60,0,0,0
120248334979440167,i10,2026-06-30,instream_video,0.89,222,5,0,0,0
120248334979440167,i10,2026-06-30,marketplace,0,1,0,0,0,0
120248334979440167,i10,2026-06-30,rewarded_video,0.12,9,2,0,0,0
120248334979440167,i10,2026-06-30,search,0.01,5,0,0,0,0
120248334979440167,i10,2026-06-30,threads_feed,1.22,720,0,0,0,0
120248334979440167,read,2026-06-30,an_classic,0,1,0,0,0,0
120248334979440167,read,2026-06-30,facebook_notification,0,1,0,0,0,0
120248334979440167,read,2026-06-30,facebook_reels,2.09,747,1,0,0,0
120248334979440167,read,2026-06-30,facebook_reels_overlay,0.03,12,0,0,0,0
120248334979440167,read,2026-06-30,facebook_stories,2.14,379,7,0,0,0
120248334979440167,read,2026-06-30,feed,19.69,6361,48,1,1,0
120248334979440167,read,2026-06-30,instagram_explore_grid_home,0.01,3,0,0,0,0
120248334979440167,read,2026-06-30,instagram_reels,87.39,19958,101,9,4,3
120248334979440167,read,2026-06-30,instagram_stories,15.29,4332,60,0,0,0
120248334979440167,read,2026-06-30,instream_video,0.89,222,5,0,0,0
120248334979440167,read,2026-06-30,marketplace,0,1,0,0,0,0
120248334979440167,read,2026-06-30,rewarded_video,0.12,9,2,0,0,0
120248334979440167,read,2026-06-30,search,0.01,5,0,0,0,0
120248334979440167,read,2026-06-30,threads_feed,1.22,720,0,0,0,0
120248334982400167,i10,2026-06-29,an_classic,0.04,6,1,0,0,0
120248334982400167,i10,2026-06-29,facebook_notification,0.01,2,0,0,0,0
120248334982400167,i10,2026-06-29,facebook_profile_feed,0.45,131,1,0,0,0
120248334982400167,i10,2026-06-29,facebook_reels,309.38,80790,1403,28,15,3
120248334982400167,i10,2026-06-29,facebook_reels_overlay,0.03,22,0,0,0,0
120248334982400167,i10,2026-06-29,facebook_stories,8.54,1012,46,0,0,0
120248334982400167,i10,2026-06-29,feed,304.65,80171,2108,10,6,2
120248334982400167,i10,2026-06-29,instagram_explore_grid_home,0.07,27,0,0,0,0
120248334982400167,i10,2026-06-29,instagram_reels,107.52,18783,223,10,6,3
120248334982400167,i10,2026-06-29,instagram_stories,14.54,2807,45,1,0,0
120248334982400167,i10,2026-06-29,instream_video,1.07,227,9,0,0,0
120248334982400167,i10,2026-06-29,marketplace,0.07,40,1,0,0,0
120248334982400167,i10,2026-06-29,rewarded_video,0.09,5,0,0,0,0
120248334982400167,i10,2026-06-29,search,0,5,0,0,0,0
120248334982400167,i10,2026-06-29,threads_feed,7.36,4703,9,2,1,0
120248334982400167,read,2026-06-29,an_classic,0.04,6,1,0,0,0
120248334982400167,read,2026-06-29,facebook_notification,0.01,2,0,0,0,0
120248334982400167,read,2026-06-29,facebook_profile_feed,0.45,131,1,0,0,0
120248334982400167,read,2026-06-29,facebook_reels,309.38,80790,1403,28,15,3
120248334982400167,read,2026-06-29,facebook_reels_overlay,0.03,22,0,0,0,0
120248334982400167,read,2026-06-29,facebook_stories,8.54,1012,46,0,0,0
120248334982400167,read,2026-06-29,feed,304.65,80171,2108,10,6,2
120248334982400167,read,2026-06-29,instagram_explore_grid_home,0.07,27,0,0,0,0
120248334982400167,read,2026-06-29,instagram_reels,107.52,18783,223,10,6,3
120248334982400167,read,2026-06-29,instagram_stories,14.54,2807,45,1,0,0
120248334982400167,read,2026-06-29,instream_video,1.07,227,9,0,0,0
120248334982400167,read,2026-06-29,marketplace,0.07,40,1,0,0,0
120248334982400167,read,2026-06-29,rewarded_video,0.09,5,0,0,0,0
120248334982400167,read,2026-06-29,search,0,5,0,0,0,0
120248334982400167,read,2026-06-29,threads_feed,7.36,4703,9,2,1,0
120248335034210167,read,2026-07-03,an_classic,0.04,5,0,0,0,0
120248335034210167,read,2026-07-03,facebook_notification,0.06,10,0,0,0,0
120248335034210167,read,2026-07-03,facebook_reels,8.23,2533,12,0,0,0
120248335034210167,read,2026-07-03,facebook_reels_overlay,0.23,223,1,0,0,0
120248335034210167,read,2026-07-03,facebook_stories,15,2197,72,1,0,0
120248335034210167,read,2026-07-03,feed,50.4,25215,139,0,0,0
120248335034210167,read,2026-07-03,instagram_reels,6.41,1178,4,0,0,0
120248335034210167,read,2026-07-03,instagram_stories,16.11,6222,64,0,0,0
120248335034210167,read,2026-07-03,instream_video,3.89,1147,31,0,0,0
120248335034210167,read,2026-07-03,marketplace,0.02,16,0,0,0,0
120248335034210167,read,2026-07-03,search,0.01,2,0,0,0,0
120248335034210167,read,2026-07-03,threads_feed,0.67,321,0,0,0,0
120248341533720167,read,2026-07-16,an_classic,2.33,638,20,0,0,0
120248341533720167,read,2026-07-16,facebook_profile_feed,0.17,47,0,0,0,0
120248341533720167,read,2026-07-16,facebook_reels,0.27,143,1,0,0,0
120248341533720167,read,2026-07-16,facebook_reels_overlay,0.2,149,0,0,0,0
120248341533720167,read,2026-07-16,facebook_stories,6.43,1884,16,0,0,0
120248341533720167,read,2026-07-16,feed,104.76,43240,215,0,0,0
120248341533720167,read,2026-07-16,instagram_explore_grid_home,0,4,0,0,0,0
120248341533720167,read,2026-07-16,instagram_reels,1.69,448,5,0,0,0
120248341533720167,read,2026-07-16,instagram_stories,12.59,4676,38,0,0,0
120248341533720167,read,2026-07-16,instream_video,1.68,957,12,0,0,0
120248341533720167,read,2026-07-16,marketplace,0.02,17,0,0,0,0
120248341533720167,read,2026-07-16,search,0,3,0,0,0,0
120248341533720167,read,2026-07-16,threads_feed,19.55,46647,92,0,0,0
120248341547190167,read,2026-07-16,an_classic,7.16,2519,64,0,0,0
120248341547190167,read,2026-07-16,facebook_profile_feed,0.69,257,1,0,0,0
120248341547190167,read,2026-07-16,facebook_reels,4.3,1260,3,0,0,0
120248341547190167,read,2026-07-16,facebook_reels_overlay,2,1554,17,0,0,0
120248341547190167,read,2026-07-16,facebook_stories,31.78,8472,100,1,1,0
120248341547190167,read,2026-07-16,feed,15.73,5545,29,1,0,0
120248341547190167,read,2026-07-16,instagram_reels,2.32,513,7,1,1,0
120248341547190167,read,2026-07-16,instagram_stories,14.75,3684,41,0,0,0
120248341547190167,read,2026-07-16,instream_video,11.2,5245,59,0,0,0
120248341547190167,read,2026-07-16,marketplace,0.22,194,0,0,0,0
120248341547190167,read,2026-07-16,search,0.09,47,0,0,0,0
120248341547190167,read,2026-07-16,threads_feed,20.55,46428,63,0,0,0
120248341561120167,i10,2026-07-12,an_classic,0.33,32,6,0,0,0
120248341561120167,i10,2026-07-12,facebook_profile_feed,0.16,78,0,0,0,0
120248341561120167,i10,2026-07-12,facebook_reels,1.75,327,3,0,0,0
120248341561120167,i10,2026-07-12,facebook_reels_overlay,0.33,300,2,0,0,0
120248341561120167,i10,2026-07-12,facebook_stories,3.72,897,11,1,0,0
120248341561120167,i10,2026-07-12,feed,69.21,30639,201,6,2,2
120248341561120167,i10,2026-07-12,instagram_explore_grid_home,0.03,7,0,0,0,0
120248341561120167,i10,2026-07-12,instagram_reels,3.97,532,2,0,0,0
120248341561120167,i10,2026-07-12,instagram_stories,6.54,1248,12,1,1,1
120248341561120167,i10,2026-07-12,instream_video,12.3,5254,74,1,1,0
120248341561120167,i10,2026-07-12,marketplace,0,2,0,0,0,0
120248341561120167,i10,2026-07-12,rewarded_video,0.3,17,1,0,0,0
120248341561120167,i10,2026-07-12,search,0,1,0,0,0,0
120248341561120167,i10,2026-07-12,threads_feed,11.02,9549,9,1,1,0
120248341561120167,i10,2026-07-12,unknown,0,0,0,0,0,0
120248341561120167,read,2026-07-12,an_classic,0.33,32,6,0,0,0
120248341561120167,read,2026-07-12,facebook_profile_feed,0.16,78,0,0,0,0
120248341561120167,read,2026-07-12,facebook_reels,1.75,327,3,0,0,0
120248341561120167,read,2026-07-12,facebook_reels_overlay,0.33,300,2,0,0,0
120248341561120167,read,2026-07-12,facebook_stories,3.72,897,11,1,0,0
120248341561120167,read,2026-07-12,feed,69.21,30639,201,6,2,2
120248341561120167,read,2026-07-12,instagram_explore_grid_home,0.03,7,0,0,0,0
120248341561120167,read,2026-07-12,instagram_reels,3.97,532,2,0,0,0
120248341561120167,read,2026-07-12,instagram_stories,6.54,1248,12,1,1,1
120248341561120167,read,2026-07-12,instream_video,12.3,5254,74,1,1,0
120248341561120167,read,2026-07-12,marketplace,0,2,0,0,0,0
120248341561120167,read,2026-07-12,rewarded_video,0.3,17,1,0,0,0
120248341561120167,read,2026-07-12,search,0,1,0,0,0,0
120248341561120167,read,2026-07-12,threads_feed,11.02,9549,9,1,1,0
120248341561120167,read,2026-07-12,unknown,0,0,0,0,0,0
120248341577480167,i10,2026-07-03,an_classic,0.07,8,1,0,0,0
120248341577480167,i10,2026-07-03,biz_disco_feed,0,1,0,0,0,0
120248341577480167,i10,2026-07-03,facebook_notification,0.02,2,0,0,0,0
120248341577480167,i10,2026-07-03,facebook_profile_feed,0.12,58,1,0,0,0
120248341577480167,i10,2026-07-03,facebook_reels,126.37,35883,256,6,7,2
120248341577480167,i10,2026-07-03,facebook_reels_overlay,0,3,0,0,0,0
120248341577480167,i10,2026-07-03,facebook_stories,8.32,893,40,0,0,0
120248341577480167,i10,2026-07-03,feed,86.09,21458,265,5,2,2
120248341577480167,i10,2026-07-03,instagram_explore_grid_home,0.01,2,0,0,0,0
120248341577480167,i10,2026-07-03,instagram_reels,21.56,3892,17,0,0,0
120248341577480167,i10,2026-07-03,instagram_stories,1.66,265,3,1,0,0
120248341577480167,i10,2026-07-03,instream_video,2.28,617,15,0,0,0
120248341577480167,i10,2026-07-03,rewarded_video,0.38,63,10,0,0,0
120248341577480167,i10,2026-07-03,search,0.02,11,0,0,0,0
120248341577480167,i10,2026-07-03,threads_feed,2.1,1758,0,0,0,0
120248341577480167,read,2026-07-02,an_classic,0.02,5,1,0,0,0
120248341577480167,read,2026-07-02,biz_disco_feed,0,1,0,0,0,0
120248341577480167,read,2026-07-02,facebook_notification,0.01,1,0,0,0,0
120248341577480167,read,2026-07-02,facebook_profile_feed,0.08,45,1,0,0,0
120248341577480167,read,2026-07-02,facebook_reels,42.22,11578,86,4,5,2
120248341577480167,read,2026-07-02,facebook_stories,4.97,564,27,0,0,0
120248341577480167,read,2026-07-02,feed,49.23,14270,160,3,1,1
120248341577480167,read,2026-07-02,instagram_explore_grid_home,0.01,1,0,0,0,0
120248341577480167,read,2026-07-02,instagram_reels,9.98,1990,6,0,0,0
120248341577480167,read,2026-07-02,instagram_stories,0.62,163,0,0,0,0
120248341577480167,read,2026-07-02,instream_video,1.24,350,11,0,0,0
120248341577480167,read,2026-07-02,rewarded_video,0.32,46,5,0,0,0
120248341577480167,read,2026-07-02,search,0,4,0,0,0,0
120248341577480167,read,2026-07-02,threads_feed,1.46,1380,0,0,0,0
120248489704700167,i10,2026-06-30,facebook_notification,0,1,0,0,0,0
120248489704700167,i10,2026-06-30,facebook_profile_feed,0.17,51,0,0,0,0
120248489704700167,i10,2026-06-30,facebook_reels,98.98,25330,291,4,1,1
120248489704700167,i10,2026-06-30,facebook_stories,4.93,477,16,0,0,0
120248489704700167,i10,2026-06-30,feed,90.72,22232,516,3,1,0
120248489704700167,i10,2026-06-30,instagram_explore_grid_home,0.02,20,0,0,0,0
120248489704700167,i10,2026-06-30,instagram_reels,44.72,7292,88,4,1,0
120248489704700167,i10,2026-06-30,instagram_stories,23.67,2968,41,2,1,0
120248489704700167,i10,2026-06-30,instream_video,0.41,48,0,0,0,0
120248489704700167,i10,2026-06-30,marketplace,0.02,11,0,0,0,0
120248489704700167,read,2026-06-30,facebook_notification,0,1,0,0,0,0
120248489704700167,read,2026-06-30,facebook_profile_feed,0.17,51,0,0,0,0
120248489704700167,read,2026-06-30,facebook_reels,98.98,25330,291,4,1,1
120248489704700167,read,2026-06-30,facebook_stories,4.93,477,16,0,0,0
120248489704700167,read,2026-06-30,feed,90.72,22232,516,3,1,0
120248489704700167,read,2026-06-30,instagram_explore_grid_home,0.02,20,0,0,0,0
120248489704700167,read,2026-06-30,instagram_reels,44.72,7292,88,4,1,0
120248489704700167,read,2026-06-30,instagram_stories,23.67,2968,41,2,1,0
120248489704700167,read,2026-06-30,instream_video,0.41,48,0,0,0,0
120248489704700167,read,2026-06-30,marketplace,0.02,11,0,0,0,0
120248526868210167,i10,2026-07-01,an_classic,0.01,2,0,0,0,0
120248526868210167,i10,2026-07-01,facebook_notification,0.29,34,1,0,0,0
120248526868210167,i10,2026-07-01,facebook_profile_feed,1.71,456,8,0,0,0
120248526868210167,i10,2026-07-01,facebook_reels,342.69,87108,880,17,8,3
120248526868210167,i10,2026-07-01,facebook_reels_overlay,0.02,23,0,0,0,0
120248526868210167,i10,2026-07-01,facebook_stories,18.78,1996,52,1,1,0
120248526868210167,i10,2026-07-01,feed,320.82,87365,3055,15,11,7
120248526868210167,i10,2026-07-01,instagram_explore_grid_home,0.13,100,0,0,0,0
120248526868210167,i10,2026-07-01,instagram_reels,253.11,45543,430,20,8,7
120248526868210167,i10,2026-07-01,instagram_stories,124.17,18178,227,11,4,0
120248526868210167,i10,2026-07-01,instream_video,3.48,534,18,0,0,0
120248526868210167,i10,2026-07-01,marketplace,0.53,167,0,0,0,0
120248526868210167,i10,2026-07-01,rewarded_video,0.16,8,2,0,0,0
120248526868210167,i10,2026-07-01,search,0.36,14,0,0,0,0
120248526868210167,read,2026-07-01,an_classic,0.01,2,0,0,0,0
120248526868210167,read,2026-07-01,facebook_notification,0.29,34,1,0,0,0
120248526868210167,read,2026-07-01,facebook_profile_feed,1.71,456,8,0,0,0
120248526868210167,read,2026-07-01,facebook_reels,342.69,87108,880,17,8,3
120248526868210167,read,2026-07-01,facebook_reels_overlay,0.02,23,0,0,0,0
120248526868210167,read,2026-07-01,facebook_stories,18.78,1996,52,1,1,0
120248526868210167,read,2026-07-01,feed,320.82,87365,3055,15,11,7
120248526868210167,read,2026-07-01,instagram_explore_grid_home,0.13,100,0,0,0,0
120248526868210167,read,2026-07-01,instagram_reels,253.11,45543,430,20,8,7
120248526868210167,read,2026-07-01,instagram_stories,124.17,18178,227,11,4,0
120248526868210167,read,2026-07-01,instream_video,3.48,534,18,0,0,0
120248526868210167,read,2026-07-01,marketplace,0.53,167,0,0,0,0
120248526868210167,read,2026-07-01,rewarded_video,0.16,8,2,0,0,0
120248526868210167,read,2026-07-01,search,0.36,14,0,0,0,0
120248530261670167,i10,2026-07-01,an_classic,0.18,18,0,0,0,0
120248530261670167,i10,2026-07-01,facebook_notification,0.17,23,1,0,0,0
120248530261670167,i10,2026-07-01,facebook_reels,143.66,27705,653,22,7,1
120248530261670167,i10,2026-07-01,facebook_reels_overlay,0.02,13,0,0,0,0
120248530261670167,i10,2026-07-01,facebook_stories,18.86,2003,49,2,1,1
120248530261670167,i10,2026-07-01,feed,76.9,13369,251,14,9,5
120248530261670167,i10,2026-07-01,instagram_reels,48.29,10363,100,0,0,0
120248530261670167,i10,2026-07-01,instagram_stories,120.92,32777,744,2,0,0
120248530261670167,i10,2026-07-01,instream_video,1.29,202,6,0,0,0
120248530261670167,i10,2026-07-01,marketplace,0.15,83,1,0,0,0
120248530261670167,i10,2026-07-01,search,0.13,22,1,0,0,0
120248530261670167,read,2026-07-01,an_classic,0.18,18,0,0,0,0
120248530261670167,read,2026-07-01,facebook_notification,0.17,23,1,0,0,0
120248530261670167,read,2026-07-01,facebook_reels,143.66,27705,653,22,7,1
120248530261670167,read,2026-07-01,facebook_reels_overlay,0.02,13,0,0,0,0
120248530261670167,read,2026-07-01,facebook_stories,18.86,2003,49,2,1,1
120248530261670167,read,2026-07-01,feed,76.9,13369,251,14,9,5
120248530261670167,read,2026-07-01,instagram_reels,48.29,10363,100,0,0,0
120248530261670167,read,2026-07-01,instagram_stories,120.92,32777,744,2,0,0
120248530261670167,read,2026-07-01,instream_video,1.29,202,6,0,0,0
120248530261670167,read,2026-07-01,marketplace,0.15,83,1,0,0,0
120248530261670167,read,2026-07-01,search,0.13,22,1,0,0,0
120248612012470167,i10,2026-07-03,an_classic,0.31,9,1,0,0,0
120248612012470167,i10,2026-07-03,facebook_notification,0.51,68,1,0,0,0
120248612012470167,i10,2026-07-03,facebook_reels,53.58,9132,221,2,1,0
120248612012470167,i10,2026-07-03,facebook_reels_overlay,0.05,52,0,0,0,0
120248612012470167,i10,2026-07-03,facebook_stories,8.57,656,16,0,0,0
120248612012470167,i10,2026-07-03,feed,105.56,14657,247,12,9,2
120248612012470167,i10,2026-07-03,instagram_reels,32.64,5280,66,0,0,0
120248612012470167,i10,2026-07-03,instagram_stories,90.73,22810,516,0,0,0
120248612012470167,i10,2026-07-03,instream_video,2.68,545,17,0,0,0
120248612012470167,i10,2026-07-03,marketplace,0.13,59,1,0,0,0
120248612012470167,i10,2026-07-03,search,0.12,64,2,0,0,0
120248612012470167,read,2026-07-03,an_classic,0.31,9,1,0,0,0
120248612012470167,read,2026-07-03,facebook_notification,0.51,68,1,0,0,0
120248612012470167,read,2026-07-03,facebook_reels,53.58,9132,221,2,1,0
120248612012470167,read,2026-07-03,facebook_reels_overlay,0.05,52,0,0,0,0
120248612012470167,read,2026-07-03,facebook_stories,8.57,656,16,0,0,0
120248612012470167,read,2026-07-03,feed,105.56,14657,247,12,9,2
120248612012470167,read,2026-07-03,instagram_reels,32.64,5280,66,0,0,0
120248612012470167,read,2026-07-03,instagram_stories,90.73,22810,516,0,0,0
120248612012470167,read,2026-07-03,instream_video,2.68,545,17,0,0,0
120248612012470167,read,2026-07-03,marketplace,0.13,59,1,0,0,0
120248612012470167,read,2026-07-03,search,0.12,64,2,0,0,0
120248612089090167,i10,2026-07-03,facebook_notification,0.11,21,0,0,0,0
120248612089090167,i10,2026-07-03,facebook_profile_feed,1.15,281,5,0,0,0
120248612089090167,i10,2026-07-03,facebook_reels,392.69,112026,1012,12,7,3
120248612089090167,i10,2026-07-03,facebook_reels_overlay,1.96,1520,11,0,0,0
120248612089090167,i10,2026-07-03,facebook_stories,103.96,13232,402,3,0,1
120248612089090167,i10,2026-07-03,feed,520.96,160158,3372,19,11,6
120248612089090167,i10,2026-07-03,instagram_explore_grid_home,0.03,27,0,0,0,0
120248612089090167,i10,2026-07-03,instagram_reels,252.31,53437,500,7,5,2
120248612089090167,i10,2026-07-03,instagram_stories,159.76,33127,433,5,4,1
120248612089090167,i10,2026-07-03,instream_video,31.53,7291,143,1,0,0
120248612089090167,i10,2026-07-03,marketplace,0.84,439,0,0,0,0
120248612089090167,i10,2026-07-03,rewarded_video,0.22,12,3,0,0,0
120248612089090167,i10,2026-07-03,search,0.13,7,0,0,0,0
120248612089090167,i10,2026-07-03,threads_feed,55.42,47056,34,0,0,0
120248612089090167,read,2026-07-03,facebook_notification,0.11,21,0,0,0,0
120248612089090167,read,2026-07-03,facebook_profile_feed,1.15,281,5,0,0,0
120248612089090167,read,2026-07-03,facebook_reels,392.69,112026,1012,12,7,3
120248612089090167,read,2026-07-03,facebook_reels_overlay,1.96,1520,11,0,0,0
120248612089090167,read,2026-07-03,facebook_stories,103.96,13232,402,3,0,1
120248612089090167,read,2026-07-03,feed,520.96,160158,3372,19,11,6
120248612089090167,read,2026-07-03,instagram_explore_grid_home,0.03,27,0,0,0,0
120248612089090167,read,2026-07-03,instagram_reels,252.31,53437,500,7,5,2
120248612089090167,read,2026-07-03,instagram_stories,159.76,33127,433,5,4,1
120248612089090167,read,2026-07-03,instream_video,31.53,7291,143,1,0,0
120248612089090167,read,2026-07-03,marketplace,0.84,439,0,0,0,0
120248612089090167,read,2026-07-03,rewarded_video,0.22,12,3,0,0,0
120248612089090167,read,2026-07-03,search,0.13,7,0,0,0,0
120248612089090167,read,2026-07-03,threads_feed,55.42,47056,34,0,0,0
120248612147470167,read,2026-07-03,facebook_reels,2.8,682,2,0,0,0
120248612147470167,read,2026-07-03,facebook_stories,59.04,7529,221,2,1,1
120248612147470167,read,2026-07-03,feed,27.57,12553,80,1,1,2
120248612147470167,read,2026-07-03,instagram_explore_grid_home,0,1,0,0,0,0
120248612147470167,read,2026-07-03,instagram_reels,3.62,802,8,0,0,0
120248612147470167,read,2026-07-03,instagram_stories,34.49,13103,158,1,0,0
120248612260260167,read,2026-07-04,biz_disco_feed,0,2,0,0,0,0
120248612260260167,read,2026-07-04,facebook_notification,0.06,6,0,0,0,0
120248612260260167,read,2026-07-04,facebook_profile_feed,0.85,274,2,0,0,0
120248612260260167,read,2026-07-04,facebook_reels,10.17,2245,19,0,0,0
120248612260260167,read,2026-07-04,facebook_reels_overlay,0.19,163,1,0,0,0
120248612260260167,read,2026-07-04,feed,9.11,1640,8,2,1,2
120248612260260167,read,2026-07-04,instagram_reels,1.23,169,0,0,0,0
120248612260260167,read,2026-07-04,instagram_stories,57.6,14950,366,0,0,0
120248612260260167,read,2026-07-04,instream_video,10.49,2602,59,0,0,0
120248612260260167,read,2026-07-04,marketplace,0.01,32,0,0,0,0
120248612260260167,read,2026-07-04,search,0.25,99,0,0,0,0
120248612260260167,read,2026-07-04,threads_feed,10.37,11952,9,2,1,0
120248686842540167,i10,2026-07-07,an_classic,0.07,7,1,0,0,0
120248686842540167,i10,2026-07-07,facebook_profile_feed,2.11,528,5,0,0,0
120248686842540167,i10,2026-07-07,facebook_reels,290.08,93957,600,3,0,0
120248686842540167,i10,2026-07-07,facebook_reels_overlay,0.11,65,0,0,0,0
120248686842540167,i10,2026-07-07,facebook_stories,34.84,4308,151,0,1,0
120248686842540167,i10,2026-07-07,feed,204.62,71717,760,5,1,1
120248686842540167,i10,2026-07-07,instagram_explore_grid_home,0.04,49,0,0,0,0
120248686842540167,i10,2026-07-07,instagram_reels,173.83,41428,182,2,0,0
120248686842540167,i10,2026-07-07,instagram_stories,18.47,3885,40,0,0,0
120248686842540167,i10,2026-07-07,instream_video,13.13,3664,66,0,0,0
120248686842540167,i10,2026-07-07,marketplace,0.02,22,0,0,0,0
120248686842540167,i10,2026-07-07,rewarded_video,0.15,16,3,0,0,0
120248686842540167,i10,2026-07-07,search,0.06,35,0,0,0,0
120248686842540167,read,2026-07-06,facebook_profile_feed,1.02,288,4,0,0,0
120248686842540167,read,2026-07-06,facebook_reels,266.05,86345,550,2,0,0
120248686842540167,read,2026-07-06,facebook_reels_overlay,0.11,55,0,0,0,0
120248686842540167,read,2026-07-06,facebook_stories,31.92,3946,144,0,0,0
120248686842540167,read,2026-07-06,feed,179.81,65580,688,2,0,0
120248686842540167,read,2026-07-06,instagram_explore_grid_home,0.03,30,0,0,0,0
120248686842540167,read,2026-07-06,instagram_reels,151.97,35965,157,2,0,0
120248686842540167,read,2026-07-06,instagram_stories,15.12,3348,35,0,0,0
120248686842540167,read,2026-07-06,instream_video,11.66,3227,56,0,0,0
120248686842540167,read,2026-07-06,marketplace,0.01,9,0,0,0,0
120248686842540167,read,2026-07-06,rewarded_video,0.03,3,0,0,0,0
120248686842540167,read,2026-07-06,search,0.02,15,0,0,0,0
120248715194060167,i10,2026-07-07,an_classic,0.09,11,2,0,0,0
120248715194060167,i10,2026-07-07,biz_disco_feed,0,1,0,0,0,0
120248715194060167,i10,2026-07-07,facebook_profile_feed,1.57,410,3,0,0,0
120248715194060167,i10,2026-07-07,facebook_reels,170.69,53256,324,8,1,2
120248715194060167,i10,2026-07-07,facebook_reels_overlay,0.43,316,1,0,0,0
120248715194060167,i10,2026-07-07,facebook_stories,41.21,5113,164,2,2,0
120248715194060167,i10,2026-07-07,feed,275.72,111741,973,3,1,0
120248715194060167,i10,2026-07-07,instagram_explore_grid_home,0.03,37,0,0,0,0
120248715194060167,i10,2026-07-07,instagram_reels,127.71,30344,152,4,1,2
120248715194060167,i10,2026-07-07,instagram_stories,26.91,6408,65,0,0,0
120248715194060167,i10,2026-07-07,instream_video,31.05,8352,183,0,0,0
120248715194060167,i10,2026-07-07,marketplace,0.07,41,0,0,0,0
120248715194060167,i10,2026-07-07,rewarded_video,0.84,86,17,0,0,0
120248715194060167,i10,2026-07-07,search,0.17,64,1,0,0,0
120248715194060167,i10,2026-07-07,threads_feed,6.82,7610,5,0,0,0
120248715194060167,i10,2026-07-07,unknown,0,0,0,0,0,0
120248715194060167,read,2026-07-06,facebook_profile_feed,0.08,35,0,0,0,0
120248715194060167,read,2026-07-06,facebook_reels,36.76,11656,76,0,0,0
120248715194060167,read,2026-07-06,facebook_reels_overlay,0.04,45,0,0,0,0
120248715194060167,read,2026-07-06,facebook_stories,10.65,1374,40,1,1,0
120248715194060167,read,2026-07-06,feed,77.28,36267,295,0,0,0
120248715194060167,read,2026-07-06,instagram_explore_grid_home,0.01,6,0,0,0,0
120248715194060167,read,2026-07-06,instagram_reels,28.43,6504,29,0,0,0
120248715194060167,read,2026-07-06,instagram_stories,9.12,2304,28,0,0,0
120248715194060167,read,2026-07-06,instream_video,6.09,1533,28,0,0,0
120248715194060167,read,2026-07-06,marketplace,0.01,5,0,0,0,0
120248715194060167,read,2026-07-06,rewarded_video,0.02,2,0,0,0,0
120248715194060167,read,2026-07-06,search,0.02,5,0,0,0,0
120248715194060167,read,2026-07-06,threads_feed,1.05,1150,2,0,0,0
120248715237150167,i10,2026-07-07,an_classic,0.91,109,21,0,0,0
120248715237150167,i10,2026-07-07,facebook_reels,203.69,65345,358,5,3,2
120248715237150167,i10,2026-07-07,facebook_reels_overlay,0.22,140,2,0,0,0
120248715237150167,i10,2026-07-07,facebook_stories,101.14,13819,386,1,0,0
120248715237150167,i10,2026-07-07,feed,124.87,31871,208,6,3,2
120248715237150167,i10,2026-07-07,instagram_explore_grid_home,0,7,0,0,0,0
120248715237150167,i10,2026-07-07,instagram_reels,437.3,96971,364,21,12,6
120248715237150167,i10,2026-07-07,instagram_stories,126.49,29105,350,5,6,3
120248715237150167,i10,2026-07-07,instream_video,8.23,1973,39,0,0,0
120248715237150167,i10,2026-07-07,marketplace,0.01,12,0,0,0,0
120248715237150167,i10,2026-07-07,rewarded_video,5.33,606,68,0,0,0
120248715237150167,i10,2026-07-07,search,0.02,32,0,0,0,0
120248715237150167,i10,2026-07-07,threads_feed,10.73,7469,3,0,0,0
120248715237150167,i10,2026-07-07,unknown,0,0,0,0,0,0
120248715237150167,read,2026-07-06,an_classic,0.03,2,0,0,0,0
120248715237150167,read,2026-07-06,facebook_reels,34.36,10017,76,1,1,1
120248715237150167,read,2026-07-06,facebook_reels_overlay,0.03,16,1,0,0,0
120248715237150167,read,2026-07-06,facebook_stories,17.95,2294,73,0,0,0
120248715237150167,read,2026-07-06,feed,24.95,6616,37,3,1,0
120248715237150167,read,2026-07-06,instagram_reels,52.96,10182,48,2,1,3
120248715237150167,read,2026-07-06,instagram_stories,23.36,5795,86,2,2,1
120248715237150167,read,2026-07-06,instream_video,1.48,330,10,0,0,0
120248715237150167,read,2026-07-06,rewarded_video,0.1,8,0,0,0,0
120248715237150167,read,2026-07-06,search,0.01,2,0,0,0,0
120248715237150167,read,2026-07-06,threads_feed,0.7,500,0,0,0,0
120248715237150167,read,2026-07-06,unknown,0,0,0,0,0,0
120248718076390167,i10,2026-07-14,facebook_profile_feed,2.54,853,10,0,0,0
120248718076390167,i10,2026-07-14,facebook_reels,59.31,8473,100,3,2,0
120248718076390167,i10,2026-07-14,facebook_reels_overlay,0.8,793,5,0,0,0
120248718076390167,i10,2026-07-14,facebook_stories,2.02,357,7,0,0,0
120248718076390167,i10,2026-07-14,feed,85.75,9406,89,6,2,0
120248718076390167,i10,2026-07-14,instagram_reels,10.63,1391,7,1,0,0
120248718076390167,i10,2026-07-14,instagram_stories,34.36,9974,234,1,0,0
120248718076390167,i10,2026-07-14,instream_video,11.98,3804,77,0,0,0
120248718076390167,i10,2026-07-14,marketplace,0.4,280,0,0,0,0
120248718076390167,i10,2026-07-14,search,4.06,1038,7,0,0,0
120248718076390167,read,2026-07-10,facebook_profile_feed,1.35,374,7,0,0,0
120248718076390167,read,2026-07-10,facebook_reels,25.44,3464,33,1,2,0
120248718076390167,read,2026-07-10,facebook_reels_overlay,0.52,488,3,0,0,0
120248718076390167,read,2026-07-10,facebook_stories,2.01,354,7,0,0,0
120248718076390167,read,2026-07-10,feed,32.18,3377,33,1,0,0
120248718076390167,read,2026-07-10,instagram_reels,5.34,605,3,0,0,0
120248718076390167,read,2026-07-10,instagram_stories,30.23,8581,209,1,0,0
120248718076390167,read,2026-07-10,instream_video,8.07,2596,55,0,0,0
120248718076390167,read,2026-07-10,marketplace,0.15,103,0,0,0,0
120248718076390167,read,2026-07-10,search,2.22,605,5,0,0,0
120248718399620167,i10,2026-07-07,facebook_reels,301.76,70534,3920,34,14,1
120248718399620167,i10,2026-07-07,facebook_reels_overlay,0.04,27,0,0,0,0
120248718399620167,i10,2026-07-07,feed,163.15,42787,691,21,13,3
120248718399620167,i10,2026-07-07,instagram_reels,48.35,8596,254,6,2,2
120248718399620167,i10,2026-07-07,instagram_stories,151.62,34619,969,11,6,3
120248718399620167,i10,2026-07-07,instream_video,2.63,587,13,0,0,0
120248718399620167,i10,2026-07-07,marketplace,0.11,92,0,0,0,0
120248718399620167,i10,2026-07-07,search,0.04,3,1,0,0,0
120248718399620167,i10,2026-07-07,unknown,0,0,0,0,0,0
120248718399620167,read,2026-07-06,facebook_reels,30.11,5883,253,1,2,0
120248718399620167,read,2026-07-06,facebook_reels_overlay,0.03,19,0,0,0,0
120248718399620167,read,2026-07-06,feed,43.86,11436,165,2,2,0
120248718399620167,read,2026-07-06,instagram_reels,12.3,2456,61,1,0,0
120248718399620167,read,2026-07-06,instagram_stories,30.14,7427,176,3,0,2
120248718399620167,read,2026-07-06,instream_video,1.42,310,5,0,0,0
120248718399620167,read,2026-07-06,marketplace,0.08,45,0,0,0,0
120248719356730167,i10,2026-07-07,an_classic,0.01,1,0,0,0,0
120248719356730167,i10,2026-07-07,facebook_reels,130.74,35505,683,14,9,3
120248719356730167,i10,2026-07-07,facebook_reels_overlay,0,5,0,0,0,0
120248719356730167,i10,2026-07-07,facebook_stories,17.71,2009,85,0,0,0
120248719356730167,i10,2026-07-07,feed,95.87,36408,657,10,4,4
120248719356730167,i10,2026-07-07,instagram_explore_grid_home,0.1,98,0,0,0,0
120248719356730167,i10,2026-07-07,instagram_reels,34.01,8865,162,6,5,2
120248719356730167,i10,2026-07-07,instagram_stories,40.1,13644,223,7,3,1
120248719356730167,i10,2026-07-07,instream_video,2.6,679,14,0,0,0
120248719356730167,i10,2026-07-07,marketplace,0,3,0,0,0,0
120248719356730167,i10,2026-07-07,search,0.01,4,0,0,0,0
120248719356730167,read,2026-07-07,an_classic,0.01,1,0,0,0,0
120248719356730167,read,2026-07-07,facebook_reels,130.74,35505,683,14,9,3
120248719356730167,read,2026-07-07,facebook_reels_overlay,0,5,0,0,0,0
120248719356730167,read,2026-07-07,facebook_stories,17.71,2009,85,0,0,0
120248719356730167,read,2026-07-07,feed,95.87,36408,657,10,4,4
120248719356730167,read,2026-07-07,instagram_explore_grid_home,0.1,98,0,0,0,0
120248719356730167,read,2026-07-07,instagram_reels,34.01,8865,162,6,5,2
120248719356730167,read,2026-07-07,instagram_stories,40.1,13644,223,7,3,1
120248719356730167,read,2026-07-07,instream_video,2.6,679,14,0,0,0
120248719356730167,read,2026-07-07,marketplace,0,3,0,0,0,0
120248719356730167,read,2026-07-07,search,0.01,4,0,0,0,0
120248719873780167,read,2026-07-12,an_classic,6.16,1021,28,0,0,0
120248719873780167,read,2026-07-12,facebook_profile_feed,0.18,56,0,0,0,0
120248719873780167,read,2026-07-12,facebook_reels,2.18,1709,7,0,0,0
120248719873780167,read,2026-07-12,facebook_reels_overlay,0.04,33,1,0,0,0
120248719873780167,read,2026-07-12,facebook_stories,22.63,7460,73,0,0,0
120248719873780167,read,2026-07-12,feed,13.97,8847,49,0,0,0
120248719873780167,read,2026-07-12,instagram_reels,10.31,4649,92,0,0,0
120248719873780167,read,2026-07-12,instagram_stories,47.14,30351,351,0,0,0
120248719873780167,read,2026-07-12,instream_video,0.92,721,6,0,0,0
120248719873780167,read,2026-07-12,marketplace,0.02,3,0,0,0,0
120248719873780167,read,2026-07-12,search,0,7,0,0,0,0
120248719873780167,read,2026-07-12,threads_feed,11.39,33593,72,0,0,0
120248719893710167,read,2026-07-11,an_classic,1.78,206,22,0,0,0
120248719893710167,read,2026-07-11,facebook_profile_feed,0.16,67,1,0,0,0
120248719893710167,read,2026-07-11,facebook_reels,14.22,4038,34,0,0,0
120248719893710167,read,2026-07-11,facebook_reels_overlay,0.09,8,0,0,0,0
120248719893710167,read,2026-07-11,facebook_stories,7.18,992,42,0,0,0
120248719893710167,read,2026-07-11,feed,35.45,24428,147,0,0,0
120248719893710167,read,2026-07-11,instagram_reels,26.02,5254,31,1,0,0
120248719893710167,read,2026-07-11,instagram_stories,0.87,240,4,0,0,0
120248719893710167,read,2026-07-11,instream_video,9.13,2991,73,0,0,0
120248719893710167,read,2026-07-11,rewarded_video,3.62,525,43,0,0,0
120248719893710167,read,2026-07-11,threads_feed,4.72,6846,4,0,0,0
120248719893710167,read,2026-07-11,unknown,0,0,0,0,0,0
120248719912650167,i10,2026-07-10,an_classic,4.34,361,27,0,0,0
120248719912650167,i10,2026-07-10,facebook_profile_feed,3.29,901,3,0,0,0
120248719912650167,i10,2026-07-10,facebook_reels,226.22,74307,635,9,5,2
120248719912650167,i10,2026-07-10,facebook_reels_overlay,0.03,35,0,0,0,0
120248719912650167,i10,2026-07-10,facebook_stories,42.01,5291,201,0,0,0
120248719912650167,i10,2026-07-10,feed,193.46,101980,946,6,5,4
120248719912650167,i10,2026-07-10,instagram_explore_grid_home,0,10,0,0,0,0
120248719912650167,i10,2026-07-10,instagram_reels,40.44,7791,31,3,2,1
120248719912650167,i10,2026-07-10,instagram_stories,34.86,8709,141,2,1,0
120248719912650167,i10,2026-07-10,instream_video,9.57,3252,67,0,0,0
120248719912650167,i10,2026-07-10,marketplace,0.31,195,0,0,0,0
120248719912650167,i10,2026-07-10,search,0.13,37,1,0,0,0
120248719912650167,i10,2026-07-10,threads_feed,11.37,10805,9,0,0,0
120248719912650167,i10,2026-07-10,unknown,0,0,0,0,0,0
120248719912650167,read,2026-07-10,an_classic,4.34,361,27,0,0,0
120248719912650167,read,2026-07-10,facebook_profile_feed,3.29,901,3,0,0,0
120248719912650167,read,2026-07-10,facebook_reels,226.22,74307,635,9,5,2
120248719912650167,read,2026-07-10,facebook_reels_overlay,0.03,35,0,0,0,0
120248719912650167,read,2026-07-10,facebook_stories,42.01,5291,201,0,0,0
120248719912650167,read,2026-07-10,feed,193.46,101980,946,6,5,4
120248719912650167,read,2026-07-10,instagram_explore_grid_home,0,10,0,0,0,0
120248719912650167,read,2026-07-10,instagram_reels,40.44,7791,31,3,2,1
120248719912650167,read,2026-07-10,instagram_stories,34.86,8709,141,2,1,0
120248719912650167,read,2026-07-10,instream_video,9.57,3252,67,0,0,0
120248719912650167,read,2026-07-10,marketplace,0.31,195,0,0,0,0
120248719912650167,read,2026-07-10,search,0.13,37,1,0,0,0
120248719912650167,read,2026-07-10,threads_feed,11.37,10805,9,0,0,0
120248719912650167,read,2026-07-10,unknown,0,0,0,0,0,0
120248720012760167,i10,2026-07-12,an_classic,6.51,1497,22,0,0,0
120248720012760167,i10,2026-07-12,facebook_profile_feed,0.31,127,2,0,0,0
120248720012760167,i10,2026-07-12,facebook_reels,7.06,3596,17,0,0,0
120248720012760167,i10,2026-07-12,facebook_reels_overlay,0.03,10,0,0,0,0
120248720012760167,i10,2026-07-12,facebook_stories,9.26,2488,18,0,0,0
120248720012760167,i10,2026-07-12,feed,34.49,16112,82,0,0,0
120248720012760167,i10,2026-07-12,instagram_reels,12.14,4288,88,1,1,0
120248720012760167,i10,2026-07-12,instagram_stories,161.95,79053,970,10,4,1
120248720012760167,i10,2026-07-12,instream_video,0.53,476,4,0,0,0
120248720012760167,i10,2026-07-12,marketplace,0,17,0,0,0,0
120248720012760167,i10,2026-07-12,search,0,17,0,0,0,0
120248720012760167,i10,2026-07-12,threads_feed,29.41,64488,228,0,0,0
120248720012760167,read,2026-07-11,an_classic,4.68,1158,16,0,0,0
120248720012760167,read,2026-07-11,facebook_profile_feed,0.24,89,1,0,0,0
120248720012760167,read,2026-07-11,facebook_reels,4.29,2244,13,0,0,0
120248720012760167,read,2026-07-11,facebook_reels_overlay,0.03,7,0,0,0,0
120248720012760167,read,2026-07-11,facebook_stories,7.76,2057,17,0,0,0
120248720012760167,read,2026-07-11,feed,16.15,6874,37,0,0,0
120248720012760167,read,2026-07-11,instagram_reels,7.94,2707,56,0,0,0
120248720012760167,read,2026-07-11,instagram_stories,73.32,34422,431,4,1,0
120248720012760167,read,2026-07-11,instream_video,0.49,407,4,0,0,0
120248720012760167,read,2026-07-11,marketplace,0,6,0,0,0,0
120248720012760167,read,2026-07-11,search,0,10,0,0,0,0
120248720012760167,read,2026-07-11,threads_feed,19.5,47225,143,0,0,0
120248720435220167,read,2026-07-10,facebook_reels,5.85,2166,26,0,0,0
120248720435220167,read,2026-07-10,facebook_stories,42.18,9868,134,0,0,0
120248720435220167,read,2026-07-10,feed,64.94,34148,258,0,0,0
120248720435220167,read,2026-07-10,instagram_reels,11.26,3450,62,1,0,1
120248720435220167,read,2026-07-10,instagram_stories,137.72,55823,830,0,0,0
120248789397960167,i10,2026-07-08,an_classic,0.02,1,0,0,0,0
120248789397960167,i10,2026-07-08,facebook_reels,121.81,24814,382,13,7,1
120248789397960167,i10,2026-07-08,facebook_reels_overlay,0.01,22,1,0,0,0
120248789397960167,i10,2026-07-08,facebook_stories,39.97,4812,163,0,0,0
120248789397960167,i10,2026-07-08,feed,161.81,48114,602,4,1,3
120248789397960167,i10,2026-07-08,instagram_explore_grid_home,0.09,72,1,0,0,0
120248789397960167,i10,2026-07-08,instagram_reels,73.84,13592,197,9,6,2
120248789397960167,i10,2026-07-08,instagram_stories,45.97,9642,127,0,0,0
120248789397960167,i10,2026-07-08,instream_video,6.7,1653,41,0,0,0
120248789397960167,i10,2026-07-08,marketplace,0.1,25,0,0,0,0
120248789397960167,i10,2026-07-08,search,0.01,4,0,0,0,0
120248789397960167,i10,2026-07-08,unknown,0,0,0,0,0,0
120248789397960167,read,2026-07-08,an_classic,0.02,1,0,0,0,0
120248789397960167,read,2026-07-08,facebook_reels,121.81,24814,382,13,7,1
120248789397960167,read,2026-07-08,facebook_reels_overlay,0.01,22,1,0,0,0
120248789397960167,read,2026-07-08,facebook_stories,39.97,4812,163,0,0,0
120248789397960167,read,2026-07-08,feed,161.81,48114,602,4,1,3
120248789397960167,read,2026-07-08,instagram_explore_grid_home,0.09,72,1,0,0,0
120248789397960167,read,2026-07-08,instagram_reels,73.84,13592,197,9,6,2
120248789397960167,read,2026-07-08,instagram_stories,45.97,9642,127,0,0,0
120248789397960167,read,2026-07-08,instream_video,6.7,1653,41,0,0,0
120248789397960167,read,2026-07-08,marketplace,0.1,25,0,0,0,0
120248789397960167,read,2026-07-08,search,0.01,4,0,0,0,0
120248789397960167,read,2026-07-08,unknown,0,0,0,0,0,0
120248790253970167,i10,2026-07-08,biz_disco_feed,0,1,0,0,0,0
120248790253970167,i10,2026-07-08,facebook_reels,170.68,36482,1517,11,3,2
120248790253970167,i10,2026-07-08,facebook_reels_overlay,0.51,320,3,0,0,0
120248790253970167,i10,2026-07-08,facebook_stories,4.16,612,6,0,0,0
120248790253970167,i10,2026-07-08,feed,101.8,21385,275,11,10,5
120248790253970167,i10,2026-07-08,instagram_reels,82.99,12695,326,6,3,2
120248790253970167,i10,2026-07-08,instagram_stories,237.16,51851,1090,3,2,0
120248790253970167,i10,2026-07-08,instream_video,4.81,1022,21,0,0,0
120248790253970167,i10,2026-07-08,marketplace,1.03,539,7,0,0,0
120248790253970167,i10,2026-07-08,search,0.37,22,0,0,0,0
120248790253970167,read,2026-07-08,biz_disco_feed,0,1,0,0,0,0
120248790253970167,read,2026-07-08,facebook_reels,170.68,36482,1517,11,3,2
120248790253970167,read,2026-07-08,facebook_reels_overlay,0.51,320,3,0,0,0
120248790253970167,read,2026-07-08,facebook_stories,4.16,612,6,0,0,0
120248790253970167,read,2026-07-08,feed,101.8,21385,275,11,10,5
120248790253970167,read,2026-07-08,instagram_reels,82.99,12695,326,6,3,2
120248790253970167,read,2026-07-08,instagram_stories,237.16,51851,1090,3,2,0
120248790253970167,read,2026-07-08,instream_video,4.81,1022,21,0,0,0
120248790253970167,read,2026-07-08,marketplace,1.03,539,7,0,0,0
120248790253970167,read,2026-07-08,search,0.37,22,0,0,0,0
120248822296120167,i10,2026-07-10,biz_disco_feed,0,1,0,0,0,0
120248822296120167,i10,2026-07-10,facebook_reels,277.84,83503,2346,23,19,6
120248822296120167,i10,2026-07-10,facebook_reels_overlay,0.77,473,3,0,0,0
120248822296120167,i10,2026-07-10,facebook_stories,15.02,2054,43,1,1,0
120248822296120167,i10,2026-07-10,feed,71.73,18016,191,3,2,0
120248822296120167,i10,2026-07-10,instagram_reels,46.18,8276,124,0,0,0
120248822296120167,i10,2026-07-10,instagram_stories,120.81,24186,515,3,2,3
120248822296120167,i10,2026-07-10,instream_video,1.93,426,16,2,1,0
120248822296120167,i10,2026-07-10,marketplace,0.55,280,4,0,0,0
120248822296120167,i10,2026-07-10,search,0.2,32,0,0,0,0
120248822296120167,read,2026-07-09,biz_disco_feed,0,1,0,0,0,0
120248822296120167,read,2026-07-09,facebook_reels,53.7,14312,480,5,3,0
120248822296120167,read,2026-07-09,facebook_reels_overlay,0.17,66,0,0,0,0
120248822296120167,read,2026-07-09,facebook_stories,2.17,306,8,0,0,0
120248822296120167,read,2026-07-09,feed,14.13,2926,48,2,2,0
120248822296120167,read,2026-07-09,instagram_reels,13.4,2057,35,0,0,0
120248822296120167,read,2026-07-09,instagram_stories,36.57,7134,163,1,0,0
120248822296120167,read,2026-07-09,instream_video,0.89,207,7,0,0,0
120248822296120167,read,2026-07-09,marketplace,0.15,71,0,0,0,0
120248822296120167,read,2026-07-09,search,0,2,0,0,0,0
120248898263350167,read,2026-07-16,an_classic,3.81,1754,45,0,0,0
120248898263350167,read,2026-07-16,biz_disco_feed,0,1,0,0,0,0
120248898263350167,read,2026-07-16,facebook_profile_feed,0.75,340,3,0,0,0
120248898263350167,read,2026-07-16,facebook_reels,29.84,10782,47,0,0,0
120248898263350167,read,2026-07-16,facebook_reels_overlay,0.18,65,0,0,0,0
120248898263350167,read,2026-07-16,facebook_stories,53.29,9676,125,1,1,0
120248898263350167,read,2026-07-16,feed,12.8,3178,17,0,0,0
120248898263350167,read,2026-07-16,instagram_reels,28.97,9369,112,0,0,0
120248898263350167,read,2026-07-16,instagram_stories,139.35,40847,438,1,1,0
120248898263350167,read,2026-07-16,instream_video,1.58,480,6,0,0,0
120248898263350167,read,2026-07-16,marketplace,0.09,37,0,0,0,0
120248898263350167,read,2026-07-16,search,0.46,156,1,0,0,0
120248898263350167,read,2026-07-16,threads_feed,16.34,44879,70,0,0,0
120248898272860167,read,2026-07-15,an_classic,3.08,254,37,0,0,0
120248898272860167,read,2026-07-15,facebook_profile_feed,0.16,52,1,0,0,0
120248898272860167,read,2026-07-15,facebook_reels,29.34,11188,56,1,2,1
120248898272860167,read,2026-07-15,facebook_reels_overlay,0.07,31,0,0,0,0
120248898272860167,read,2026-07-15,facebook_stories,59.4,13277,235,0,0,0
120248898272860167,read,2026-07-15,feed,18.79,6328,30,0,0,0
120248898272860167,read,2026-07-15,instagram_reels,4.26,974,0,0,0,0
120248898272860167,read,2026-07-15,instagram_stories,162.65,47952,1119,1,1,1
120248898272860167,read,2026-07-15,instream_video,4.11,1085,34,0,0,0
120248898272860167,read,2026-07-15,marketplace,0.05,36,0,0,0,0
120248898272860167,read,2026-07-15,rewarded_video,11.73,1167,145,0,0,0
120248898272860167,read,2026-07-15,search,0.14,27,0,0,0,0
120248898272860167,read,2026-07-15,threads_feed,11.93,15896,9,0,0,0
120248898277620167,read,2026-07-13,facebook_profile_feed,0.18,80,1,0,0,0
120248898277620167,read,2026-07-13,facebook_reels,25.46,8712,48,0,0,0
120248898277620167,read,2026-07-13,facebook_reels_overlay,0,2,0,0,0,0
120248898277620167,read,2026-07-13,facebook_stories,14.92,2247,74,0,0,0
120248898277620167,read,2026-07-13,feed,227.62,94506,1234,6,3,0
120248898277620167,read,2026-07-13,instagram_explore_grid_home,0.01,1,0,0,0,0
120248898277620167,read,2026-07-13,instagram_reels,5.3,1242,4,0,0,0
120248898277620167,read,2026-07-13,instagram_stories,2.38,599,11,0,0,0
120248898277620167,read,2026-07-13,instream_video,0.67,202,5,0,0,0
120248898277620167,read,2026-07-13,marketplace,0.09,55,0,0,0,0
120248898277620167,read,2026-07-13,search,0.04,5,0,0,0,0
120248898277620167,read,2026-07-13,threads_feed,0.77,895,1,0,0,0
120248898277700167,read,2026-07-14,an_classic,0.08,7,1,0,0,0
120248898277700167,read,2026-07-14,facebook_profile_feed,0.33,147,1,0,0,0
120248898277700167,read,2026-07-14,facebook_reels,8.6,2828,11,1,0,0
120248898277700167,read,2026-07-14,facebook_reels_overlay,0,1,0,0,0,0
120248898277700167,read,2026-07-14,facebook_stories,31.07,4280,135,0,0,0
120248898277700167,read,2026-07-14,feed,198.12,105353,858,4,4,1
120248898277700167,read,2026-07-14,instagram_explore_grid_home,0,1,0,0,0,0
120248898277700167,read,2026-07-14,instagram_reels,3.8,869,1,0,0,0
120248898277700167,read,2026-07-14,instagram_stories,4.75,1442,21,0,0,0
120248898277700167,read,2026-07-14,instream_video,0.45,142,2,0,0,0
120248898277700167,read,2026-07-14,marketplace,0.01,6,0,0,0,0
120248898277700167,read,2026-07-14,search,0.01,1,0,0,0,0
120248898277700167,read,2026-07-14,threads_feed,3.76,3992,4,0,0,0
120248898278030167,read,2026-07-14,an_classic,0.03,2,1,0,0,0
120248898278030167,read,2026-07-14,facebook_profile_feed,0.13,36,0,0,0,0
120248898278030167,read,2026-07-14,facebook_reels,3.1,1007,1,0,0,0
120248898278030167,read,2026-07-14,facebook_reels_overlay,0,6,0,0,0,0
120248898278030167,read,2026-07-14,facebook_stories,79.52,11758,356,0,0,0
120248898278030167,read,2026-07-14,feed,53.22,32139,191,0,0,0
120248898278030167,read,2026-07-14,instagram_reels,1.95,358,2,0,0,0
120248898278030167,read,2026-07-14,instagram_stories,9.52,3384,47,0,0,0
120248898278030167,read,2026-07-14,instream_video,5.55,1510,39,0,0,0
120248898278030167,read,2026-07-14,marketplace,0.02,7,1,0,0,0
120248898278030167,read,2026-07-14,search,0.04,14,0,0,0,0
120248898278030167,read,2026-07-14,threads_feed,0.56,906,0,0,0,0
120248898278030167,read,2026-07-14,unknown,0,0,0,0,0,0
120248898278710167,read,2026-07-14,an_classic,0,2,0,0,0,0
120248898278710167,read,2026-07-14,facebook_profile_feed,0.07,37,0,0,0,0
120248898278710167,read,2026-07-14,facebook_reels,16.83,8218,62,0,0,0
120248898278710167,read,2026-07-14,facebook_reels_overlay,0.04,1,0,0,0,0
120248898278710167,read,2026-07-14,facebook_stories,41.88,11066,208,0,0,0
120248898278710167,read,2026-07-14,feed,8.92,3673,32,0,0,0
120248898278710167,read,2026-07-14,instagram_reels,7.89,2080,11,0,0,0
120248898278710167,read,2026-07-14,instagram_stories,103.07,33664,842,0,0,0
120248898278710167,read,2026-07-14,instream_video,0.53,162,3,0,0,0
120248898278710167,read,2026-07-14,marketplace,0.05,17,0,0,0,0
120248898278710167,read,2026-07-14,search,0,2,0,0,0,0
120248898278710167,read,2026-07-14,threads_feed,1.71,2739,1,0,0,0
120248898278710167,read,2026-07-14,unknown,0,0,0,0,0,0
120248898291360167,read,2026-07-13,facebook_profile_feed,0.16,59,0,0,0,0
120248898291360167,read,2026-07-13,facebook_reels,110.09,39045,517,3,2,2
120248898291360167,read,2026-07-13,facebook_stories,7.55,1788,32,0,2,1
120248898291360167,read,2026-07-13,feed,33.42,11520,118,2,1,0
120248898291360167,read,2026-07-13,instagram_reels,17.8,4135,24,1,0,0
120248898291360167,read,2026-07-13,instagram_stories,13.35,3769,77,0,0,0
120248898291360167,read,2026-07-13,instream_video,0.22,68,0,0,0,0
120248898291360167,read,2026-07-13,marketplace,0.03,11,0,0,0,0
120248898291360167,read,2026-07-13,search,0,2,0,0,0,0
120248898291360167,read,2026-07-13,threads_feed,4.41,5557,5,0,0,0
120248898291360167,read,2026-07-13,unknown,0,0,0,0,0,0
120248964820460167,i10,2026-07-19,an_classic,1.7,152,14,1,0,0
120248964820460167,i10,2026-07-19,biz_disco_feed,0,1,0,0,0,0
120248964820460167,i10,2026-07-19,facebook_profile_feed,1.84,621,6,0,0,0
120248964820460167,i10,2026-07-19,facebook_reels,4.91,1522,7,0,0,0
120248964820460167,i10,2026-07-19,facebook_reels_overlay,0.26,232,0,0,0,0
120248964820460167,i10,2026-07-19,facebook_stories,5.72,1223,13,0,0,0
120248964820460167,i10,2026-07-19,feed,178.41,70634,359,8,7,2
120248964820460167,i10,2026-07-19,instagram_explore_grid_home,0.01,16,0,0,0,0
120248964820460167,i10,2026-07-19,instagram_reels,9.7,1868,4,1,0,0
120248964820460167,i10,2026-07-19,instagram_stories,23.52,6506,38,1,0,0
120248964820460167,i10,2026-07-19,instream_video,9.88,3145,59,0,0,0
120248964820460167,i10,2026-07-19,marketplace,0.03,14,0,0,0,0
120248964820460167,i10,2026-07-19,rewarded_video,0.97,98,8,0,0,0
120248964820460167,i10,2026-07-19,search,0.2,38,1,0,0,0
120248964820460167,i10,2026-07-19,threads_feed,55.45,51549,25,2,2,1
120248964820460167,i10,2026-07-19,unknown,0,0,0,0,0,0
120248964820460167,read,2026-07-15,facebook_profile_feed,0.18,80,1,0,0,0
120248964820460167,read,2026-07-15,facebook_reels,2.73,925,3,0,0,0
120248964820460167,read,2026-07-15,facebook_reels_overlay,0.07,70,0,0,0,0
120248964820460167,read,2026-07-15,facebook_stories,4.52,960,12,0,0,0
120248964820460167,read,2026-07-15,feed,90.09,42387,211,3,2,1
120248964820460167,read,2026-07-15,instagram_explore_grid_home,0.01,5,0,0,0,0
120248964820460167,read,2026-07-15,instagram_reels,2.43,624,0,0,0,0
120248964820460167,read,2026-07-15,instagram_stories,14.34,4976,27,0,0,0
120248964820460167,read,2026-07-15,instream_video,3.39,1116,29,0,0,0
120248964820460167,read,2026-07-15,marketplace,0,2,0,0,0,0
120248964820460167,read,2026-07-15,search,0,2,0,0,0,0
120248964820460167,read,2026-07-15,threads_feed,12.96,14844,4,0,0,0
120249017782920167,i10,2026-07-19,facebook_reels,18.36,4339,101,0,0,0
120249017782920167,i10,2026-07-19,facebook_reels_overlay,0,1,0,0,0,0
120249017782920167,i10,2026-07-19,facebook_stories,5.28,773,28,0,0,0
120249017782920167,i10,2026-07-19,feed,137.57,47166,1394,9,4,0
120249017782920167,i10,2026-07-19,instagram_explore_grid_home,0.04,26,1,0,0,0
120249017782920167,i10,2026-07-19,instagram_reels,12.92,3625,246,0,0,0
120249017782920167,i10,2026-07-19,instagram_stories,14.68,3793,92,1,1,0
120249017782920167,i10,2026-07-19,instream_video,0.06,6,0,0,0,0
120249017782920167,i10,2026-07-19,marketplace,0,5,0,0,0,0
120249017782920167,read,2026-07-17,facebook_reels,16.56,3770,87,0,0,0
120249017782920167,read,2026-07-17,facebook_stories,3.85,526,19,0,0,0
120249017782920167,read,2026-07-17,feed,92.85,30512,815,5,3,0
120249017782920167,read,2026-07-17,instagram_explore_grid_home,0.03,18,0,0,0,0
120249017782920167,read,2026-07-17,instagram_reels,10.68,2876,181,0,0,0
120249017782920167,read,2026-07-17,instagram_stories,10.84,2902,69,1,1,0
120249017782920167,read,2026-07-17,instream_video,0.06,6,0,0,0,0
120249017782920167,read,2026-07-17,marketplace,0,5,0,0,0,0
120249017877220167,i10,2026-07-17,facebook_reels,35.23,7795,392,5,3,3
120249017877220167,i10,2026-07-17,facebook_stories,2.53,343,9,0,0,0
120249017877220167,i10,2026-07-17,feed,34.12,9887,329,2,2,1
120249017877220167,i10,2026-07-17,instagram_reels,56.85,13375,644,8,4,1
120249017877220167,i10,2026-07-17,instagram_stories,80.62,24487,483,3,1,1
120249017877220167,i10,2026-07-17,instream_video,0.22,34,2,0,0,0
120249017877220167,i10,2026-07-17,marketplace,0,1,0,0,0,0
120249017877220167,i10,2026-07-17,search,0.01,1,0,0,0,0
120249017877220167,read,2026-07-17,facebook_reels,35.23,7795,392,5,3,3
120249017877220167,read,2026-07-17,facebook_stories,2.53,343,9,0,0,0
120249017877220167,read,2026-07-17,feed,34.12,9887,329,2,2,1
120249017877220167,read,2026-07-17,instagram_reels,56.85,13375,644,8,4,1
120249017877220167,read,2026-07-17,instagram_stories,80.62,24487,483,3,1,1
120249017877220167,read,2026-07-17,instream_video,0.22,34,2,0,0,0
120249017877220167,read,2026-07-17,marketplace,0,1,0,0,0,0
120249017877220167,read,2026-07-17,search,0.01,1,0,0,0,0
120249017985740167,read,2026-07-16,facebook_reels,12.72,2502,83,0,0,0
120249017985740167,read,2026-07-16,facebook_stories,3.51,442,18,0,0,0
120249017985740167,read,2026-07-16,feed,41.54,11265,146,0,0,0
120249017985740167,read,2026-07-16,instagram_explore_grid_home,0.01,3,0,0,0,0
120249017985740167,read,2026-07-16,instagram_reels,22.86,4176,140,1,1,1
120249017985740167,read,2026-07-16,instagram_stories,32.07,7660,98,2,1,0
120249018197870167,read,2026-07-23,an_classic,0.08,5,0,0,0,0
120249018197870167,read,2026-07-23,facebook_reels,7.09,1307,48,0,0,0
120249018197870167,read,2026-07-23,facebook_reels_overlay,0.03,17,0,0,0,0
120249018197870167,read,2026-07-23,facebook_stories,3.99,474,26,0,0,0
120249018197870167,read,2026-07-23,feed,58.5,29181,196,0,0,0
120249018197870167,read,2026-07-23,instagram_reels,4.4,878,39,0,0,0
120249018197870167,read,2026-07-23,instagram_stories,29.1,10718,185,0,0,0
120249018197870167,read,2026-07-23,instream_video,0.46,93,1,0,0,0
120249018598560167,i10,2026-07-18,facebook_reels,20.11,4215,52,1,1,0
120249018598560167,i10,2026-07-18,facebook_reels_overlay,0,1,0,0,0,0
120249018598560167,i10,2026-07-18,facebook_stories,41.48,6528,363,0,0,0
120249018598560167,i10,2026-07-18,feed,196.99,52842,1792,3,2,0
120249018598560167,i10,2026-07-18,instagram_explore_grid_home,0.01,15,0,0,0,0
120249018598560167,i10,2026-07-18,instagram_reels,137.02,36974,3504,5,4,1
120249018598560167,i10,2026-07-18,instagram_stories,57.89,11206,511,1,0,0
120249018598560167,i10,2026-07-18,instream_video,0.3,43,2,0,0,0
120249018598560167,i10,2026-07-18,marketplace,0.01,8,0,0,0,0
120249018598560167,i10,2026-07-18,rewarded_video,0.01,1,0,0,0,0
120249018598560167,i10,2026-07-18,search,0,1,0,0,0,0
120249018598560167,i10,2026-07-18,unknown,0,0,0,0,0,0
120249018598560167,read,2026-07-17,facebook_reels,17.25,3595,44,1,1,0
120249018598560167,read,2026-07-17,facebook_reels_overlay,0,1,0,0,0,0
120249018598560167,read,2026-07-17,facebook_stories,12.8,1862,113,0,0,0
120249018598560167,read,2026-07-17,feed,147.82,39048,1209,3,2,0
120249018598560167,read,2026-07-17,instagram_explore_grid_home,0,8,0,0,0,0
120249018598560167,read,2026-07-17,instagram_reels,96.19,25817,2342,4,2,1
120249018598560167,read,2026-07-17,instagram_stories,36.06,6911,312,0,0,0
120249018598560167,read,2026-07-17,instream_video,0.24,32,0,0,0,0
120249018598560167,read,2026-07-17,marketplace,0.01,4,0,0,0,0
120249018598560167,read,2026-07-17,rewarded_video,0.01,1,0,0,0,0
120249018598560167,read,2026-07-17,search,0,1,0,0,0,0
120249018598560167,read,2026-07-17,unknown,0,0,0,0,0,0
120249019731940167,i10,2026-07-17,an_classic,0.76,58,11,0,0,0
120249019731940167,i10,2026-07-17,facebook_reels,611.97,125786,5143,48,25,13
120249019731940167,i10,2026-07-17,facebook_reels_overlay,0.06,34,0,0,0,0
120249019731940167,i10,2026-07-17,facebook_stories,120.11,16082,412,0,0,0
120249019731940167,i10,2026-07-17,feed,181.17,26038,441,23,7,2
120249019731940167,i10,2026-07-17,instagram_reels,209.54,29441,901,14,5,2
120249019731940167,i10,2026-07-17,instagram_stories,412.81,97668,2413,15,9,4
120249019731940167,i10,2026-07-17,instream_video,4.44,791,15,0,0,0
120249019731940167,i10,2026-07-17,marketplace,1.41,647,0,0,0,0
120249019731940167,i10,2026-07-17,search,0.04,7,0,0,0,0
120249019731940167,i10,2026-07-17,unknown,0,0,0,0,0,0
120249019731940167,read,2026-07-17,an_classic,0.76,58,11,0,0,0
120249019731940167,read,2026-07-17,facebook_reels,611.97,125786,5143,48,25,13
120249019731940167,read,2026-07-17,facebook_reels_overlay,0.06,34,0,0,0,0
120249019731940167,read,2026-07-17,facebook_stories,120.11,16082,412,0,0,0
120249019731940167,read,2026-07-17,feed,181.17,26038,441,23,7,2
120249019731940167,read,2026-07-17,instagram_reels,209.54,29441,901,14,5,2
120249019731940167,read,2026-07-17,instagram_stories,412.81,97668,2413,15,9,4
120249019731940167,read,2026-07-17,instream_video,4.44,791,15,0,0,0
120249019731940167,read,2026-07-17,marketplace,1.41,647,0,0,0,0
120249019731940167,read,2026-07-17,search,0.04,7,0,0,0,0
120249019731940167,read,2026-07-17,unknown,0,0,0,0,0,0
120249020624430167,i10,2026-07-18,facebook_profile_feed,0.04,14,0,0,0,0
120249020624430167,i10,2026-07-18,facebook_reels,15.86,6264,29,3,1,0
120249020624430167,i10,2026-07-18,facebook_stories,0.51,95,4,0,0,0
120249020624430167,i10,2026-07-18,feed,80.29,28731,491,3,1,2
120249020624430167,i10,2026-07-18,instagram_explore_grid_home,0,8,0,0,0,0
120249020624430167,i10,2026-07-18,instagram_reels,34.97,9742,82,4,2,0
120249020624430167,i10,2026-07-18,instagram_stories,3.82,1181,21,0,0,0
120249020624430167,i10,2026-07-18,instream_video,0.12,13,1,0,0,0
120249020624430167,i10,2026-07-18,rewarded_video,0.01,1,0,0,0,0
120249020624430167,i10,2026-07-18,search,0,1,0,0,0,0
120249020624430167,i10,2026-07-18,threads_feed,1.35,920,0,0,0,0
120249020624430167,read,2026-07-18,facebook_profile_feed,0.04,14,0,0,0,0
120249020624430167,read,2026-07-18,facebook_reels,15.86,6264,29,3,1,0
120249020624430167,read,2026-07-18,facebook_stories,0.51,95,4,0,0,0
120249020624430167,read,2026-07-18,feed,80.29,28731,491,3,1,2
120249020624430167,read,2026-07-18,instagram_explore_grid_home,0,8,0,0,0,0
120249020624430167,read,2026-07-18,instagram_reels,34.97,9742,82,4,2,0
120249020624430167,read,2026-07-18,instagram_stories,3.82,1181,21,0,0,0
120249020624430167,read,2026-07-18,instream_video,0.12,13,1,0,0,0
120249020624430167,read,2026-07-18,rewarded_video,0.01,1,0,0,0,0
120249020624430167,read,2026-07-18,search,0,1,0,0,0,0
120249020624430167,read,2026-07-18,threads_feed,1.35,920,0,0,0,0
120249020669720167,read,2026-08-01,an_classic,1,68,4,0,0,0
120249020669720167,read,2026-08-01,facebook_profile_feed,0.41,101,1,0,0,0
120249020669720167,read,2026-08-01,facebook_reels,24.98,7361,56,0,0,0
120249020669720167,read,2026-08-01,facebook_reels_overlay,0.07,26,1,0,0,0
120249020669720167,read,2026-08-01,facebook_stories,5.71,1250,19,0,0,0
120249020669720167,read,2026-08-01,feed,32.21,13206,90,0,0,0
120249020669720167,read,2026-08-01,instagram_reels,0.41,70,2,0,0,0
120249020669720167,read,2026-08-01,instagram_stories,30.96,11753,142,0,0,0
120249020669720167,read,2026-08-01,instream_video,3.05,801,19,0,0,0
120249020669720167,read,2026-08-01,rewarded_video,2.26,240,34,0,0,0
120249020669720167,read,2026-08-01,search,0,18,0,0,0,0
120249020669720167,read,2026-08-01,threads_feed,5.72,12960,6,0,0,0
120249020714940167,i10,2026-08-03,an_classic,2.66,298,71,0,0,0
120249020714940167,i10,2026-08-03,biz_disco_feed,0,1,0,0,0,0
120249020714940167,i10,2026-08-03,facebook_profile_feed,3.09,974,7,0,0,0
120249020714940167,i10,2026-08-03,facebook_reels,54.1,12953,100,2,3,1
120249020714940167,i10,2026-08-03,facebook_reels_overlay,0.62,458,4,0,0,0
120249020714940167,i10,2026-08-03,facebook_stories,39.41,5402,235,3,0,1
120249020714940167,i10,2026-08-03,feed,131.85,44999,333,5,2,2
120249020714940167,i10,2026-08-03,instagram_explore_grid_home,0,8,0,0,0,0
120249020714940167,i10,2026-08-03,instagram_reels,11.73,1635,8,0,0,0
120249020714940167,i10,2026-08-03,instagram_stories,44.11,12016,174,2,0,0
120249020714940167,i10,2026-08-03,instream_video,17.59,3652,95,1,1,2
120249020714940167,i10,2026-08-03,marketplace,0.62,212,2,0,0,0
120249020714940167,i10,2026-08-03,search,1.01,469,1,0,0,0
120249020714940167,i10,2026-08-03,threads_feed,8.78,10747,5,0,0,0
120249020714940167,read,2026-08-02,an_classic,0.69,51,12,0,0,0
120249020714940167,read,2026-08-02,biz_disco_feed,0,1,0,0,0,0
120249020714940167,read,2026-08-02,facebook_profile_feed,0.99,377,3,0,0,0
120249020714940167,read,2026-08-02,facebook_reels,17.34,5754,45,2,3,1
120249020714940167,read,2026-08-02,facebook_reels_overlay,0.24,166,1,0,0,0
120249020714940167,read,2026-08-02,facebook_stories,25.92,3885,157,1,0,1
120249020714940167,read,2026-08-02,feed,63.47,30637,217,4,2,2
120249020714940167,read,2026-08-02,instagram_explore_grid_home,0,3,0,0,0,0
120249020714940167,read,2026-08-02,instagram_reels,3.28,558,1,0,0,0
120249020714940167,read,2026-08-02,instagram_stories,20.55,6258,94,0,0,0
120249020714940167,read,2026-08-02,instream_video,9.24,2210,57,0,0,0
120249020714940167,read,2026-08-02,marketplace,0.13,28,0,0,0,0
120249020714940167,read,2026-08-02,search,0.21,108,0,0,0,0
120249020714940167,read,2026-08-02,threads_feed,3.41,5475,3,0,0,0
120249020715110167,read,2026-07-25,an_classic,0.28,43,1,0,0,0
120249020715110167,read,2026-07-25,facebook_profile_feed,0.46,163,2,0,0,0
120249020715110167,read,2026-07-25,facebook_reels,6.66,1721,19,0,0,0
120249020715110167,read,2026-07-25,facebook_reels_overlay,0.07,85,1,0,0,0
120249020715110167,read,2026-07-25,facebook_stories,10.42,1258,63,0,0,0
120249020715110167,read,2026-07-25,feed,88.5,38362,304,2,1,1
120249020715110167,read,2026-07-25,instagram_explore_grid_home,0,2,0,0,0,0
120249020715110167,read,2026-07-25,instagram_reels,2.45,426,0,0,0,0
120249020715110167,read,2026-07-25,instagram_stories,1.21,226,5,0,0,0
120249020715110167,read,2026-07-25,instream_video,5.19,1223,40,0,0,0
120249020715110167,read,2026-07-25,marketplace,0,2,0,0,0,0
120249020715110167,read,2026-07-25,search,0.01,4,0,0,0,0
120249020715110167,read,2026-07-25,threads_feed,0.54,576,0,0,0,0
120249069884080167,i10,2026-07-19,an_classic,0,1,0,0,0,0
120249069884080167,i10,2026-07-19,facebook_reels,199.07,41007,994,10,1,1
120249069884080167,i10,2026-07-19,facebook_reels_overlay,0.11,30,1,0,0,0
120249069884080167,i10,2026-07-19,facebook_stories,53.49,6999,202,0,0,0
120249069884080167,i10,2026-07-19,feed,247.7,77349,1006,4,3,1
120249069884080167,i10,2026-07-19,instagram_reels,129.15,28275,1176,3,2,1
120249069884080167,i10,2026-07-19,instagram_stories,201.11,50605,956,4,2,1
120249069884080167,i10,2026-07-19,instream_video,1.98,278,10,0,0,0
120249069884080167,i10,2026-07-19,marketplace,1.3,542,1,0,0,0
120249069884080167,i10,2026-07-19,search,0.03,7,0,0,0,0
120249069884080167,i10,2026-07-19,unknown,0,0,0,0,0,0
120249069884080167,read,2026-07-19,an_classic,0,1,0,0,0,0
120249069884080167,read,2026-07-19,facebook_reels,199.07,41007,994,10,1,1
120249069884080167,read,2026-07-19,facebook_reels_overlay,0.11,30,1,0,0,0
120249069884080167,read,2026-07-19,facebook_stories,53.49,6999,202,0,0,0
120249069884080167,read,2026-07-19,feed,247.7,77349,1006,4,3,1
120249069884080167,read,2026-07-19,instagram_reels,129.15,28275,1176,3,2,1
120249069884080167,read,2026-07-19,instagram_stories,201.11,50605,956,4,2,1
120249069884080167,read,2026-07-19,instream_video,1.98,278,10,0,0,0
120249069884080167,read,2026-07-19,marketplace,1.3,542,1,0,0,0
120249069884080167,read,2026-07-19,search,0.03,7,0,0,0,0
120249069884080167,read,2026-07-19,unknown,0,0,0,0,0,0
120249069928080167,read,2026-07-21,facebook_reels,94.08,21580,1126,0,0,0
120249069928080167,read,2026-07-21,facebook_stories,1.17,153,5,0,0,0
120249069928080167,read,2026-07-21,feed,27.25,7091,160,0,0,0
120249069928080167,read,2026-07-21,instagram_explore_grid_home,0.03,13,0,0,0,0
120249069928080167,read,2026-07-21,instagram_reels,47.84,9223,624,1,1,0
120249069928080167,read,2026-07-21,instagram_stories,19.35,4314,96,0,0,0
120249069928080167,read,2026-07-21,unknown,0,0,0,0,0,0
120249069950380167,read,2026-07-21,an_classic,0.32,28,6,0,0,0
120249069950380167,read,2026-07-21,biz_disco_feed,0,1,0,0,0,0
120249069950380167,read,2026-07-21,facebook_reels,20.81,5269,220,0,0,0
120249069950380167,read,2026-07-21,facebook_reels_overlay,0.01,4,0,0,0,0
120249069950380167,read,2026-07-21,facebook_stories,4.01,559,14,0,0,0
120249069950380167,read,2026-07-21,feed,119.24,43873,582,1,1,0
120249069950380167,read,2026-07-21,instagram_explore_grid_home,0.04,49,0,0,0,0
120249069950380167,read,2026-07-21,instagram_reels,18.6,3683,142,0,0,0
120249069950380167,read,2026-07-21,instagram_stories,56.11,16545,354,2,1,0
120249069950380167,read,2026-07-21,instream_video,0.16,30,0,0,0,0
120249069950380167,read,2026-07-21,rewarded_video,0.82,138,16,0,0,0
120249069950380167,read,2026-07-21,search,0,1,0,0,0,0
120249069950380167,read,2026-07-21,unknown,0,0,0,0,0,0
120249069969790167,read,2026-07-19,facebook_reels,15.79,3057,73,1,1,0
120249069969790167,read,2026-07-19,facebook_stories,1.75,268,6,0,0,0
120249069969790167,read,2026-07-19,feed,64.36,16772,377,0,0,0
120249069969790167,read,2026-07-19,instagram_reels,7.51,1286,61,0,0,0
120249069969790167,read,2026-07-19,instagram_stories,14.6,2833,68,0,0,0
120249069969790167,read,2026-07-19,instream_video,0.01,3,0,0,0,0
120249069969790167,read,2026-07-19,marketplace,0.01,4,0,0,0,0
120249069969790167,read,2026-07-19,unknown,0,0,0,0,0,0
120249069983680167,i10,2026-07-21,an_classic,0.11,10,4,0,0,0
120249069983680167,i10,2026-07-21,facebook_reels,93.06,16819,744,4,5,0
120249069983680167,i10,2026-07-21,facebook_reels_overlay,0.02,3,0,0,0,0
120249069983680167,i10,2026-07-21,facebook_stories,14.49,1574,28,0,0,0
120249069983680167,i10,2026-07-21,feed,95.96,21958,314,5,4,2
120249069983680167,i10,2026-07-21,instagram_explore_grid_home,0.02,6,0,0,0,0
120249069983680167,i10,2026-07-21,instagram_reels,12.46,1153,45,2,1,0
120249069983680167,i10,2026-07-21,instagram_stories,41.25,5555,107,3,5,2
120249069983680167,i10,2026-07-21,instream_video,0.7,64,4,0,0,0
120249069983680167,i10,2026-07-21,marketplace,0,2,0,0,0,0
120249069983680167,i10,2026-07-21,search,0.28,82,1,0,0,0
120249069983680167,read,2026-07-21,an_classic,0.11,10,4,0,0,0
120249069983680167,read,2026-07-21,facebook_reels,93.06,16819,744,4,5,0
120249069983680167,read,2026-07-21,facebook_reels_overlay,0.02,3,0,0,0,0
120249069983680167,read,2026-07-21,facebook_stories,14.49,1574,28,0,0,0
120249069983680167,read,2026-07-21,feed,95.96,21958,314,5,4,2
120249069983680167,read,2026-07-21,instagram_explore_grid_home,0.02,6,0,0,0,0
120249069983680167,read,2026-07-21,instagram_reels,12.46,1153,45,2,1,0
120249069983680167,read,2026-07-21,instagram_stories,41.25,5555,107,3,5,2
120249069983680167,read,2026-07-21,instream_video,0.7,64,4,0,0,0
120249069983680167,read,2026-07-21,marketplace,0,2,0,0,0,0
120249069983680167,read,2026-07-21,search,0.28,82,1,0,0,0
120249089547390167,i10,2026-07-20,an_classic,0.03,3,0,0,0,0
120249089547390167,i10,2026-07-20,facebook_reels,43.27,9023,107,2,0,0
120249089547390167,i10,2026-07-20,facebook_reels_overlay,0.03,9,0,0,0,0
120249089547390167,i10,2026-07-20,facebook_stories,158.64,18646,1074,2,1,0
120249089547390167,i10,2026-07-20,feed,443.97,99797,2991,5,2,0
120249089547390167,i10,2026-07-20,instagram_explore_grid_home,0.03,18,0,0,0,0
120249089547390167,i10,2026-07-20,instagram_reels,102.9,21702,1872,5,4,2
120249089547390167,i10,2026-07-20,instagram_stories,162.46,25009,914,4,4,1
120249089547390167,i10,2026-07-20,instream_video,3.57,867,31,0,0,0
120249089547390167,i10,2026-07-20,marketplace,0.73,321,2,0,0,0
120249089547390167,i10,2026-07-20,rewarded_video,0.23,17,4,0,0,0
120249089547390167,i10,2026-07-20,search,0,1,0,0,0,0
120249089547390167,i10,2026-07-20,unknown,0,0,0,0,0,0
120249089547390167,read,2026-07-20,an_classic,0.03,3,0,0,0,0
120249089547390167,read,2026-07-20,facebook_reels,43.27,9023,107,2,0,0
120249089547390167,read,2026-07-20,facebook_reels_overlay,0.03,9,0,0,0,0
120249089547390167,read,2026-07-20,facebook_stories,158.64,18646,1074,2,1,0
120249089547390167,read,2026-07-20,feed,443.97,99797,2991,5,2,0
120249089547390167,read,2026-07-20,instagram_explore_grid_home,0.03,18,0,0,0,0
120249089547390167,read,2026-07-20,instagram_reels,102.9,21702,1872,5,4,2
120249089547390167,read,2026-07-20,instagram_stories,162.46,25009,914,4,4,1
120249089547390167,read,2026-07-20,instream_video,3.57,867,31,0,0,0
120249089547390167,read,2026-07-20,marketplace,0.73,321,2,0,0,0
120249089547390167,read,2026-07-20,rewarded_video,0.23,17,4,0,0,0
120249089547390167,read,2026-07-20,search,0,1,0,0,0,0
120249089547390167,read,2026-07-20,unknown,0,0,0,0,0,0
120249089572460167,i10,2026-07-20,an_classic,0.05,4,0,0,0,0
120249089572460167,i10,2026-07-20,facebook_reels,300.7,65683,1300,16,6,1
120249089572460167,i10,2026-07-20,facebook_reels_overlay,0.11,45,0,0,0,0
120249089572460167,i10,2026-07-20,facebook_stories,41.67,4976,133,0,0,0
120249089572460167,i10,2026-07-20,feed,394.03,99295,1247,10,5,3
120249089572460167,i10,2026-07-20,instagram_reels,185.66,35601,1181,7,3,3
120249089572460167,i10,2026-07-20,instagram_stories,293.88,60718,1178,6,2,1
120249089572460167,i10,2026-07-20,instream_video,4.97,751,32,0,0,0
120249089572460167,i10,2026-07-20,marketplace,0.64,351,1,0,0,0
120249089572460167,i10,2026-07-20,search,0.09,10,0,0,0,0
120249089572460167,i10,2026-07-20,unknown,0,0,0,0,0,0
120249089572460167,read,2026-07-20,an_classic,0.05,4,0,0,0,0
120249089572460167,read,2026-07-20,facebook_reels,300.7,65683,1300,16,6,1
120249089572460167,read,2026-07-20,facebook_reels_overlay,0.11,45,0,0,0,0
120249089572460167,read,2026-07-20,facebook_stories,41.67,4976,133,0,0,0
120249089572460167,read,2026-07-20,feed,394.03,99295,1247,10,5,3
120249089572460167,read,2026-07-20,instagram_reels,185.66,35601,1181,7,3,3
120249089572460167,read,2026-07-20,instagram_stories,293.88,60718,1178,6,2,1
120249089572460167,read,2026-07-20,instream_video,4.97,751,32,0,0,0
120249089572460167,read,2026-07-20,marketplace,0.64,351,1,0,0,0
120249089572460167,read,2026-07-20,search,0.09,10,0,0,0,0
120249089572460167,read,2026-07-20,unknown,0,0,0,0,0,0
120249089633250167,i10,2026-07-20,an_classic,0.03,2,0,0,0,0
120249089633250167,i10,2026-07-20,facebook_reels,124.95,29528,1100,11,0,1
120249089633250167,i10,2026-07-20,facebook_reels_overlay,0.02,5,0,0,0,0
120249089633250167,i10,2026-07-20,facebook_stories,2.96,429,12,0,0,0
120249089633250167,i10,2026-07-20,feed,43.07,5823,152,3,0,0
120249089633250167,i10,2026-07-20,instagram_reels,76.61,11971,490,7,5,0
120249089633250167,i10,2026-07-20,instagram_stories,114.15,32589,791,0,0,0
120249089633250167,i10,2026-07-20,instream_video,1.03,174,2,0,0,0
120249089633250167,i10,2026-07-20,marketplace,0.04,26,0,0,0,0
120249089633250167,i10,2026-07-20,unknown,0,0,0,0,0,0
120249089633250167,read,2026-07-20,an_classic,0.03,2,0,0,0,0
120249089633250167,read,2026-07-20,facebook_reels,124.95,29528,1100,11,0,1
120249089633250167,read,2026-07-20,facebook_reels_overlay,0.02,5,0,0,0,0
120249089633250167,read,2026-07-20,facebook_stories,2.96,429,12,0,0,0
120249089633250167,read,2026-07-20,feed,43.07,5823,152,3,0,0
120249089633250167,read,2026-07-20,instagram_reels,76.61,11971,490,7,5,0
120249089633250167,read,2026-07-20,instagram_stories,114.15,32589,791,0,0,0
120249089633250167,read,2026-07-20,instream_video,1.03,174,2,0,0,0
120249089633250167,read,2026-07-20,marketplace,0.04,26,0,0,0,0
120249089633250167,read,2026-07-20,unknown,0,0,0,0,0,0
120249105317450167,i10,2026-07-21,an_classic,0.13,4,2,0,0,0
120249105317450167,i10,2026-07-21,facebook_reels,33.22,9500,122,0,0,0
120249105317450167,i10,2026-07-21,facebook_reels_overlay,0,6,0,0,0,0
120249105317450167,i10,2026-07-21,facebook_stories,30.91,3765,97,2,2,0
120249105317450167,i10,2026-07-21,feed,291.98,83429,2293,14,7,3
120249105317450167,i10,2026-07-21,instagram_explore_grid_home,0.15,87,0,0,0,0
120249105317450167,i10,2026-07-21,instagram_reels,25.41,6396,295,2,0,0
120249105317450167,i10,2026-07-21,instagram_stories,251.21,53937,1223,9,4,0
120249105317450167,i10,2026-07-21,instream_video,0.08,7,0,0,0,0
120249105317450167,i10,2026-07-21,marketplace,0.16,40,0,0,0,0
120249105317450167,i10,2026-07-21,search,0.01,4,0,0,0,0
120249105317450167,i10,2026-07-21,unknown,155.74,38999,1035,0,0,0
120249105347140167,i10,2026-07-21,an_classic,0.03,11,1,0,0,0
120249105347140167,i10,2026-07-21,facebook_profile_feed,3.37,907,9,0,0,0
120249105347140167,i10,2026-07-21,facebook_reels,288.21,81783,350,30,18,5
120249105347140167,i10,2026-07-21,facebook_reels_overlay,0.1,25,0,0,0,0
120249105347140167,i10,2026-07-21,facebook_stories,44.51,5931,145,3,2,3
120249105347140167,i10,2026-07-21,feed,703.47,217817,2222,31,19,9
120249105347140167,i10,2026-07-21,instagram_explore_grid_home,0.12,59,0,0,0,0
120249105347140167,i10,2026-07-21,instagram_reels,900.24,184212,1280,67,37,22
120249105347140167,i10,2026-07-21,instagram_stories,222.93,51582,542,13,11,3
120249105347140167,i10,2026-07-21,instream_video,2.31,322,4,0,0,0
120249105347140167,i10,2026-07-21,marketplace,0.29,138,3,0,0,0
120249105347140167,i10,2026-07-21,rewarded_video,0.1,14,3,0,0,0
120249105347140167,i10,2026-07-21,search,0.2,15,0,0,0,0
120249105347140167,i10,2026-07-21,threads_feed,64.03,32800,39,2,0,0
120249105347140167,i10,2026-07-21,unknown,651.32,186102,1617,0,0,0
120249114098820167,i10,2026-07-22,facebook_reels,520.24,133849,6197,14,9,2
120249114098820167,i10,2026-07-22,facebook_reels_overlay,0.03,10,0,0,0,0
120249114098820167,i10,2026-07-22,facebook_stories,3.37,549,7,0,0,0
120249114098820167,i10,2026-07-22,feed,50.41,10426,193,0,0,0
120249114098820167,i10,2026-07-22,instagram_reels,8.55,1643,40,0,0,0
120249114098820167,i10,2026-07-22,instagram_stories,68.94,19027,554,1,0,0
120249114098820167,i10,2026-07-22,instream_video,0.32,75,1,0,0,0
120249114098820167,i10,2026-07-22,marketplace,0.33,124,1,0,0,0
120249114098820167,i10,2026-07-22,search,0.02,25,1,0,0,0
120249114098820167,i10,2026-07-22,unknown,0,0,0,0,0,0
120249114098820167,read,2026-07-21,facebook_reels,220.54,54722,2646,8,6,1
120249114098820167,read,2026-07-21,facebook_reels_overlay,0.02,5,0,0,0,0
120249114098820167,read,2026-07-21,facebook_stories,1.28,198,3,0,0,0
120249114098820167,read,2026-07-21,feed,23.75,4425,82,0,0,0
120249114098820167,read,2026-07-21,instagram_reels,3.5,494,9,0,0,0
120249114098820167,read,2026-07-21,instagram_stories,35.44,9296,279,0,0,0
120249114098820167,read,2026-07-21,instream_video,0.2,52,1,0,0,0
120249114098820167,read,2026-07-21,marketplace,0.05,30,1,0,0,0
120249114098820167,read,2026-07-21,search,0,1,0,0,0,0
120249114098820167,read,2026-07-21,unknown,0,0,0,0,0,0
120249135201100167,i10,2026-07-22,an_classic,0.13,4,1,0,0,0
120249135201100167,i10,2026-07-22,facebook_reels,31.8,9241,145,2,1,0
120249135201100167,i10,2026-07-22,facebook_reels_overlay,0.01,2,0,0,0,0
120249135201100167,i10,2026-07-22,facebook_stories,35.9,4558,132,1,0,0
120249135201100167,i10,2026-07-22,feed,358.07,104014,2655,4,0,0
120249135201100167,i10,2026-07-22,instagram_explore_grid_home,0.13,110,0,0,0,0
120249135201100167,i10,2026-07-22,instagram_reels,19.22,5453,289,0,0,0
120249135201100167,i10,2026-07-22,instagram_stories,235.17,54750,1207,4,0,0
120249135201100167,i10,2026-07-22,instream_video,0.31,53,2,0,0,0
120249135201100167,i10,2026-07-22,marketplace,0.27,117,2,0,0,0
120249135201100167,i10,2026-07-22,search,0.1,9,0,0,0,0
120249135201100167,i10,2026-07-22,unknown,0,0,0,0,0,0
120249135201100167,read,2026-07-21,facebook_reels,3.33,1061,12,0,0,0
120249135201100167,read,2026-07-21,facebook_stories,4.4,513,9,0,0,0
120249135201100167,read,2026-07-21,feed,46,13446,325,0,0,0
120249135201100167,read,2026-07-21,instagram_explore_grid_home,0.01,11,0,0,0,0
120249135201100167,read,2026-07-21,instagram_reels,4,1039,37,0,0,0
120249135201100167,read,2026-07-21,instagram_stories,53.84,11350,225,1,0,0
120249176070740167,read,2026-07-27,an_classic,4.38,339,31,0,0,0
120249176070740167,read,2026-07-27,facebook_reels,30.63,8246,177,3,5,3
120249176070740167,read,2026-07-27,facebook_reels_overlay,0.13,113,2,0,0,0
120249176070740167,read,2026-07-27,facebook_stories,10.64,1745,39,0,0,0
120249176070740167,read,2026-07-27,feed,15.13,2524,27,1,0,1
120249176070740167,read,2026-07-27,instagram_reels,11.99,2140,30,0,0,0
120249176070740167,read,2026-07-27,instagram_stories,20.52,5010,118,0,0,0
120249176070740167,read,2026-07-27,instream_video,1.35,361,4,0,0,0
120249176070740167,read,2026-07-27,marketplace,0.02,6,0,0,0,0
120249176070740167,read,2026-07-27,rewarded_video,15.59,1524,175,1,0,0
120249176070740167,read,2026-07-27,search,0.09,41,0,0,0,0
120249176070740167,read,2026-07-27,unknown,0,0,0,0,0,0
120249176071730167,i10,2026-07-24,an_classic,1.19,47,3,0,0,0
120249176071730167,i10,2026-07-24,facebook_reels,17.11,4286,58,6,7,1
120249176071730167,i10,2026-07-24,facebook_reels_overlay,0.01,6,1,0,0,0
120249176071730167,i10,2026-07-24,facebook_stories,4.19,635,3,0,0,0
120249176071730167,i10,2026-07-24,feed,17.73,3358,58,6,5,2
120249176071730167,i10,2026-07-24,instagram_reels,14.07,2765,41,5,4,0
120249176071730167,i10,2026-07-24,instagram_stories,13.58,2939,56,2,2,1
120249176071730167,i10,2026-07-24,instream_video,0.59,121,2,0,0,0
120249176071730167,i10,2026-07-24,marketplace,0.01,5,0,0,0,0
120249176071730167,i10,2026-07-24,rewarded_video,3.29,222,19,0,0,0
120249176071730167,i10,2026-07-24,search,0,2,0,0,0,0
120249176071730167,read,2026-07-25,an_classic,1.22,52,4,0,0,0
120249176071730167,read,2026-07-25,facebook_reels,37.36,10517,117,12,9,2
120249176071730167,read,2026-07-25,facebook_reels_overlay,0.05,14,1,0,0,0
120249176071730167,read,2026-07-25,facebook_stories,7.71,1323,10,0,0,0
120249176071730167,read,2026-07-25,feed,30.77,6236,87,10,8,3
120249176071730167,read,2026-07-25,instagram_reels,34.37,7401,108,11,8,1
120249176071730167,read,2026-07-25,instagram_stories,20.71,4582,81,3,3,1
120249176071730167,read,2026-07-25,instream_video,0.96,169,2,0,0,0
120249176071730167,read,2026-07-25,marketplace,0.01,5,0,0,0,0
120249176071730167,read,2026-07-25,rewarded_video,3.87,278,26,0,0,0
120249176071730167,read,2026-07-25,search,0,4,0,0,0,0
120249176072350167,read,2026-07-29,an_classic,2.08,148,22,0,0,0
120249176072350167,read,2026-07-29,facebook_reels,1.16,329,0,0,0,0
120249176072350167,read,2026-07-29,facebook_reels_overlay,0.42,454,3,0,0,0
120249176072350167,read,2026-07-29,facebook_stories,15.23,2825,54,1,0,0
120249176072350167,read,2026-07-29,feed,38.74,17387,113,1,0,0
120249176072350167,read,2026-07-29,instagram_reels,2.98,523,5,0,0,0
120249176072350167,read,2026-07-29,instagram_stories,35.06,10843,107,1,0,1
120249176072350167,read,2026-07-29,instream_video,8.77,2999,67,0,0,0
120249176072350167,read,2026-07-29,marketplace,0,3,0,0,0,0
120249176072350167,read,2026-07-29,rewarded_video,8.82,838,104,0,0,0
120249176072350167,read,2026-07-29,search,0.1,10,1,0,0,0
120249176072690167,read,2026-08-03,an_classic,4.02,250,39,0,0,0
120249176072690167,read,2026-08-03,biz_disco_feed,0,1,0,0,0,0
120249176072690167,read,2026-08-03,facebook_reels,79.79,36722,182,0,0,0
120249176072690167,read,2026-08-03,facebook_reels_overlay,8.61,7837,43,0,0,0
120249176072690167,read,2026-08-03,facebook_stories,145.29,21937,527,1,0,1
120249176072690167,read,2026-08-03,feed,122.4,60572,306,2,1,1
120249176072690167,read,2026-08-03,instagram_explore_grid_home,0,8,0,0,0,0
120249176072690167,read,2026-08-03,instagram_reels,6.88,1240,4,0,0,0
120249176072690167,read,2026-08-03,instream_video,37.95,8566,211,1,1,0
120249176072690167,read,2026-08-03,marketplace,0.22,114,0,0,0,0
120249176072690167,read,2026-08-03,rewarded_video,18.13,1182,271,0,0,0
120249176072690167,read,2026-08-03,search,0.14,16,0,0,0,0
120249176072690167,read,2026-08-03,unknown,0,0,0,0,0,0
120249176075550167,i10,2026-07-23,facebook_reels,182.68,53602,2837,19,13,2
120249176075550167,i10,2026-07-23,facebook_reels_overlay,0.01,4,0,0,0,0
120249176075550167,i10,2026-07-23,facebook_stories,0.37,49,1,0,0,0
120249176075550167,i10,2026-07-23,feed,99.54,21849,463,13,3,1
120249176075550167,i10,2026-07-23,instagram_reels,47.48,8650,325,6,5,3
120249176075550167,i10,2026-07-23,instagram_stories,71.6,14099,337,7,4,3
120249176075550167,i10,2026-07-23,instream_video,0.16,48,1,0,0,0
120249176075550167,i10,2026-07-23,marketplace,0.01,4,0,0,0,0
120249176075550167,i10,2026-07-23,search,0,1,0,0,0,0
120249176075550167,i10,2026-07-23,unknown,0,0,0,0,0,0
120249176075550167,read,2026-07-23,facebook_reels,182.68,53602,2837,19,13,2
120249176075550167,read,2026-07-23,facebook_reels_overlay,0.01,4,0,0,0,0
120249176075550167,read,2026-07-23,facebook_stories,0.37,49,1,0,0,0
120249176075550167,read,2026-07-23,feed,99.54,21849,463,13,3,1
120249176075550167,read,2026-07-23,instagram_reels,47.48,8650,325,6,5,3
120249176075550167,read,2026-07-23,instagram_stories,71.6,14099,337,7,4,3
120249176075550167,read,2026-07-23,instream_video,0.16,48,1,0,0,0
120249176075550167,read,2026-07-23,marketplace,0.01,4,0,0,0,0
120249176075550167,read,2026-07-23,search,0,1,0,0,0,0
120249176075550167,read,2026-07-23,unknown,0,0,0,0,0,0
120249176077580167,i10,2026-07-24,facebook_reels,49.58,10762,259,4,2,2
120249176077580167,i10,2026-07-24,facebook_reels_overlay,0.01,11,0,0,0,0
120249176077580167,i10,2026-07-24,facebook_stories,0.32,45,0,0,0,0
120249176077580167,i10,2026-07-24,feed,29.99,4457,58,3,2,1
120249176077580167,i10,2026-07-24,instagram_reels,12.94,1745,19,0,0,0
120249176077580167,i10,2026-07-24,instagram_stories,28.16,5267,109,3,2,0
120249176077580167,i10,2026-07-24,instream_video,0.32,50,4,0,0,0
120249176077580167,i10,2026-07-24,marketplace,0.01,2,0,0,0,0
120249176077580167,i10,2026-07-24,search,0.03,4,0,0,0,0
120249176077580167,read,2026-07-24,facebook_reels,49.58,10762,259,4,2,2
120249176077580167,read,2026-07-24,facebook_reels_overlay,0.01,11,0,0,0,0
120249176077580167,read,2026-07-24,facebook_stories,0.32,45,0,0,0,0
120249176077580167,read,2026-07-24,feed,29.99,4457,58,3,2,1
120249176077580167,read,2026-07-24,instagram_reels,12.94,1745,19,0,0,0
120249176077580167,read,2026-07-24,instagram_stories,28.16,5267,109,3,2,0
120249176077580167,read,2026-07-24,instream_video,0.32,50,4,0,0,0
120249176077580167,read,2026-07-24,marketplace,0.01,2,0,0,0,0
120249176077580167,read,2026-07-24,search,0.03,4,0,0,0,0
120249190061250167,read,2026-07-24,an_classic,3.33,245,12,0,0,0
120249190061250167,read,2026-07-24,facebook_reels,36.9,6648,278,2,0,0
120249190061250167,read,2026-07-24,facebook_reels_overlay,0.03,21,0,0,0,0
120249190061250167,read,2026-07-24,facebook_stories,39.81,5743,122,1,1,2
120249190061250167,read,2026-07-24,feed,98.19,26911,307,2,2,0
120249190061250167,read,2026-07-24,instagram_explore_grid_home,0.02,6,0,0,0,0
120249190061250167,read,2026-07-24,instagram_reels,5.65,551,16,0,0,0
120249190061250167,read,2026-07-24,instagram_stories,16.92,2834,44,0,0,0
120249190061250167,read,2026-07-24,instream_video,2.94,500,7,0,0,0
120249190061250167,read,2026-07-24,marketplace,0.04,10,0,0,0,0
120249190061250167,read,2026-07-24,search,0.26,122,0,0,0,0
120249242631140167,i10,2026-07-26,facebook_profile_feed,0.01,6,0,0,0,0
120249242631140167,i10,2026-07-26,facebook_reels,126.01,40339,1672,5,2,0
120249242631140167,i10,2026-07-26,facebook_reels_overlay,0.05,25,0,0,0,0
120249242631140167,i10,2026-07-26,feed,40.43,9502,164,1,0,0
120249242631140167,i10,2026-07-26,instagram_reels,55.75,10484,304,7,4,3
120249242631140167,i10,2026-07-26,instagram_stories,86.6,21264,526,3,2,1
120249242631140167,i10,2026-07-26,instream_video,0.28,67,1,0,0,0
120249242631140167,i10,2026-07-26,marketplace,0.04,13,1,0,0,0
120249242631140167,i10,2026-07-26,unknown,0,0,0,0,0,0
120249242631140167,read,2026-07-26,facebook_profile_feed,0.01,6,0,0,0,0
120249242631140167,read,2026-07-26,facebook_reels,126.01,40339,1672,5,2,0
120249242631140167,read,2026-07-26,facebook_reels_overlay,0.05,25,0,0,0,0
120249242631140167,read,2026-07-26,feed,40.43,9502,164,1,0,0
120249242631140167,read,2026-07-26,instagram_reels,55.75,10484,304,7,4,3
120249242631140167,read,2026-07-26,instagram_stories,86.6,21264,526,3,2,1
120249242631140167,read,2026-07-26,instream_video,0.28,67,1,0,0,0
120249242631140167,read,2026-07-26,marketplace,0.04,13,1,0,0,0
120249242631140167,read,2026-07-26,unknown,0,0,0,0,0,0
120249242654880167,i10,2026-07-26,an_classic,0.14,3,0,0,0,0
120249242654880167,i10,2026-07-26,facebook_profile_feed,0,2,0,0,0,0
120249242654880167,i10,2026-07-26,facebook_reels,129.33,32268,294,13,4,1
120249242654880167,i10,2026-07-26,facebook_reels_overlay,0.03,29,0,0,0,0
120249242654880167,i10,2026-07-26,facebook_stories,24.56,3483,54,0,0,0
120249242654880167,i10,2026-07-26,feed,52.13,10838,98,4,0,0
120249242654880167,i10,2026-07-26,instagram_reels,64.33,15356,196,14,9,2
120249242654880167,i10,2026-07-26,instagram_stories,19.02,4059,74,2,0,0
120249242654880167,i10,2026-07-26,instream_video,1.54,385,13,0,0,0
120249242654880167,i10,2026-07-26,marketplace,0,11,0,0,0,0
120249242654880167,i10,2026-07-26,search,0.05,7,1,0,0,0
120249242654880167,read,2026-07-26,an_classic,0.14,3,0,0,0,0
120249242654880167,read,2026-07-26,facebook_profile_feed,0,2,0,0,0,0
120249242654880167,read,2026-07-26,facebook_reels,129.33,32268,294,13,4,1
120249242654880167,read,2026-07-26,facebook_reels_overlay,0.03,29,0,0,0,0
120249242654880167,read,2026-07-26,facebook_stories,24.56,3483,54,0,0,0
120249242654880167,read,2026-07-26,feed,52.13,10838,98,4,0,0
120249242654880167,read,2026-07-26,instagram_reels,64.33,15356,196,14,9,2
120249242654880167,read,2026-07-26,instagram_stories,19.02,4059,74,2,0,0
120249242654880167,read,2026-07-26,instream_video,1.54,385,13,0,0,0
120249242654880167,read,2026-07-26,marketplace,0,11,0,0,0,0
120249242654880167,read,2026-07-26,search,0.05,7,1,0,0,0
120249315126190167,i10,2026-07-29,facebook_profile_feed,0.07,12,0,0,0,0
120249315126190167,i10,2026-07-29,facebook_reels,117.32,19672,226,8,8,3
120249315126190167,i10,2026-07-29,facebook_reels_overlay,0.26,175,0,0,0,0
120249315126190167,i10,2026-07-29,feed,50.35,9434,66,8,4,3
120249315126190167,i10,2026-07-29,instagram_reels,17.8,2118,19,1,2,0
120249315126190167,i10,2026-07-29,instagram_stories,40.34,8080,139,3,3,1
120249315126190167,i10,2026-07-29,instream_video,3.93,799,14,0,0,0
120249315126190167,i10,2026-07-29,marketplace,0.09,26,1,0,0,0
120249315126190167,i10,2026-07-29,search,0.21,57,0,0,0,0
120249315126190167,read,2026-07-29,facebook_profile_feed,0.07,12,0,0,0,0
120249315126190167,read,2026-07-29,facebook_reels,117.32,19672,226,8,8,3
120249315126190167,read,2026-07-29,facebook_reels_overlay,0.26,175,0,0,0,0
120249315126190167,read,2026-07-29,feed,50.35,9434,66,8,4,3
120249315126190167,read,2026-07-29,instagram_reels,17.8,2118,19,1,2,0
120249315126190167,read,2026-07-29,instagram_stories,40.34,8080,139,3,3,1
120249315126190167,read,2026-07-29,instream_video,3.93,799,14,0,0,0
120249315126190167,read,2026-07-29,marketplace,0.09,26,1,0,0,0
120249315126190167,read,2026-07-29,search,0.21,57,0,0,0,0
120249469567010167,i10,2026-08-12,an_classic,0.47,97,6,0,0,0
120249469567010167,i10,2026-08-12,facebook_profile_feed,1.47,409,2,0,0,0
120249469567010167,i10,2026-08-12,facebook_reels,56.83,11803,71,7,7,2
120249469567010167,i10,2026-08-12,facebook_reels_overlay,0.13,107,1,0,0,0
120249469567010167,i10,2026-08-12,facebook_stories,26.58,2997,120,1,2,0
120249469567010167,i10,2026-08-12,feed,59.03,18514,137,3,2,2
120249469567010167,i10,2026-08-12,instagram_explore_grid_home,0,4,0,0,0,0
120249469567010167,i10,2026-08-12,instagram_reels,15.79,2644,15,0,0,0
120249469567010167,i10,2026-08-12,instagram_stories,16.01,3313,68,0,0,0
120249469567010167,i10,2026-08-12,instream_video,12.07,2025,44,1,1,0
120249469567010167,i10,2026-08-12,marketplace,1.41,500,6,0,0,0
120249469567010167,i10,2026-08-12,rewarded_video,4.17,702,101,0,0,0
120249469567010167,i10,2026-08-12,search,0.1,10,0,0,0,0
120249469567010167,i10,2026-08-12,threads_feed,2.85,2220,1,0,0,0
120249469567010167,read,2026-08-12,an_classic,0.47,97,6,0,0,0
120249469567010167,read,2026-08-12,facebook_profile_feed,1.47,409,2,0,0,0
120249469567010167,read,2026-08-12,facebook_reels,56.83,11803,71,7,7,2
120249469567010167,read,2026-08-12,facebook_reels_overlay,0.13,107,1,0,0,0
120249469567010167,read,2026-08-12,facebook_stories,26.58,2997,120,1,2,0
120249469567010167,read,2026-08-12,feed,59.03,18514,137,3,2,2
120249469567010167,read,2026-08-12,instagram_explore_grid_home,0,4,0,0,0,0
120249469567010167,read,2026-08-12,instagram_reels,15.79,2644,15,0,0,0
120249469567010167,read,2026-08-12,instagram_stories,16.01,3313,68,0,0,0
120249469567010167,read,2026-08-12,instream_video,12.07,2025,44,1,1,0
120249469567010167,read,2026-08-12,marketplace,1.41,500,6,0,0,0
120249469567010167,read,2026-08-12,rewarded_video,4.17,702,101,0,0,0
120249469567010167,read,2026-08-12,search,0.1,10,0,0,0,0
120249469567010167,read,2026-08-12,threads_feed,2.85,2220,1,0,0,0
120249469567030167,read,2026-08-13,an_classic,0.84,96,13,0,0,0
120249469567030167,read,2026-08-13,biz_disco_feed,0.01,1,0,0,0,0
120249469567030167,read,2026-08-13,facebook_profile_feed,0.91,263,2,0,0,0
120249469567030167,read,2026-08-13,facebook_reels,19.16,5170,29,0,0,0
120249469567030167,read,2026-08-13,facebook_reels_overlay,0.13,60,0,0,0,0
120249469567030167,read,2026-08-13,facebook_stories,16.66,1952,83,0,0,0
120249469567030167,read,2026-08-13,feed,42.62,11881,140,1,0,0
120249469567030167,read,2026-08-13,instagram_explore_grid_home,0.01,4,0,0,0,0
120249469567030167,read,2026-08-13,instagram_reels,16.69,3101,5,0,0,0
120249469567030167,read,2026-08-13,instagram_stories,13.16,3380,71,0,0,0
120249469567030167,read,2026-08-13,instream_video,9.23,1622,40,0,0,0
120249469567030167,read,2026-08-13,marketplace,0.05,35,0,0,0,0
120249469567030167,read,2026-08-13,rewarded_video,2.91,540,67,0,0,0
120249469567030167,read,2026-08-13,search,0.93,175,2,0,0,0
120249469567030167,read,2026-08-13,threads_feed,2.77,3224,1,0,0,0
120249469567030167,read,2026-08-13,unknown,0,0,0,0,0,0
120249469567140167,read,2026-08-10,an_classic,0.13,19,0,0,0,0
120249469567140167,read,2026-08-10,facebook_profile_feed,0.87,236,3,0,0,0
120249469567140167,read,2026-08-10,facebook_reels,62.42,11336,94,1,1,0
120249469567140167,read,2026-08-10,facebook_reels_overlay,0.15,115,2,0,0,0
120249469567140167,read,2026-08-10,facebook_stories,14.26,1693,64,0,0,0
120249469567140167,read,2026-08-10,feed,94.92,18889,233,2,2,0
120249469567140167,read,2026-08-10,instagram_explore_grid_home,0,5,0,0,0,0
120249469567140167,read,2026-08-10,instagram_reels,28.93,4759,21,0,0,0
120249469567140167,read,2026-08-10,instagram_stories,14.52,2753,53,1,2,0
120249469567140167,read,2026-08-10,instream_video,4.62,805,20,0,0,0
120249469567140167,read,2026-08-10,marketplace,0.24,114,1,0,0,0
120249469567140167,read,2026-08-10,search,0.01,3,0,0,0,0
120249469567140167,read,2026-08-10,threads_feed,6.01,4650,4,0,0,0
120249469567200167,i10,2026-08-11,an_classic,3.75,532,61,2,0,0
120249469567200167,i10,2026-08-11,facebook_profile_feed,1.51,478,5,0,0,0
120249469567200167,i10,2026-08-11,facebook_reels,130.21,28909,153,5,3,1
120249469567200167,i10,2026-08-11,facebook_reels_overlay,0.13,58,0,0,0,0
120249469567200167,i10,2026-08-11,facebook_stories,34.42,3695,158,0,0,0
120249469567200167,i10,2026-08-11,feed,198.19,36494,404,7,4,0
120249469567200167,i10,2026-08-11,instagram_explore_grid_home,0.08,26,0,0,0,0
120249469567200167,i10,2026-08-11,instagram_reels,41.83,6082,23,2,0,0
120249469567200167,i10,2026-08-11,instagram_stories,24.76,3442,51,0,0,0
120249469567200167,i10,2026-08-11,instream_video,19.8,3361,91,1,0,0
120249469567200167,i10,2026-08-11,marketplace,1.16,496,3,0,0,0
120249469567200167,i10,2026-08-11,rewarded_video,14.63,3639,299,1,0,0
120249469567200167,i10,2026-08-11,search,0.34,48,0,0,0,0
120249469567200167,i10,2026-08-11,threads_feed,12.04,9046,6,0,0,0
120249469567200167,read,2026-08-11,an_classic,3.75,532,61,2,0,0
120249469567200167,read,2026-08-11,facebook_profile_feed,1.51,478,5,0,0,0
120249469567200167,read,2026-08-11,facebook_reels,130.21,28909,153,5,3,1
120249469567200167,read,2026-08-11,facebook_reels_overlay,0.13,58,0,0,0,0
120249469567200167,read,2026-08-11,facebook_stories,34.42,3695,158,0,0,0
120249469567200167,read,2026-08-11,feed,198.19,36494,404,7,4,0
120249469567200167,read,2026-08-11,instagram_explore_grid_home,0.08,26,0,0,0,0
120249469567200167,read,2026-08-11,instagram_reels,41.83,6082,23,2,0,0
120249469567200167,read,2026-08-11,instagram_stories,24.76,3442,51,0,0,0
120249469567200167,read,2026-08-11,instream_video,19.8,3361,91,1,0,0
120249469567200167,read,2026-08-11,marketplace,1.16,496,3,0,0,0
120249469567200167,read,2026-08-11,rewarded_video,14.63,3639,299,1,0,0
120249469567200167,read,2026-08-11,search,0.34,48,0,0,0,0
120249469567200167,read,2026-08-11,threads_feed,12.04,9046,6,0,0,0
120249469568100167,read,2026-08-13,an_classic,0.94,224,15,0,0,0
120249469568100167,read,2026-08-13,facebook_profile_feed,0.63,161,0,0,0,0
120249469568100167,read,2026-08-13,facebook_reels,1.42,448,4,0,0,0
120249469568100167,read,2026-08-13,facebook_reels_overlay,0.21,183,2,0,0,0
120249469568100167,read,2026-08-13,facebook_stories,17.7,4133,77,0,0,0
120249469568100167,read,2026-08-13,feed,55.17,20598,157,0,0,0
120249469568100167,read,2026-08-13,instagram_reels,11.81,3543,41,1,0,0
120249469568100167,read,2026-08-13,instagram_stories,22.42,5951,84,1,1,0
120249469568100167,read,2026-08-13,instream_video,6.06,1013,43,0,0,0
120249469568100167,read,2026-08-13,marketplace,0.66,717,2,0,0,0
120249469568100167,read,2026-08-13,search,0.01,4,0,0,0,0
120249469568100167,read,2026-08-13,threads_feed,55.95,98795,194,0,0,0
120249641611010167,read,2026-08-11,an_classic,1.33,257,12,0,0,0
120249641611010167,read,2026-08-11,facebook_reels,8.59,1425,19,1,0,0
120249641611010167,read,2026-08-11,facebook_reels_overlay,0,6,0,0,0,0
120249641611010167,read,2026-08-11,facebook_stories,7.67,844,36,0,0,0
120249641611010167,read,2026-08-11,feed,39.52,17203,169,0,0,0
120249641611010167,read,2026-08-11,instagram_explore_grid_home,0.22,56,0,0,0,0
120249641611010167,read,2026-08-11,instagram_reels,19.02,3317,65,0,0,0
120249641611010167,read,2026-08-11,instagram_stories,22.97,6492,146,0,0,0
120249641611010167,read,2026-08-11,instream_video,3.22,619,21,0,0,0
120249641611010167,read,2026-08-11,marketplace,0.05,27,0,0,0,0
120249641611010167,read,2026-08-11,search,0,2,0,0,0,0
120249641651420167,read,2026-08-10,an_classic,0.22,44,1,0,0,0
120249641651420167,read,2026-08-10,facebook_reels,32.24,7789,288,0,0,0
120249641651420167,read,2026-08-10,facebook_reels_overlay,0,11,0,0,0,0
120249641651420167,read,2026-08-10,facebook_stories,3.16,501,16,0,0,0
120249641651420167,read,2026-08-10,feed,127.31,46292,958,2,0,1
120249641651420167,read,2026-08-10,instagram_explore_grid_home,0.56,396,6,0,0,0
120249641651420167,read,2026-08-10,instagram_reels,48.58,10571,320,0,0,0
120249641651420167,read,2026-08-10,instagram_stories,36.76,9956,194,1,1,0
120249641651420167,read,2026-08-10,instream_video,0.24,48,2,0,0,0
120249641651420167,read,2026-08-10,marketplace,0.31,143,0,0,0,0
120249641651420167,read,2026-08-10,search,0.03,12,0,0,0,0
120249641692540167,read,2026-08-09,facebook_reels,53.56,15012,1497,3,2,0
120249641692540167,read,2026-08-09,facebook_reels_overlay,0,2,1,0,0,0
120249641692540167,read,2026-08-09,facebook_stories,3.56,546,14,0,0,0
120249641692540167,read,2026-08-09,feed,127.56,38703,1472,3,1,0
120249641692540167,read,2026-08-09,instagram_explore_grid_home,0.01,6,0,0,0,0
120249641692540167,read,2026-08-09,instagram_reels,5.6,1044,66,0,0,0
120249641692540167,read,2026-08-09,instagram_stories,16.02,3126,115,2,3,1
120249641692540167,read,2026-08-09,instream_video,0.27,50,2,0,0,0
120249641692540167,read,2026-08-09,marketplace,0.01,8,0,0,0,0
120249641692540167,read,2026-08-09,search,0.01,10,0,0,0,0
120249641760720167,read,2026-08-09,facebook_reels,3.94,1094,31,0,0,0
120249641760720167,read,2026-08-09,facebook_stories,0.11,15,1,0,0,0
120249641760720167,read,2026-08-09,feed,13.38,5246,289,0,0,0
120249641760720167,read,2026-08-09,instagram_explore_grid_home,0.37,291,2,0,0,0
120249641760720167,read,2026-08-09,instagram_reels,212.37,55352,4586,0,0,0
120249641760720167,read,2026-08-09,instagram_stories,55.5,15347,585,0,0,0
120249641760720167,read,2026-08-09,instream_video,0.01,2,0,0,0,0
120249641997610167,i10,2026-08-13,an_classic,2.23,203,34,0,0,0
120249641997610167,i10,2026-08-13,biz_disco_feed,0,1,0,0,0,0
120249641997610167,i10,2026-08-13,facebook_profile_feed,2.92,700,7,0,0,0
120249641997610167,i10,2026-08-13,facebook_reels,61.6,6524,61,4,2,2
120249641997610167,i10,2026-08-13,facebook_reels_overlay,0.21,190,4,0,0,0
120249641997610167,i10,2026-08-13,facebook_stories,27.93,2727,174,0,0,0
120249641997610167,i10,2026-08-13,feed,76.01,9044,97,2,1,0
120249641997610167,i10,2026-08-13,instagram_explore_grid_home,0.01,8,0,0,0,0
120249641997610167,i10,2026-08-13,instagram_reels,36.19,3516,24,1,0,0
120249641997610167,i10,2026-08-13,instagram_stories,8.61,962,19,0,0,0
120249641997610167,i10,2026-08-13,instream_video,21.32,3060,82,2,0,0
120249641997610167,i10,2026-08-13,marketplace,0.98,367,3,0,0,0
120249641997610167,i10,2026-08-13,search,1.87,444,2,0,0,0
120249641997610167,i10,2026-08-13,threads_feed,6.81,2502,6,1,0,1
120249641997610167,read,2026-08-09,an_classic,1.34,75,11,0,0,0
120249641997610167,read,2026-08-09,facebook_profile_feed,1.34,374,6,0,0,0
120249641997610167,read,2026-08-09,facebook_reels,33.27,3662,32,3,2,2
120249641997610167,read,2026-08-09,facebook_reels_overlay,0.14,151,2,0,0,0
120249641997610167,read,2026-08-09,facebook_stories,19.01,1939,126,0,0,0
120249641997610167,read,2026-08-09,feed,36.22,5960,62,0,0,0
120249641997610167,read,2026-08-09,instagram_reels,14.79,1334,8,0,0,0
120249641997610167,read,2026-08-09,instagram_stories,3.73,497,15,0,0,0
120249641997610167,read,2026-08-09,instream_video,14.09,2063,49,1,0,0
120249641997610167,read,2026-08-09,marketplace,0.62,217,2,0,0,0
120249641997610167,read,2026-08-09,search,0.14,81,0,0,0,0
120249641997610167,read,2026-08-09,threads_feed,4.21,905,2,0,0,0
120249642037430167,i10,2026-08-08,an_classic,0.28,30,1,0,0,0
120249642037430167,i10,2026-08-08,facebook_reels,27.24,4666,27,0,0,0
120249642037430167,i10,2026-08-08,facebook_reels_overlay,0.9,748,11,0,0,0
120249642037430167,i10,2026-08-08,facebook_stories,38.58,5584,145,5,1,2
120249642037430167,i10,2026-08-08,feed,129.78,43298,283,8,3,0
120249642037430167,i10,2026-08-08,instagram_reels,26.25,4999,24,3,2,0
120249642037430167,i10,2026-08-08,instagram_stories,102.32,29107,295,0,0,0
120249642037430167,i10,2026-08-08,instream_video,31.44,5827,130,0,0,0
120249642037430167,i10,2026-08-08,marketplace,0.24,119,0,0,0,0
120249642037430167,i10,2026-08-08,rewarded_video,0.63,88,8,0,0,0
120249642037430167,i10,2026-08-08,search,0.15,5,0,0,0,0
120249642037430167,i10,2026-08-08,unknown,0,0,0,0,0,0
120249642037430167,read,2026-08-08,an_classic,0.28,30,1,0,0,0
120249642037430167,read,2026-08-08,facebook_reels,27.24,4666,27,0,0,0
120249642037430167,read,2026-08-08,facebook_reels_overlay,0.9,748,11,0,0,0
120249642037430167,read,2026-08-08,facebook_stories,38.58,5584,145,5,1,2
120249642037430167,read,2026-08-08,feed,129.78,43298,283,8,3,0
120249642037430167,read,2026-08-08,instagram_reels,26.25,4999,24,3,2,0
120249642037430167,read,2026-08-08,instagram_stories,102.32,29107,295,0,0,0
120249642037430167,read,2026-08-08,instream_video,31.44,5827,130,0,0,0
120249642037430167,read,2026-08-08,marketplace,0.24,119,0,0,0,0
120249642037430167,read,2026-08-08,rewarded_video,0.63,88,8,0,0,0
120249642037430167,read,2026-08-08,search,0.15,5,0,0,0,0
120249642037430167,read,2026-08-08,unknown,0,0,0,0,0,0
120249652815090167,read,2026-08-09,an_classic,0.38,54,5,0,0,0
120249652815090167,read,2026-08-09,facebook_profile_feed,4.46,1291,9,0,0,0
120249652815090167,read,2026-08-09,facebook_reels,119.07,28166,142,3,2,2
120249652815090167,read,2026-08-09,facebook_reels_overlay,5.24,4050,26,0,0,0
120249652815090167,read,2026-08-09,facebook_stories,137.83,17482,804,0,0,0
120249652815090167,read,2026-08-09,feed,245.51,88725,638,1,0,0
120249652815090167,read,2026-08-09,instagram_explore_grid_home,0.02,8,0,0,0,0
120249652815090167,read,2026-08-09,instagram_reels,64,8350,24,3,2,0
120249652815090167,read,2026-08-09,instagram_stories,64.53,14962,242,0,0,1
120249652815090167,read,2026-08-09,instream_video,62.06,8353,276,0,0,0
120249652815090167,read,2026-08-09,marketplace,3.25,1608,12,0,0,0
120249652815090167,read,2026-08-09,search,0.07,24,0,0,0,0
120249652815090167,read,2026-08-09,threads_feed,20.07,7002,4,0,0,0
120249652815090167,read,2026-08-09,unknown,0,0,0,0,0,0
120249701534270167,i10,2026-08-11,an_classic,2.6,331,27,0,0,0
120249701534270167,i10,2026-08-11,facebook_reels,941.79,170224,3321,37,18,8
120249701534270167,i10,2026-08-11,facebook_reels_overlay,1.92,1157,8,0,0,0
120249701534270167,i10,2026-08-11,facebook_stories,196.72,24860,661,0,0,0
120249701534270167,i10,2026-08-11,feed,843.96,259041,2477,27,11,4
120249701534270167,i10,2026-08-11,instagram_reels,672.18,128432,1218,43,25,5
120249701534270167,i10,2026-08-11,instagram_stories,1055.09,263431,5721,45,22,7
120249701534270167,i10,2026-08-11,instream_video,64.35,8440,273,4,2,2
120249701534270167,i10,2026-08-11,marketplace,2.96,1380,3,0,0,0
120249701534270167,i10,2026-08-11,search,0.59,76,2,0,0,0
120249701534270167,i10,2026-08-11,threads_feed,0,0,0,0,0,1
120249701534270167,i10,2026-08-11,unknown,0,0,0,0,0,0
120249701534270167,read,2026-08-10,an_classic,0,2,0,0,0,0
120249701534270167,read,2026-08-10,facebook_reels,21.56,4797,80,0,0,0
120249701534270167,read,2026-08-10,facebook_reels_overlay,0.05,13,0,0,0,0
120249701534270167,read,2026-08-10,facebook_stories,4.96,602,17,0,0,0
120249701534270167,read,2026-08-10,feed,53.97,18787,149,0,0,0
120249701534270167,read,2026-08-10,instagram_reels,16.1,3557,32,0,0,0
120249701534270167,read,2026-08-10,instagram_stories,57.1,16665,266,1,1,0
120249701534270167,read,2026-08-10,instream_video,2.32,390,7,0,0,0
120249701534270167,read,2026-08-10,marketplace,0.02,16,0,0,0,0
120249779562090167,i10,2026-08-14,an_classic,4.21,640,102,0,0,0
120249779562090167,i10,2026-08-14,facebook_profile_feed,0.28,105,0,0,0,0
120249779562090167,i10,2026-08-14,facebook_reels,54.81,12345,120,3,1,0
120249779562090167,i10,2026-08-14,facebook_reels_overlay,0.01,5,0,0,0,0
120249779562090167,i10,2026-08-14,facebook_stories,35.42,4582,142,0,0,0
120249779562090167,i10,2026-08-14,feed,125.66,43480,383,4,3,0
120249779562090167,i10,2026-08-14,instagram_explore_grid_home,0.02,12,0,0,0,0
120249779562090167,i10,2026-08-14,instagram_reels,15.05,3150,14,2,1,2
120249779562090167,i10,2026-08-14,instagram_stories,20.89,4607,86,2,1,1
120249779562090167,i10,2026-08-14,instream_video,3.4,539,20,0,0,0
120249779562090167,i10,2026-08-14,marketplace,0.07,18,0,0,0,0
120249779562090167,i10,2026-08-14,search,0,5,0,0,0,0
120249779562090167,i10,2026-08-14,threads_feed,2.87,2658,1,0,0,0
120249779562090167,i10,2026-08-14,unknown,0,0,0,0,0,0
120249779562090167,read,2026-08-14,an_classic,4.21,640,102,0,0,0
120249779562090167,read,2026-08-14,facebook_profile_feed,0.28,105,0,0,0,0
120249779562090167,read,2026-08-14,facebook_reels,54.81,12345,120,3,1,0
120249779562090167,read,2026-08-14,facebook_reels_overlay,0.01,5,0,0,0,0
120249779562090167,read,2026-08-14,facebook_stories,35.42,4582,142,0,0,0
120249779562090167,read,2026-08-14,feed,125.66,43480,383,4,3,0
120249779562090167,read,2026-08-14,instagram_explore_grid_home,0.02,12,0,0,0,0
120249779562090167,read,2026-08-14,instagram_reels,15.05,3150,14,2,1,2
120249779562090167,read,2026-08-14,instagram_stories,20.89,4607,86,2,1,1
120249779562090167,read,2026-08-14,instream_video,3.4,539,20,0,0,0
120249779562090167,read,2026-08-14,marketplace,0.07,18,0,0,0,0
120249779562090167,read,2026-08-14,search,0,5,0,0,0,0
120249779562090167,read,2026-08-14,threads_feed,2.87,2658,1,0,0,0
120249779562090167,read,2026-08-14,unknown,0,0,0,0,0,0
120249779562110167,i10,2026-08-14,an_classic,5.96,955,198,0,0,0
120249779562110167,i10,2026-08-14,facebook_profile_feed,0.22,43,1,0,0,0
120249779562110167,i10,2026-08-14,facebook_reels,51.95,10809,144,6,3,0
120249779562110167,i10,2026-08-14,facebook_reels_overlay,0,1,0,0,0,0
120249779562110167,i10,2026-08-14,facebook_stories,12.46,1943,40,0,0,0
120249779562110167,i10,2026-08-14,feed,21.47,4153,44,3,3,0
120249779562110167,i10,2026-08-14,instagram_reels,3.46,598,2,0,0,0
120249779562110167,i10,2026-08-14,instagram_stories,20.7,4532,100,1,0,0
120249779562110167,i10,2026-08-14,instream_video,1.64,203,7,2,0,0
120249779562110167,i10,2026-08-14,marketplace,0.01,4,0,0,0,0
120249779562110167,i10,2026-08-14,rewarded_video,12.37,1927,508,0,0,0
120249779562110167,i10,2026-08-14,search,0,3,0,0,0,0
120249779562110167,i10,2026-08-14,threads_feed,1.93,2471,1,0,0,0
120249779562110167,read,2026-08-14,an_classic,5.96,955,198,0,0,0
120249779562110167,read,2026-08-14,facebook_profile_feed,0.22,43,1,0,0,0
120249779562110167,read,2026-08-14,facebook_reels,51.95,10809,144,6,3,0
120249779562110167,read,2026-08-14,facebook_reels_overlay,0,1,0,0,0,0
120249779562110167,read,2026-08-14,facebook_stories,12.46,1943,40,0,0,0
120249779562110167,read,2026-08-14,feed,21.47,4153,44,3,3,0
120249779562110167,read,2026-08-14,instagram_reels,3.46,598,2,0,0,0
120249779562110167,read,2026-08-14,instagram_stories,20.7,4532,100,1,0,0
120249779562110167,read,2026-08-14,instream_video,1.64,203,7,2,0,0
120249779562110167,read,2026-08-14,marketplace,0.01,4,0,0,0,0
120249779562110167,read,2026-08-14,rewarded_video,12.37,1927,508,0,0,0
120249779562110167,read,2026-08-14,search,0,3,0,0,0,0
120249779562110167,read,2026-08-14,threads_feed,1.93,2471,1,0,0,0
120249779562130167,read,2026-08-15,an_classic,5.71,721,157,0,0,0
120249779562130167,read,2026-08-15,facebook_profile_feed,0.32,72,1,0,0,0
120249779562130167,read,2026-08-15,facebook_reels,43.25,9008,101,5,0,0
120249779562130167,read,2026-08-15,facebook_reels_overlay,0.01,10,0,0,0,0
120249779562130167,read,2026-08-15,facebook_stories,15.11,2629,61,0,0,0
120249779562130167,read,2026-08-15,feed,39.68,7426,81,1,2,1
120249779562130167,read,2026-08-15,instagram_reels,0.46,62,2,0,0,0
120249779562130167,read,2026-08-15,instagram_search,0,1,0,0,0,0
120249779562130167,read,2026-08-15,instagram_stories,13.14,2123,77,0,0,0
120249779562130167,read,2026-08-15,instream_video,6.03,1006,23,0,0,0
120249779562130167,read,2026-08-15,marketplace,4.19,1529,22,0,0,0
120249779562130167,read,2026-08-15,search,0.08,26,1,0,0,0
120249779562130167,read,2026-08-15,threads_feed,1.12,1357,3,0,0,0
120249779562150167,i10,2026-08-16,an_classic,4.45,526,96,0,0,0
120249779562150167,i10,2026-08-16,facebook_profile_feed,0.35,95,0,0,0,0
120249779562150167,i10,2026-08-16,facebook_reels,56.41,10474,108,10,5,3
120249779562150167,i10,2026-08-16,facebook_reels_overlay,0.07,30,0,0,0,0
120249779562150167,i10,2026-08-16,facebook_stories,10.4,1858,41,0,0,0
120249779562150167,i10,2026-08-16,feed,32.12,4569,63,0,0,0
120249779562150167,i10,2026-08-16,instagram_reels,12.2,1822,15,0,0,0
120249779562150167,i10,2026-08-16,instagram_stories,39.2,8992,314,1,0,0
120249779562150167,i10,2026-08-16,instream_video,6.83,1150,23,0,0,0
120249779562150167,i10,2026-08-16,marketplace,0.4,108,1,0,0,0
120249779562150167,i10,2026-08-16,search,0.02,30,0,0,0,0
120249779562150167,i10,2026-08-16,threads_feed,4.08,5821,2,0,0,0
120249779562150167,read,2026-08-15,an_classic,3.91,468,86,0,0,0
120249779562150167,read,2026-08-15,facebook_profile_feed,0.28,69,0,0,0,0
120249779562150167,read,2026-08-15,facebook_reels,34.35,6326,70,4,1,0
120249779562150167,read,2026-08-15,facebook_reels_overlay,0.02,16,0,0,0,0
120249779562150167,read,2026-08-15,facebook_stories,7.9,1438,33,0,0,0
120249779562150167,read,2026-08-15,feed,18.6,2786,45,0,0,0
120249779562150167,read,2026-08-15,instagram_reels,5.9,958,8,0,0,0
120249779562150167,read,2026-08-15,instagram_stories,36.12,8442,293,1,0,0
120249779562150167,read,2026-08-15,instream_video,6.03,1022,20,0,0,0
120249779562150167,read,2026-08-15,marketplace,0.24,64,0,0,0,0
120249779562150167,read,2026-08-15,search,0.02,21,0,0,0,0
120249779562150167,read,2026-08-15,threads_feed,3.36,5105,1,0,0,0
120249779562330167,read,2026-08-14,an_classic,2.95,397,76,0,0,0
120249779562330167,read,2026-08-14,facebook_profile_feed,0.26,79,2,0,0,0
120249779562330167,read,2026-08-14,facebook_reels,5.48,1451,16,0,0,0
120249779562330167,read,2026-08-14,facebook_reels_overlay,0.01,2,0,0,0,0
120249779562330167,read,2026-08-14,facebook_stories,37.76,4474,177,0,0,0
120249779562330167,read,2026-08-14,feed,90.27,37591,285,1,1,0
120249779562330167,read,2026-08-14,instagram_explore_grid_home,0,1,0,0,0,0
120249779562330167,read,2026-08-14,instagram_reels,0.77,123,1,0,0,0
120249779562330167,read,2026-08-14,instagram_stories,2.5,523,6,0,0,0
120249779562330167,read,2026-08-14,instream_video,5.21,771,24,0,0,0
120249779562330167,read,2026-08-14,marketplace,0.09,30,1,0,0,0
120249779562330167,read,2026-08-14,search,0.02,5,0,0,0,0
120249779562330167,read,2026-08-14,threads_feed,0.53,563,0,0,0,0
120249784171630167,i10,2026-08-14,an_classic,1.55,272,46,0,0,0
120249784171630167,i10,2026-08-14,facebook_profile_feed,4.66,1193,5,0,0,0
120249784171630167,i10,2026-08-14,facebook_reels,668.14,122242,1124,52,34,9
120249784171630167,i10,2026-08-14,facebook_reels_overlay,0.45,233,2,0,0,0
120249784171630167,i10,2026-08-14,facebook_stories,160.71,19552,604,3,2,0
120249784171630167,i10,2026-08-14,feed,721.15,212760,1603,19,10,2
120249784171630167,i10,2026-08-14,instagram_explore_grid_home,0.14,84,0,0,0,0
120249784171630167,i10,2026-08-14,instagram_reels,277.46,44623,185,11,8,1
120249784171630167,i10,2026-08-14,instagram_stories,244.66,52395,713,6,2,1
120249784171630167,i10,2026-08-14,instream_video,46.46,6402,151,2,0,0
120249784171630167,i10,2026-08-14,marketplace,1.36,531,1,0,0,0
120249784171630167,i10,2026-08-14,search,0.17,80,0,0,0,0
120249784171630167,i10,2026-08-14,threads_feed,72.41,47661,29,0,0,0
120249784171630167,i10,2026-08-14,unknown,0,0,0,0,0,0
120249784171630167,read,2026-08-14,an_classic,1.55,272,46,0,0,0
120249784171630167,read,2026-08-14,facebook_profile_feed,4.66,1193,5,0,0,0
120249784171630167,read,2026-08-14,facebook_reels,668.14,122242,1124,52,34,9
120249784171630167,read,2026-08-14,facebook_reels_overlay,0.45,233,2,0,0,0
120249784171630167,read,2026-08-14,facebook_stories,160.71,19552,604,3,2,0
120249784171630167,read,2026-08-14,feed,721.15,212760,1603,19,10,2
120249784171630167,read,2026-08-14,instagram_explore_grid_home,0.14,84,0,0,0,0
120249784171630167,read,2026-08-14,instagram_reels,277.46,44623,185,11,8,1
120249784171630167,read,2026-08-14,instagram_stories,244.66,52395,713,6,2,1
120249784171630167,read,2026-08-14,instream_video,46.46,6402,151,2,0,0
120249784171630167,read,2026-08-14,marketplace,1.36,531,1,0,0,0
120249784171630167,read,2026-08-14,search,0.17,80,0,0,0,0
120249784171630167,read,2026-08-14,threads_feed,72.41,47661,29,0,0,0
120249784171630167,read,2026-08-14,unknown,0,0,0,0,0,0
120249784181830167,i10,2026-08-15,an_classic,6.46,792,153,0,0,0
120249784181830167,i10,2026-08-15,biz_disco_feed,0,1,0,0,0,0
120249784181830167,i10,2026-08-15,facebook_profile_feed,3.9,1127,5,0,0,0
120249784181830167,i10,2026-08-15,facebook_reels,140.94,31813,203,4,2,0
120249784181830167,i10,2026-08-15,facebook_reels_overlay,2.05,1210,3,0,0,0
120249784181830167,i10,2026-08-15,facebook_stories,408.42,40633,1555,3,2,2
120249784181830167,i10,2026-08-15,feed,551.22,181764,1371,8,6,2
120249784181830167,i10,2026-08-15,instagram_explore_grid_home,0.1,64,0,0,0,0
120249784181830167,i10,2026-08-15,instagram_reels,27.47,4760,13,0,0,0
120249784181830167,i10,2026-08-15,instagram_stories,86.07,15050,248,1,1,0
120249784181830167,i10,2026-08-15,instream_video,114.32,15819,418,1,1,0
120249784181830167,i10,2026-08-15,marketplace,4.35,2337,8,0,0,0
120249784181830167,i10,2026-08-15,search,1.99,425,3,0,0,0
120249784181830167,i10,2026-08-15,threads_feed,23.09,17724,13,0,0,0
120249784181830167,i10,2026-08-15,unknown,0,0,0,0,0,0
120249784181830167,read,2026-08-14,an_classic,1.34,232,39,0,0,0
120249784181830167,read,2026-08-14,biz_disco_feed,0,1,0,0,0,0
120249784181830167,read,2026-08-14,facebook_profile_feed,3.01,820,4,0,0,0
120249784181830167,read,2026-08-14,facebook_reels,68.26,16039,97,2,0,0
120249784181830167,read,2026-08-14,facebook_reels_overlay,0.58,317,2,0,0,0
120249784181830167,read,2026-08-14,facebook_stories,263.75,26452,1050,1,2,2
120249784181830167,read,2026-08-14,feed,445.67,154945,1146,5,4,2
120249784181830167,read,2026-08-14,instagram_explore_grid_home,0.08,47,0,0,0,0
120249784181830167,read,2026-08-14,instagram_reels,20.14,3570,10,0,0,0
120249784181830167,read,2026-08-14,instagram_stories,46.99,8796,133,0,0,0
120249784181830167,read,2026-08-14,instream_video,58.63,8847,217,0,0,0
120249784181830167,read,2026-08-14,marketplace,1.99,947,3,0,0,0
120249784181830167,read,2026-08-14,search,0.95,138,1,0,0,0
120249784181830167,read,2026-08-14,threads_feed,15.36,10567,6,0,0,0
120249784181830167,read,2026-08-14,unknown,0,0,0,0,0,0
120249784194200167,i10,2026-08-14,an_classic,3.57,477,77,0,0,0
120249784194200167,i10,2026-08-14,facebook_profile_feed,5.33,989,5,0,0,0
120249784194200167,i10,2026-08-14,facebook_reels,849.2,162778,1631,78,63,24
120249784194200167,i10,2026-08-14,facebook_reels_overlay,0.36,204,2,0,0,0
120249784194200167,i10,2026-08-14,facebook_stories,202.55,23542,488,5,5,0
120249784194200167,i10,2026-08-14,feed,436.69,66757,580,31,17,11
120249784194200167,i10,2026-08-14,instagram_reels,159.05,22650,94,11,4,4
120249784194200167,i10,2026-08-14,instagram_stories,124.57,26220,619,1,0,1
120249784194200167,i10,2026-08-14,instream_video,39.28,4920,119,0,0,0
120249784194200167,i10,2026-08-14,marketplace,1.1,378,3,0,0,0
120249784194200167,i10,2026-08-14,rewarded_video,4.9,436,123,0,0,0
120249784194200167,i10,2026-08-14,search,0.67,55,1,0,0,0
120249784194200167,i10,2026-08-14,threads_feed,135.54,85269,79,2,2,1
120249784194200167,i10,2026-08-14,unknown,0,0,0,0,0,0
120249784194200167,read,2026-08-14,an_classic,3.57,477,77,0,0,0
120249784194200167,read,2026-08-14,facebook_profile_feed,5.33,989,5,0,0,0
120249784194200167,read,2026-08-14,facebook_reels,849.2,162778,1631,78,63,24
120249784194200167,read,2026-08-14,facebook_reels_overlay,0.36,204,2,0,0,0
120249784194200167,read,2026-08-14,facebook_stories,202.55,23542,488,5,5,0
120249784194200167,read,2026-08-14,feed,436.69,66757,580,31,17,11
120249784194200167,read,2026-08-14,instagram_reels,159.05,22650,94,11,4,4
120249784194200167,read,2026-08-14,instagram_stories,124.57,26220,619,1,0,1
120249784194200167,read,2026-08-14,instream_video,39.28,4920,119,0,0,0
120249784194200167,read,2026-08-14,marketplace,1.1,378,3,0,0,0
120249784194200167,read,2026-08-14,rewarded_video,4.9,436,123,0,0,0
120249784194200167,read,2026-08-14,search,0.67,55,1,0,0,0
120249784194200167,read,2026-08-14,threads_feed,135.54,85269,79,2,2,1
120249784194200167,read,2026-08-14,unknown,0,0,0,0,0,0
120249859615790167,i10,2026-08-17,an_classic,1.15,91,24,0,0,0
120249859615790167,i10,2026-08-17,facebook_notification,0.22,29,0,0,0,0
120249859615790167,i10,2026-08-17,facebook_profile_feed,0.16,71,1,0,0,0
120249859615790167,i10,2026-08-17,facebook_reels,132.66,36885,138,4,5,3
120249859615790167,i10,2026-08-17,facebook_reels_overlay,1.63,763,5,0,0,0
120249859615790167,i10,2026-08-17,facebook_stories,139.71,20266,580,1,0,0
120249859615790167,i10,2026-08-17,feed,681.7,256127,1578,0,0,0
120249859615790167,i10,2026-08-17,instagram_explore_grid_home,0,4,0,0,0,0
120249859615790167,i10,2026-08-17,instagram_reels,51.86,11038,26,4,3,1
120249859615790167,i10,2026-08-17,instagram_stories,207.57,57665,768,1,1,0
120249859615790167,i10,2026-08-17,instream_video,66.7,10174,255,0,0,0
120249859615790167,i10,2026-08-17,marketplace,3.45,1170,9,0,0,0
120249859615790167,i10,2026-08-17,rewarded_video,1.97,134,46,0,0,0
120249859615790167,i10,2026-08-17,search,0,2,0,0,0,0
120249859615790167,i10,2026-08-17,threads_feed,28.38,13829,8,0,0,0
120249859615790167,i10,2026-08-17,unknown,0,0,0,0,0,0
120249859615790167,read,2026-08-17,an_classic,1.15,91,24,0,0,0
120249859615790167,read,2026-08-17,facebook_notification,0.22,29,0,0,0,0
120249859615790167,read,2026-08-17,facebook_profile_feed,0.16,71,1,0,0,0
120249859615790167,read,2026-08-17,facebook_reels,132.66,36885,138,4,5,3
120249859615790167,read,2026-08-17,facebook_reels_overlay,1.63,763,5,0,0,0
120249859615790167,read,2026-08-17,facebook_stories,139.71,20266,580,1,0,0
120249859615790167,read,2026-08-17,feed,681.7,256127,1578,0,0,0
120249859615790167,read,2026-08-17,instagram_explore_grid_home,0,4,0,0,0,0
120249859615790167,read,2026-08-17,instagram_reels,51.86,11038,26,4,3,1
120249859615790167,read,2026-08-17,instagram_stories,207.57,57665,768,1,1,0
120249859615790167,read,2026-08-17,instream_video,66.7,10174,255,0,0,0
120249859615790167,read,2026-08-17,marketplace,3.45,1170,9,0,0,0
120249859615790167,read,2026-08-17,rewarded_video,1.97,134,46,0,0,0
120249859615790167,read,2026-08-17,search,0,2,0,0,0,0
120249859615790167,read,2026-08-17,threads_feed,28.38,13829,8,0,0,0
120249859615790167,read,2026-08-17,unknown,0,0,0,0,0,0
120249917976060167,i10,2026-08-21,an_classic,12.99,626,175,0,0,0
120249917976060167,i10,2026-08-21,facebook_notification,2.03,353,3,0,0,0
120249917976060167,i10,2026-08-21,facebook_profile_feed,0.5,160,2,0,0,0
120249917976060167,i10,2026-08-21,facebook_reels,70.58,20977,126,7,2,1
120249917976060167,i10,2026-08-21,facebook_reels_overlay,0.75,541,4,0,0,0
120249917976060167,i10,2026-08-21,facebook_stories,35.56,3939,151,0,0,0
120249917976060167,i10,2026-08-21,feed,201.35,80037,608,2,0,0
120249917976060167,i10,2026-08-21,instagram_explore_grid_home,0,4,0,0,0,0
120249917976060167,i10,2026-08-21,instagram_reels,75.61,15908,47,10,2,0
120249917976060167,i10,2026-08-21,instagram_stories,27.71,5830,83,0,0,0
120249917976060167,i10,2026-08-21,instream_video,12.98,1737,56,1,1,1
120249917976060167,i10,2026-08-21,marketplace,1.86,711,10,0,0,0
120249917976060167,i10,2026-08-21,rewarded_video,27.6,1208,391,0,0,0
120249917976060167,i10,2026-08-21,search,0.78,199,1,0,0,0
120249917976060167,i10,2026-08-21,threads_feed,10.02,12350,7,0,0,0
120249917976060167,read,2026-08-20,an_classic,2.88,175,54,0,0,0
120249917976060167,read,2026-08-20,facebook_notification,0.36,57,1,0,0,0
120249917976060167,read,2026-08-20,facebook_profile_feed,0.07,23,0,0,0,0
120249917976060167,read,2026-08-20,facebook_reels,9.51,3457,15,0,0,0
120249917976060167,read,2026-08-20,facebook_reels_overlay,0.21,97,0,0,0,0
120249917976060167,read,2026-08-20,facebook_stories,10.73,1411,58,0,0,0
120249917976060167,read,2026-08-20,feed,81.2,39170,264,0,0,0
120249917976060167,read,2026-08-20,instagram_reels,8,1690,2,0,0,0
120249917976060167,read,2026-08-20,instagram_stories,8.47,2093,27,0,0,0
120249917976060167,read,2026-08-20,instream_video,4.39,715,30,0,0,0
120249917976060167,read,2026-08-20,marketplace,0.26,117,2,0,0,0
120249917976060167,read,2026-08-20,rewarded_video,7.65,404,118,0,0,0
120249917976060167,read,2026-08-20,search,0.1,8,0,0,0,0
120249917976060167,read,2026-08-20,threads_feed,2.69,2926,0,0,0,0
120249918145530167,i10,2026-08-21,an_classic,15.25,560,151,0,0,0
120249918145530167,i10,2026-08-21,facebook_notification,1.14,207,2,0,0,0
120249918145530167,i10,2026-08-21,facebook_profile_feed,0.26,87,1,0,0,0
120249918145530167,i10,2026-08-21,facebook_reels,113.69,34805,165,2,0,0
120249918145530167,i10,2026-08-21,facebook_reels_overlay,11.94,8056,56,0,0,0
120249918145530167,i10,2026-08-21,facebook_stories,119.25,14278,533,4,2,1
120249918145530167,i10,2026-08-21,feed,594.9,204494,1813,3,2,1
120249918145530167,i10,2026-08-21,instagram_explore_grid_home,0.03,18,0,0,0,0
120249918145530167,i10,2026-08-21,instagram_reels,35.45,5487,23,5,5,2
120249918145530167,i10,2026-08-21,instagram_stories,124.84,33753,487,2,0,0
120249918145530167,i10,2026-08-21,instream_video,59.04,9396,258,0,0,0
120249918145530167,i10,2026-08-21,marketplace,2.31,960,8,0,0,0
120249918145530167,i10,2026-08-21,rewarded_video,22.44,886,309,0,0,0
120249918145530167,i10,2026-08-21,search,0.56,125,1,0,0,0
120249918145530167,i10,2026-08-21,threads_feed,5.77,5541,1,0,0,0
120249918145530167,i10,2026-08-21,unknown,0,0,0,0,0,0
120249918145530167,read,2026-08-20,an_classic,5.6,171,50,0,0,0
120249918145530167,read,2026-08-20,facebook_notification,0.18,37,1,0,0,0
120249918145530167,read,2026-08-20,facebook_profile_feed,0.06,24,1,0,0,0
120249918145530167,read,2026-08-20,facebook_reels,38.14,13377,52,2,0,0
120249918145530167,read,2026-08-20,facebook_reels_overlay,6.38,3592,17,0,0,0
120249918145530167,read,2026-08-20,facebook_stories,66.35,9374,310,2,1,1
120249918145530167,read,2026-08-20,feed,336.25,133649,1028,1,0,0
120249918145530167,read,2026-08-20,instagram_explore_grid_home,0,3,0,0,0,0
120249918145530167,read,2026-08-20,instagram_reels,10.55,1785,8,2,2,0
120249918145530167,read,2026-08-20,instagram_stories,64.85,19017,273,0,0,0
120249918145530167,read,2026-08-20,instream_video,34.46,6029,170,0,0,0
120249918145530167,read,2026-08-20,marketplace,0.72,309,2,0,0,0
120249918145530167,read,2026-08-20,rewarded_video,7.18,231,88,0,0,0
120249918145530167,read,2026-08-20,search,0.04,6,0,0,0,0
120249918145530167,read,2026-08-20,threads_feed,2.27,1830,0,0,0,0
120249918145530167,read,2026-08-20,unknown,0,0,0,0,0,0
120249918254160167,i10,2026-08-20,an_classic,1.03,53,14,0,0,0
120249918254160167,i10,2026-08-20,facebook_notification,0.11,34,0,0,0,0
120249918254160167,i10,2026-08-20,facebook_profile_feed,0.09,29,0,0,0,0
120249918254160167,i10,2026-08-20,facebook_reels,30.43,11299,55,3,1,0
120249918254160167,i10,2026-08-20,facebook_reels_overlay,2.48,1487,14,0,0,0
120249918254160167,i10,2026-08-20,facebook_stories,47.34,6939,221,2,0,0
120249918254160167,i10,2026-08-20,feed,334.76,160985,1029,1,0,0
120249918254160167,i10,2026-08-20,instagram_reels,13.08,2577,9,2,3,0
120249918254160167,i10,2026-08-20,instagram_stories,17.17,4312,52,0,0,0
120249918254160167,i10,2026-08-20,instream_video,15.52,2730,87,2,1,2
120249918254160167,i10,2026-08-20,marketplace,0.64,306,1,0,0,0
120249918254160167,i10,2026-08-20,rewarded_video,3.83,162,52,0,0,0
120249918254160167,i10,2026-08-20,search,0.01,4,0,0,0,0
120249918254160167,i10,2026-08-20,threads_feed,3.91,3538,2,0,0,0
120249918254160167,i10,2026-08-20,unknown,0,0,0,0,0,0
120249918254160167,read,2026-08-20,an_classic,1.03,53,14,0,0,0
120249918254160167,read,2026-08-20,facebook_notification,0.11,34,0,0,0,0
120249918254160167,read,2026-08-20,facebook_profile_feed,0.09,29,0,0,0,0
120249918254160167,read,2026-08-20,facebook_reels,30.43,11299,55,3,1,0
120249918254160167,read,2026-08-20,facebook_reels_overlay,2.48,1487,14,0,0,0
120249918254160167,read,2026-08-20,facebook_stories,47.34,6939,221,2,0,0
120249918254160167,read,2026-08-20,feed,334.76,160985,1029,1,0,0
120249918254160167,read,2026-08-20,instagram_reels,13.08,2577,9,2,3,0
120249918254160167,read,2026-08-20,instagram_stories,17.17,4312,52,0,0,0
120249918254160167,read,2026-08-20,instream_video,15.52,2730,87,2,1,2
120249918254160167,read,2026-08-20,marketplace,0.64,306,1,0,0,0
120249918254160167,read,2026-08-20,rewarded_video,3.83,162,52,0,0,0
120249918254160167,read,2026-08-20,search,0.01,4,0,0,0,0
120249918254160167,read,2026-08-20,threads_feed,3.91,3538,2,0,0,0
120249918254160167,read,2026-08-20,unknown,0,0,0,0,0,0
120249918291540167,i10,2026-08-22,an_classic,18.9,1043,262,0,0,0
120249918291540167,i10,2026-08-22,facebook_notification,1.16,231,1,0,0,0
120249918291540167,i10,2026-08-22,facebook_profile_feed,1.24,320,2,0,0,0
120249918291540167,i10,2026-08-22,facebook_reels,267.8,103086,848,13,9,6
120249918291540167,i10,2026-08-22,facebook_reels_overlay,97.1,71259,368,0,0,0
120249918291540167,i10,2026-08-22,facebook_stories,397.02,66382,1478,2,1,0
120249918291540167,i10,2026-08-22,feed,543.54,185620,1339,8,4,3
120249918291540167,i10,2026-08-22,instagram_reels,96.93,20015,56,3,2,1
120249918291540167,i10,2026-08-22,instagram_stories,336.57,86327,1991,0,0,0
120249918291540167,i10,2026-08-22,instream_video,164.04,22639,634,0,0,0
120249918291540167,i10,2026-08-22,marketplace,18.72,8180,51,0,0,0
120249918291540167,i10,2026-08-22,search,1.56,799,3,0,0,0
120249918291540167,i10,2026-08-22,threads_feed,100.46,104559,62,0,0,0
120249918291540167,i10,2026-08-22,unknown,0,0,0,0,0,0
120249918291540167,read,2026-08-20,an_classic,2.38,82,23,0,0,0
120249918291540167,read,2026-08-20,facebook_notification,0.15,10,0,0,0,0
120249918291540167,read,2026-08-20,facebook_profile_feed,0.05,11,0,0,0,0
120249918291540167,read,2026-08-20,facebook_reels,8.65,3687,38,0,0,0
120249918291540167,read,2026-08-20,facebook_reels_overlay,1.79,990,10,0,0,0
120249918291540167,read,2026-08-20,facebook_stories,26.04,4584,86,2,0,0
120249918291540167,read,2026-08-20,feed,59.43,23937,145,0,0,0
120249918291540167,read,2026-08-20,instagram_reels,2.19,342,1,0,0,0
120249918291540167,read,2026-08-20,instagram_stories,83.17,20981,469,0,0,0
120249918291540167,read,2026-08-20,instream_video,9.57,1233,25,0,0,0
120249918291540167,read,2026-08-20,marketplace,0.33,190,3,0,0,0
120249918291540167,read,2026-08-20,search,0.01,3,0,0,0,0
120249918291540167,read,2026-08-20,threads_feed,14.54,15264,11,0,0,0
120249918296230167,i10,2026-08-21,an_classic,14.59,614,192,0,0,0
120249918296230167,i10,2026-08-21,facebook_notification,0.63,164,0,0,0,0
120249918296230167,i10,2026-08-21,facebook_profile_feed,0.7,197,1,0,0,0
120249918296230167,i10,2026-08-21,facebook_reels,136.53,24990,287,14,4,2
120249918296230167,i10,2026-08-21,facebook_reels_overlay,6.43,5099,38,0,0,0
120249918296230167,i10,2026-08-21,facebook_stories,145.83,15560,684,3,2,0
120249918296230167,i10,2026-08-21,feed,270.97,97404,886,4,0,0
120249918296230167,i10,2026-08-21,instagram_explore_grid_home,0,10,0,0,0,0
120249918296230167,i10,2026-08-21,instagram_reels,81.23,11876,111,6,0,0
120249918296230167,i10,2026-08-21,instagram_stories,26.89,7010,132,0,0,0
120249918296230167,i10,2026-08-21,instream_video,86.34,14694,402,1,0,0
120249918296230167,i10,2026-08-21,marketplace,1.13,503,1,0,0,0
120249918296230167,i10,2026-08-21,search,0.97,204,2,0,0,0
120249918296230167,i10,2026-08-21,threads_feed,7.4,7666,4,0,0,0
120249918296230167,i10,2026-08-21,unknown,0,0,0,0,0,0
120249918296230167,read,2026-08-21,an_classic,14.59,614,192,0,0,0
120249918296230167,read,2026-08-21,facebook_notification,0.63,164,0,0,0,0
120249918296230167,read,2026-08-21,facebook_profile_feed,0.7,197,1,0,0,0
120249918296230167,read,2026-08-21,facebook_reels,136.53,24990,287,14,4,2
120249918296230167,read,2026-08-21,facebook_reels_overlay,6.43,5099,38,0,0,0
120249918296230167,read,2026-08-21,facebook_stories,145.83,15560,684,3,2,0
120249918296230167,read,2026-08-21,feed,270.97,97404,886,4,0,0
120249918296230167,read,2026-08-21,instagram_explore_grid_home,0,10,0,0,0,0
120249918296230167,read,2026-08-21,instagram_reels,81.23,11876,111,6,0,0
120249918296230167,read,2026-08-21,instagram_stories,26.89,7010,132,0,0,0
120249918296230167,read,2026-08-21,instream_video,86.34,14694,402,1,0,0
120249918296230167,read,2026-08-21,marketplace,1.13,503,1,0,0,0
120249918296230167,read,2026-08-21,search,0.97,204,2,0,0,0
120249918296230167,read,2026-08-21,threads_feed,7.4,7666,4,0,0,0
120249918296230167,read,2026-08-21,unknown,0,0,0,0,0,0
120249918716020167,read,2026-08-21,an_classic,2.67,113,34,0,0,0
120249918716020167,read,2026-08-21,facebook_notification,0.32,33,0,0,0,0
120249918716020167,read,2026-08-21,facebook_reels,14.56,3972,145,0,0,0
120249918716020167,read,2026-08-21,facebook_stories,12.36,1673,62,0,0,0
120249918716020167,read,2026-08-21,feed,73.75,23469,496,0,0,0
120249918716020167,read,2026-08-21,instagram_reels,23.45,4022,89,0,0,0
120249918716020167,read,2026-08-21,instagram_stories,56.93,13780,482,0,0,0
120249918716020167,read,2026-08-21,instream_video,0.26,40,2,0,0,0
120249918716020167,read,2026-08-21,marketplace,0.07,16,1,0,0,0
120249918716020167,read,2026-08-21,search,0.03,10,0,0,0,0
120249918716020167,read,2026-08-21,unknown,0,0,0,0,0,0
120249918769370167,read,2026-08-24,an_classic,21.08,1598,411,0,0,0
120249918769370167,read,2026-08-24,facebook_notification,0.08,16,0,0,0,0
120249918769370167,read,2026-08-24,facebook_reels,17.1,2497,69,0,0,0
120249918769370167,read,2026-08-24,facebook_reels_overlay,0.87,757,4,0,0,0
120249918769370167,read,2026-08-24,facebook_stories,14.23,1635,64,0,0,0
120249918769370167,read,2026-08-24,feed,28.68,12738,113,0,0,0
120249918769370167,read,2026-08-24,instagram_reels,17.04,2589,32,1,0,0
120249918769370167,read,2026-08-24,instagram_stories,34.17,9168,164,0,0,0
120249918769370167,read,2026-08-24,instream_video,3.94,853,34,0,0,0
120249918769370167,read,2026-08-24,marketplace,0.06,35,0,0,0,0
120249918769370167,read,2026-08-24,search,0.05,21,0,0,0,0
120249918847860167,read,2026-08-22,an_classic,4.21,265,77,0,0,0
120249918847860167,read,2026-08-22,facebook_notification,0.14,19,0,0,0,0
120249918847860167,read,2026-08-22,facebook_reels,18.52,4156,76,0,0,0
120249918847860167,read,2026-08-22,facebook_reels_overlay,1.78,1503,15,0,0,0
120249918847860167,read,2026-08-22,facebook_stories,7.4,815,41,0,0,0
120249918847860167,read,2026-08-22,feed,31.87,12420,203,0,0,0
120249918847860167,read,2026-08-22,instagram_reels,35.43,9176,153,1,1,0
120249918847860167,read,2026-08-22,instagram_stories,31.82,11157,211,1,0,0
120249918847860167,read,2026-08-22,instream_video,2.42,441,16,0,0,0
120249918847860167,read,2026-08-22,marketplace,0.17,89,0,0,0,0
120249918847860167,read,2026-08-22,search,0,3,1,0,0,0
120249918894470167,read,2026-08-23,an_classic,7.37,624,172,0,0,0
120249918894470167,read,2026-08-23,facebook_notification,0.04,8,0,0,0,0
120249918894470167,read,2026-08-23,facebook_reels,10.05,1712,34,0,0,0
120249918894470167,read,2026-08-23,facebook_reels_overlay,3.51,2886,20,0,0,0
120249918894470167,read,2026-08-23,facebook_stories,7.26,756,50,0,0,0
120249918894470167,read,2026-08-23,feed,18.35,6379,83,1,0,0
120249918894470167,read,2026-08-23,instagram_reels,7.73,1125,17,0,0,0
120249918894470167,read,2026-08-23,instagram_stories,13.43,3470,71,0,0,0
120249918894470167,read,2026-08-23,instream_video,12.08,2389,56,0,0,0
120249918894470167,read,2026-08-23,marketplace,0.08,80,0,0,0,0
120249918894470167,read,2026-08-23,rewarded_video,24.4,1919,583,0,0,0
120249918894470167,read,2026-08-23,search,0.2,55,0,0,0,0
120249918980570167,i10,2026-08-21,an_classic,2.83,162,45,0,0,0
120249918980570167,i10,2026-08-21,facebook_notification,0.14,25,0,0,0,0
120249918980570167,i10,2026-08-21,facebook_reels,22.42,6459,123,6,5,1
120249918980570167,i10,2026-08-21,facebook_stories,24.87,3276,125,0,0,0
120249918980570167,i10,2026-08-21,feed,174.8,53006,1664,1,0,0
120249918980570167,i10,2026-08-21,instagram_explore_grid_home,0.03,15,0,0,0,0
120249918980570167,i10,2026-08-21,instagram_reels,45.77,10960,556,4,3,0
120249918980570167,i10,2026-08-21,instagram_stories,55.29,12480,399,5,5,1
120249918980570167,i10,2026-08-21,instream_video,0.53,106,2,0,0,0
120249918980570167,i10,2026-08-21,marketplace,0.06,21,0,0,0,0
120249918980570167,i10,2026-08-21,search,0.02,9,0,0,0,0
120249918980570167,read,2026-08-21,an_classic,2.83,162,45,0,0,0
120249918980570167,read,2026-08-21,facebook_notification,0.14,25,0,0,0,0
120249918980570167,read,2026-08-21,facebook_reels,22.42,6459,123,6,5,1
120249918980570167,read,2026-08-21,facebook_stories,24.87,3276,125,0,0,0
120249918980570167,read,2026-08-21,feed,174.8,53006,1664,1,0,0
120249918980570167,read,2026-08-21,instagram_explore_grid_home,0.03,15,0,0,0,0
120249918980570167,read,2026-08-21,instagram_reels,45.77,10960,556,4,3,0
120249918980570167,read,2026-08-21,instagram_stories,55.29,12480,399,5,5,1
120249918980570167,read,2026-08-21,instream_video,0.53,106,2,0,0,0
120249918980570167,read,2026-08-21,marketplace,0.06,21,0,0,0,0
120249918980570167,read,2026-08-21,search,0.02,9,0,0,0,0
120249919047430167,read,2026-08-23,an_classic,8.19,767,217,0,0,0
120249919047430167,read,2026-08-23,facebook_notification,0.09,19,1,0,0,0
120249919047430167,read,2026-08-23,facebook_reels,40.32,9113,178,1,2,0
120249919047430167,read,2026-08-23,facebook_reels_overlay,0.04,89,1,0,0,0
120249919047430167,read,2026-08-23,facebook_stories,11.46,1343,46,0,0,0
120249919047430167,read,2026-08-23,feed,39.16,10620,153,3,1,1
120249919047430167,read,2026-08-23,instagram_explore_grid_home,0,6,0,0,0,0
120249919047430167,read,2026-08-23,instagram_reels,12.25,2030,41,0,0,0
120249919047430167,read,2026-08-23,instagram_stories,19.06,3420,73,0,0,0
120249919047430167,read,2026-08-23,instream_video,3.02,460,12,0,0,0
120249919047430167,read,2026-08-23,marketplace,0.01,8,0,0,0,0
120249919047430167,read,2026-08-23,rewarded_video,23.33,2254,676,0,0,0
120249919047430167,read,2026-08-23,search,0.43,106,3,0,0,0
120249990578130167,read,2026-08-27,facebook_reels,11.1,2489,38,0,0,0
120249990578130167,read,2026-08-27,facebook_stories,5.05,667,34,2,1,0
120249990578130167,read,2026-08-27,feed,34.54,10554,198,1,1,0
120249990578130167,read,2026-08-27,instagram_explore_grid_home,0.07,18,0,0,0,0
120249990578130167,read,2026-08-27,instagram_reels,40.15,5558,157,0,0,0
120249990578130167,read,2026-08-27,instagram_stories,12.41,2157,82,0,0,0
120249990578130167,read,2026-08-27,instream_video,0.05,7,0,0,0,0
120249990614210167,i10,2026-09-10,an_classic,55.29,9233,2996,1,1,0
120249990614210167,i10,2026-09-10,biz_disco_feed,0,1,0,0,0,0
120249990614210167,i10,2026-09-10,facebook_notification,3.04,429,4,0,0,0
120249990614210167,i10,2026-09-10,facebook_reels,83.86,15693,259,0,0,0
120249990614210167,i10,2026-09-10,facebook_reels_overlay,5.4,4019,28,0,0,0
120249990614210167,i10,2026-09-10,facebook_stories,112.94,10980,519,1,1,2
120249990614210167,i10,2026-09-10,feed,350.61,113826,1715,3,1,0
120249990614210167,i10,2026-09-10,instagram_explore_grid_home,0.7,527,5,0,0,0
120249990614210167,i10,2026-09-10,instagram_reels,228.95,36476,677,1,0,0
120249990614210167,i10,2026-09-10,instagram_stories,422.43,77784,1632,12,9,8
120249990614210167,i10,2026-09-10,instream_video,14.51,1933,100,0,0,0
120249990614210167,i10,2026-09-10,marketplace,10.43,3773,47,0,0,0
120249990614210167,i10,2026-09-10,search,0.77,172,4,0,0,0
120249990614210167,i10,2026-09-10,unknown,0,0,0,0,0,0
120249990614210167,read,2026-08-29,an_classic,10.95,1434,442,0,0,0
120249990614210167,read,2026-08-29,facebook_notification,0.3,40,1,0,0,0
120249990614210167,read,2026-08-29,facebook_reels,14.21,2252,36,0,0,0
120249990614210167,read,2026-08-29,facebook_reels_overlay,3.6,2674,20,0,0,0
120249990614210167,read,2026-08-29,facebook_stories,7.81,780,43,0,0,0
120249990614210167,read,2026-08-29,feed,36.91,13987,256,0,0,0
120249990614210167,read,2026-08-29,instagram_explore_grid_home,0.02,59,2,0,0,0
120249990614210167,read,2026-08-29,instagram_reels,18.47,3324,98,0,0,0
120249990614210167,read,2026-08-29,instagram_stories,29.07,6004,188,0,0,0
120249990614210167,read,2026-08-29,instream_video,1.93,288,14,0,0,0
120249990614210167,read,2026-08-29,marketplace,1.42,441,1,0,0,0
120249990614210167,read,2026-08-29,search,0.11,24,1,0,0,0
120249990690510167,read,2026-08-25,an_classic,3.18,334,93,0,0,0
120249990690510167,read,2026-08-25,facebook_notification,0.01,2,0,0,0,0
120249990690510167,read,2026-08-25,facebook_reels,12.71,2536,18,0,0,0
120249990690510167,read,2026-08-25,facebook_reels_overlay,0.05,11,1,0,0,0
120249990690510167,read,2026-08-25,facebook_stories,5.58,674,27,0,0,0
120249990690510167,read,2026-08-25,feed,29.28,8676,177,0,0,0
120249990690510167,read,2026-08-25,instagram_explore_grid_home,0.04,24,0,0,0,0
120249990690510167,read,2026-08-25,instagram_reels,54.8,12872,615,0,0,0
120249990690510167,read,2026-08-25,instagram_stories,15.81,4579,104,0,0,0
120249990690510167,read,2026-08-25,instream_video,0.44,68,4,0,0,0
120249990690510167,read,2026-08-25,marketplace,0.05,17,0,0,0,0
120249990690510167,read,2026-08-25,rewarded_video,4.82,454,149,0,0,0
120249990690510167,read,2026-08-25,search,0.03,2,0,0,0,0
120249990716300167,read,2026-08-26,an_classic,2.55,257,71,0,0,0
120249990716300167,read,2026-08-26,facebook_notification,0,7,0,0,0,0
120249990716300167,read,2026-08-26,facebook_reels,2.26,805,11,0,0,0
120249990716300167,read,2026-08-26,facebook_stories,1.02,196,4,0,0,0
120249990716300167,read,2026-08-26,feed,50.29,15109,589,0,0,0
120249990716300167,read,2026-08-26,instagram_explore_grid_home,0,2,0,0,0,0
120249990716300167,read,2026-08-26,instagram_reels,86.19,18532,490,1,0,0
120249990716300167,read,2026-08-26,instagram_stories,22.33,5870,166,0,0,0
120249990716300167,read,2026-08-26,instream_video,0.02,3,0,0,0,0
120249990716300167,read,2026-08-26,marketplace,0.02,5,0,0,0,0
120249991414980167,i10,2026-09-01,an_classic,24.45,4127,1315,0,0,0
120249991414980167,i10,2026-09-01,biz_disco_feed,0.02,5,0,0,0,0
120249991414980167,i10,2026-09-01,facebook_notification,2.26,342,10,0,0,0
120249991414980167,i10,2026-09-01,facebook_reels,26.84,4520,84,2,0,0
120249991414980167,i10,2026-09-01,facebook_reels_overlay,8.26,5823,40,0,0,0
120249991414980167,i10,2026-09-01,facebook_stories,5.57,702,28,1,1,1
120249991414980167,i10,2026-09-01,feed,100.84,30785,544,4,3,4
120249991414980167,i10,2026-09-01,instagram_explore_grid_home,0.07,32,0,0,0,0
120249991414980167,i10,2026-09-01,instagram_reels,33.56,6411,122,0,0,0
120249991414980167,i10,2026-09-01,instagram_stories,42.47,12662,183,0,0,0
120249991414980167,i10,2026-09-01,instream_video,5.7,1149,40,0,0,0
120249991414980167,i10,2026-09-01,marketplace,2.52,889,7,0,0,0
120249991414980167,i10,2026-09-01,rewarded_video,105.17,21804,6184,3,1,1
120249991414980167,i10,2026-09-01,search,0.85,204,1,0,0,0
120249991414980167,i10,2026-09-01,unknown,0,0,0,0,0,0
120249991414980167,read,2026-08-30,an_classic,11.6,1748,532,0,0,0
120249991414980167,read,2026-08-30,biz_disco_feed,0.01,1,0,0,0,0
120249991414980167,read,2026-08-30,facebook_notification,0.36,56,0,0,0,0
120249991414980167,read,2026-08-30,facebook_reels,14.19,2568,50,0,0,0
120249991414980167,read,2026-08-30,facebook_reels_overlay,1.86,1422,12,0,0,0
120249991414980167,read,2026-08-30,facebook_stories,3.36,469,18,0,0,0
120249991414980167,read,2026-08-30,feed,36.08,14048,221,1,2,2
120249991414980167,read,2026-08-30,instagram_explore_grid_home,0.03,14,0,0,0,0
120249991414980167,read,2026-08-30,instagram_reels,9.57,1581,31,0,0,0
120249991414980167,read,2026-08-30,instagram_stories,20.32,6486,92,0,0,0
120249991414980167,read,2026-08-30,instream_video,4.01,809,30,0,0,0
120249991414980167,read,2026-08-30,marketplace,0.19,68,1,0,0,0
120249991414980167,read,2026-08-30,rewarded_video,47.67,9468,2689,0,0,0
120249991414980167,read,2026-08-30,search,0.17,53,0,0,0,0
120249991458770167,read,2026-08-26,an_classic,1.7,192,59,0,0,0
120249991458770167,read,2026-08-26,facebook_notification,0,1,0,0,0,0
120249991458770167,read,2026-08-26,facebook_reels,60.02,15777,689,1,0,0
120249991458770167,read,2026-08-26,facebook_stories,2.38,283,9,0,0,0
120249991458770167,read,2026-08-26,feed,20.78,6340,117,2,1,1
120249991458770167,read,2026-08-26,instagram_explore_grid_home,0,3,0,0,0,0
120249991458770167,read,2026-08-26,instagram_reels,26.24,4631,96,1,1,1
120249991458770167,read,2026-08-26,instagram_stories,8.69,1682,36,0,0,0
120249991458770167,read,2026-08-26,instream_video,0.13,18,0,0,0,0
120249991458770167,read,2026-08-26,marketplace,0.01,1,0,0,0,0
120249991458770167,read,2026-08-26,search,0.09,2,1,0,0,0
120249991458770167,read,2026-08-26,unknown,0,0,0,0,0,0
120249992156470167,read,2026-08-27,facebook_reels,3.23,1031,25,0,0,0
120249992156470167,read,2026-08-27,facebook_stories,0.85,105,2,0,0,0
120249992156470167,read,2026-08-27,feed,22.05,6002,224,0,0,0
120249992156470167,read,2026-08-27,instagram_explore_grid_home,0.02,22,0,0,0,0
120249992156470167,read,2026-08-27,instagram_reels,76.76,18198,1223,1,0,0
120249992156470167,read,2026-08-27,instagram_stories,20.69,4206,151,1,0,0
120249992156470167,read,2026-08-27,unknown,0,0,0,0,0,0
120249992189790167,read,2026-08-28,facebook_reels,18.11,5540,307,0,0,0
120249992189790167,read,2026-08-28,facebook_stories,0.95,122,6,0,0,0
120249992189790167,read,2026-08-28,feed,12.1,3998,123,0,0,0
120249992189790167,read,2026-08-28,instagram_explore_grid_home,0.09,38,3,0,0,0
120249992189790167,read,2026-08-28,instagram_reels,62.99,15190,935,0,0,0
120249992189790167,read,2026-08-28,instagram_stories,13.21,3110,133,0,0,0
120249992226780167,read,2026-08-27,facebook_reels,3.09,674,18,0,0,0
120249992226780167,read,2026-08-27,facebook_stories,0.37,62,1,0,0,0
120249992226780167,read,2026-08-27,feed,7.56,3227,74,0,0,0
120249992226780167,read,2026-08-27,instagram_reels,46.21,9555,275,2,0,0
120249992226780167,read,2026-08-27,instagram_stories,83.98,29605,904,0,0,0
120249992226780167,read,2026-08-27,unknown,0,0,0,0,0,0
120249992335170167,read,2026-08-26,facebook_reels,19.92,6031,118,0,0,0
120249992335170167,read,2026-08-26,facebook_stories,3.94,609,28,0,0,0
120249992335170167,read,2026-08-26,feed,71.29,20768,835,0,0,0
120249992335170167,read,2026-08-26,instagram_explore_grid_home,0.01,5,0,0,0,0
120249992335170167,read,2026-08-26,instagram_reels,94.96,20027,911,4,1,1
120249992335170167,read,2026-08-26,instagram_stories,18.32,3295,139,1,0,0
120249992335170167,read,2026-08-26,instream_video,0.02,2,0,0,0,0
120249992963230167,read,2026-08-28,an_classic,12.4,1762,510,0,0,0
120249992963230167,read,2026-08-28,facebook_notification,0.02,4,0,0,0,0
120249992963230167,read,2026-08-28,facebook_reels,27.71,5870,232,0,0,0
120249992963230167,read,2026-08-28,facebook_reels_overlay,0.02,3,0,0,0,0
120249992963230167,read,2026-08-28,facebook_stories,7.49,1001,33,0,0,0
120249992963230167,read,2026-08-28,feed,57.29,21762,247,0,0,0
120249992963230167,read,2026-08-28,instagram_explore_grid_home,0.03,13,0,0,0,0
120249992963230167,read,2026-08-28,instagram_reels,8.06,882,17,2,0,0
120249992963230167,read,2026-08-28,instagram_stories,17.34,3027,81,2,0,0
120249992963230167,read,2026-08-28,instream_video,0.61,117,8,0,0,0
120249992963230167,read,2026-08-28,marketplace,0,2,0,0,0,0
120249992963230167,read,2026-08-28,search,0.36,56,1,0,0,0
120249993034910167,read,2026-08-29,an_classic,12.7,2047,617,0,0,0
120249993034910167,read,2026-08-29,facebook_notification,0.05,11,0,0,0,0
120249993034910167,read,2026-08-29,facebook_reels,14.11,3342,43,0,0,0
120249993034910167,read,2026-08-29,facebook_reels_overlay,0.02,11,0,0,0,0
120249993034910167,read,2026-08-29,facebook_stories,7.37,833,25,0,0,0
120249993034910167,read,2026-08-29,feed,59.13,24152,255,0,0,0
120249993034910167,read,2026-08-29,instagram_explore_grid_home,0.01,2,0,0,0,0
120249993034910167,read,2026-08-29,instagram_reels,20.41,2617,42,0,0,0
120249993034910167,read,2026-08-29,instagram_stories,30.79,8797,165,0,0,0
120249993034910167,read,2026-08-29,instream_video,0.46,69,2,0,0,0
120249993034910167,read,2026-08-29,marketplace,0.07,18,0,0,0,0
120249993034910167,read,2026-08-29,rewarded_video,53.67,10680,3233,0,1,2
120249993034910167,read,2026-08-29,search,0.24,44,0,0,0,0
120249993034910167,read,2026-08-29,unknown,0,0,0,0,0,0
120250094596930167,i10,2026-09-01,an_classic,2.47,332,100,0,0,0
120250094596930167,i10,2026-09-01,facebook_notification,0.32,66,0,0,0,0
120250094596930167,i10,2026-09-01,facebook_reels,12.21,3443,92,2,0,0
120250094596930167,i10,2026-09-01,facebook_reels_overlay,0.01,3,0,0,0,0
120250094596930167,i10,2026-09-01,facebook_stories,11.12,1580,85,0,0,0
120250094596930167,i10,2026-09-01,feed,89.8,29771,951,3,2,1
120250094596930167,i10,2026-09-01,instagram_explore_grid_home,0.02,58,0,0,0,0
120250094596930167,i10,2026-09-01,instagram_reels,82.6,17987,685,8,4,1
120250094596930167,i10,2026-09-01,instagram_stories,114.62,31760,1029,2,0,0
120250094596930167,i10,2026-09-01,instream_video,1.86,340,15,0,0,0
120250094596930167,i10,2026-09-01,marketplace,0.44,147,2,0,0,0
120250094596930167,i10,2026-09-01,search,0.13,27,0,0,0,0
120250094596930167,read,2026-09-01,an_classic,2.47,332,100,0,0,0
120250094596930167,read,2026-09-01,facebook_notification,0.32,66,0,0,0,0
120250094596930167,read,2026-09-01,facebook_reels,12.21,3443,92,2,0,0
120250094596930167,read,2026-09-01,facebook_reels_overlay,0.01,3,0,0,0,0
120250094596930167,read,2026-09-01,facebook_stories,11.12,1580,85,0,0,0
120250094596930167,read,2026-09-01,feed,89.8,29771,951,3,2,1
120250094596930167,read,2026-09-01,instagram_explore_grid_home,0.02,58,0,0,0,0
120250094596930167,read,2026-09-01,instagram_reels,82.6,17987,685,8,4,1
120250094596930167,read,2026-09-01,instagram_stories,114.62,31760,1029,2,0,0
120250094596930167,read,2026-09-01,instream_video,1.86,340,15,0,0,0
120250094596930167,read,2026-09-01,marketplace,0.44,147,2,0,0,0
120250094596930167,read,2026-09-01,search,0.13,27,0,0,0,0
120250112779340167,i10,2026-09-02,an_classic,12.29,1382,440,2,0,0
120250112779340167,i10,2026-09-02,biz_disco_feed,0,1,0,0,0,0
120250112779340167,i10,2026-09-02,facebook_notification,0.02,10,0,0,0,0
120250112779340167,i10,2026-09-02,facebook_profile_feed,0.12,28,0,0,0,0
120250112779340167,i10,2026-09-02,facebook_reels,33.45,7783,71,3,0,0
120250112779340167,i10,2026-09-02,facebook_reels_overlay,0.21,141,2,0,0,0
120250112779340167,i10,2026-09-02,facebook_stories,15.56,1923,91,0,0,0
120250112779340167,i10,2026-09-02,feed,44.6,13491,178,5,1,0
120250112779340167,i10,2026-09-02,instagram_explore_grid_home,0,7,0,0,0,0
120250112779340167,i10,2026-09-02,instagram_reels,33.42,6005,32,1,0,0
120250112779340167,i10,2026-09-02,instagram_stories,22.77,4902,93,0,0,0
120250112779340167,i10,2026-09-02,instream_video,11.63,1769,67,0,0,0
120250112779340167,i10,2026-09-02,marketplace,0.53,207,1,0,0,0
120250112779340167,i10,2026-09-02,search,1.19,197,2,0,0,0
120250112779340167,i10,2026-09-02,threads_feed,1.17,1006,1,0,0,0
120250112779340167,read,2026-09-02,an_classic,12.29,1382,440,2,0,0
120250112779340167,read,2026-09-02,biz_disco_feed,0,1,0,0,0,0
120250112779340167,read,2026-09-02,facebook_notification,0.02,10,0,0,0,0
120250112779340167,read,2026-09-02,facebook_profile_feed,0.12,28,0,0,0,0
120250112779340167,read,2026-09-02,facebook_reels,33.45,7783,71,3,0,0
120250112779340167,read,2026-09-02,facebook_reels_overlay,0.21,141,2,0,0,0
120250112779340167,read,2026-09-02,facebook_stories,15.56,1923,91,0,0,0
120250112779340167,read,2026-09-02,feed,44.6,13491,178,5,1,0
120250112779340167,read,2026-09-02,instagram_explore_grid_home,0,7,0,0,0,0
120250112779340167,read,2026-09-02,instagram_reels,33.42,6005,32,1,0,0
120250112779340167,read,2026-09-02,instagram_stories,22.77,4902,93,0,0,0
120250112779340167,read,2026-09-02,instream_video,11.63,1769,67,0,0,0
120250112779340167,read,2026-09-02,marketplace,0.53,207,1,0,0,0
120250112779340167,read,2026-09-02,search,1.19,197,2,0,0,0
120250112779340167,read,2026-09-02,threads_feed,1.17,1006,1,0,0,0
120250114976680167,i10,2026-09-02,an_classic,2.91,224,52,0,0,0
120250114976680167,i10,2026-09-02,facebook_notification,0,5,0,0,0,0
120250114976680167,i10,2026-09-02,facebook_reels,30.42,6960,42,1,1,0
120250114976680167,i10,2026-09-02,facebook_reels_overlay,0.37,260,2,0,0,0
120250114976680167,i10,2026-09-02,facebook_stories,50.49,7453,270,2,2,1
120250114976680167,i10,2026-09-02,feed,141.83,56525,472,5,1,1
120250114976680167,i10,2026-09-02,instagram_explore_grid_home,0.02,11,1,0,0,0
120250114976680167,i10,2026-09-02,instagram_reels,25.74,3597,20,1,1,0
120250114976680167,i10,2026-09-02,instagram_stories,93.71,27586,381,1,0,0
120250114976680167,i10,2026-09-02,instream_video,19.3,3752,85,0,0,0
120250114976680167,i10,2026-09-02,marketplace,1.03,397,4,0,0,0
120250114976680167,i10,2026-09-02,search,0.16,23,0,0,0,0
120250114976680167,i10,2026-09-02,threads_feed,1,746,0,0,0,0
120250114976680167,i10,2026-09-02,unknown,0,0,0,0,0,0
120250114976680167,read,2026-09-02,an_classic,2.91,224,52,0,0,0
120250114976680167,read,2026-09-02,facebook_notification,0,5,0,0,0,0
120250114976680167,read,2026-09-02,facebook_reels,30.42,6960,42,1,1,0
120250114976680167,read,2026-09-02,facebook_reels_overlay,0.37,260,2,0,0,0
120250114976680167,read,2026-09-02,facebook_stories,50.49,7453,270,2,2,1
120250114976680167,read,2026-09-02,feed,141.83,56525,472,5,1,1
120250114976680167,read,2026-09-02,instagram_explore_grid_home,0.02,11,1,0,0,0
120250114976680167,read,2026-09-02,instagram_reels,25.74,3597,20,1,1,0
120250114976680167,read,2026-09-02,instagram_stories,93.71,27586,381,1,0,0
120250114976680167,read,2026-09-02,instream_video,19.3,3752,85,0,0,0
120250114976680167,read,2026-09-02,marketplace,1.03,397,4,0,0,0
120250114976680167,read,2026-09-02,search,0.16,23,0,0,0,0
120250114976680167,read,2026-09-02,threads_feed,1,746,0,0,0,0
120250114976680167,read,2026-09-02,unknown,0,0,0,0,0,0
120250114976980167,read,2026-09-03,an_classic,9.83,1575,357,0,0,0
120250114976980167,read,2026-09-03,facebook_notification,0,2,0,0,0,0
120250114976980167,read,2026-09-03,facebook_profile_feed,0.01,11,0,0,0,0
120250114976980167,read,2026-09-03,facebook_reels,1.64,589,2,0,0,0
120250114976980167,read,2026-09-03,facebook_reels_overlay,0.57,529,2,0,0,0
120250114976980167,read,2026-09-03,facebook_stories,6.37,1805,16,0,0,0
120250114976980167,read,2026-09-03,feed,47.16,21772,134,0,0,0
120250114976980167,read,2026-09-03,instagram_reels,5.98,1912,21,0,0,0
120250114976980167,read,2026-09-03,instagram_stories,45.16,12190,117,0,0,0
120250114976980167,read,2026-09-03,instream_video,4.03,600,22,0,0,0
120250114976980167,read,2026-09-03,marketplace,0.44,444,1,0,0,0
120250114976980167,read,2026-09-03,search,0.03,7,0,0,0,0
120250114976980167,read,2026-09-03,threads_feed,24.18,38567,83,0,0,0
120250114977080167,read,2026-09-02,an_classic,3.47,470,85,0,0,0
120250114977080167,read,2026-09-02,facebook_notification,0,3,0,0,0,0
120250114977080167,read,2026-09-02,facebook_profile_feed,0.01,5,0,0,0,0
120250114977080167,read,2026-09-02,facebook_reels,0.52,154,0,0,0,0
120250114977080167,read,2026-09-02,facebook_reels_overlay,0.08,86,1,0,0,0
120250114977080167,read,2026-09-02,facebook_stories,1.86,575,5,0,0,0
120250114977080167,read,2026-09-02,feed,49.31,30777,169,0,0,0
120250114977080167,read,2026-09-02,instagram_reels,1.7,584,4,0,0,0
120250114977080167,read,2026-09-02,instagram_stories,51.27,15961,173,0,0,0
120250114977080167,read,2026-09-02,instream_video,1.22,197,6,0,0,0
120250114977080167,read,2026-09-02,marketplace,0.09,151,0,0,0,0
120250114977080167,read,2026-09-02,search,0,6,0,0,0,0
120250114977080167,read,2026-09-02,threads_feed,36.41,67875,122,0,0,0
120250114986240167,i10,2026-09-04,an_classic,13.22,2768,903,1,0,0
120250114986240167,i10,2026-09-04,facebook_notification,0.16,38,0,0,0,0
120250114986240167,i10,2026-09-04,facebook_reels,337.9,69701,513,19,14,5
120250114986240167,i10,2026-09-04,facebook_reels_overlay,1.77,1214,12,0,0,0
120250114986240167,i10,2026-09-04,facebook_stories,140.68,15014,513,4,2,2
120250114986240167,i10,2026-09-04,feed,401.73,90777,1233,13,6,4
120250114986240167,i10,2026-09-04,instagram_explore_grid_home,0.02,33,0,0,0,0
120250114986240167,i10,2026-09-04,instagram_reels,135.21,22990,65,2,2,0
120250114986240167,i10,2026-09-04,instagram_stories,53.6,9536,117,2,0,0
120250114986240167,i10,2026-09-04,instream_video,6.96,1148,27,0,0,0
120250114986240167,i10,2026-09-04,marketplace,1.45,625,5,0,0,0
120250114986240167,i10,2026-09-04,search,0.5,56,1,0,0,0
120250114986240167,i10,2026-09-04,threads_feed,12.78,8231,8,1,2,2
120250114986240167,i10,2026-09-04,unknown,0,0,0,0,0,0
120250114986240167,read,2026-09-02,an_classic,0.55,33,7,0,0,0
120250114986240167,read,2026-09-02,facebook_notification,0,1,0,0,0,0
120250114986240167,read,2026-09-02,facebook_reels,56.55,11246,79,5,2,3
120250114986240167,read,2026-09-02,facebook_reels_overlay,0.01,7,0,0,0,0
120250114986240167,read,2026-09-02,facebook_stories,9.69,936,23,1,0,0
120250114986240167,read,2026-09-02,feed,67.78,12971,175,1,0,0
120250114986240167,read,2026-09-02,instagram_explore_grid_home,0,1,0,0,0,0
120250114986240167,read,2026-09-02,instagram_reels,19.77,3487,15,0,0,0
120250114986240167,read,2026-09-02,instagram_stories,11.42,2186,30,0,0,0
120250114986240167,read,2026-09-02,instream_video,1.03,153,3,0,0,0
120250114986240167,read,2026-09-02,marketplace,0.12,46,1,0,0,0
120250114986240167,read,2026-09-02,search,0,2,0,0,0,0
120250114986240167,read,2026-09-02,threads_feed,0.32,261,0,0,0,0
120250114986290167,read,2026-09-02,an_classic,1.93,133,29,0,0,0
120250114986290167,read,2026-09-02,facebook_notification,0,1,0,0,0,0
120250114986290167,read,2026-09-02,facebook_profile_feed,0.06,11,0,0,0,0
120250114986290167,read,2026-09-02,facebook_reels,53.15,12271,116,1,0,0
120250114986290167,read,2026-09-02,facebook_reels_overlay,0.02,12,0,0,0,0
120250114986290167,read,2026-09-02,facebook_stories,9.18,1102,50,0,0,0
120250114986290167,read,2026-09-02,feed,59.4,17274,268,1,0,1
120250114986290167,read,2026-09-02,instagram_reels,40.18,8046,27,2,0,1
120250114986290167,read,2026-09-02,instagram_stories,11.47,2728,32,0,0,0
120250114986290167,read,2026-09-02,instream_video,0.39,91,1,0,0,0
120250114986290167,read,2026-09-02,marketplace,0.18,61,0,0,0,0
120250114986290167,read,2026-09-02,search,0.04,2,0,0,0,0
120250114986290167,read,2026-09-02,threads_feed,0.55,385,0,0,0,0
120250114986290167,read,2026-09-02,unknown,0,0,0,0,0,0
120250115000200167,i10,2026-09-02,an_classic,2.19,204,63,0,0,0
120250115000200167,i10,2026-09-02,facebook_notification,0.13,37,1,0,0,0
120250115000200167,i10,2026-09-02,facebook_reels,353.47,81550,628,26,14,3
120250115000200167,i10,2026-09-02,facebook_reels_overlay,0.65,303,3,0,0,0
120250115000200167,i10,2026-09-02,facebook_stories,89.94,10482,330,0,0,0
120250115000200167,i10,2026-09-02,feed,409.77,118894,1563,9,3,1
120250115000200167,i10,2026-09-02,instagram_explore_grid_home,0,11,0,0,0,0
120250115000200167,i10,2026-09-02,instagram_reels,197.65,38150,136,9,3,5
120250115000200167,i10,2026-09-02,instagram_stories,150.61,34055,421,3,2,0
120250115000200167,i10,2026-09-02,instream_video,7.47,1294,36,0,0,0
120250115000200167,i10,2026-09-02,marketplace,1.87,691,5,0,0,0
120250115000200167,i10,2026-09-02,search,0.11,16,1,0,0,0
120250115000200167,i10,2026-09-02,threads_feed,4.08,2606,1,0,0,0
120250115000200167,i10,2026-09-02,unknown,0,0,0,0,0,0
120250115000200167,read,2026-09-02,an_classic,2.19,204,63,0,0,0
120250115000200167,read,2026-09-02,facebook_notification,0.13,37,1,0,0,0
120250115000200167,read,2026-09-02,facebook_reels,353.47,81550,628,26,14,3
120250115000200167,read,2026-09-02,facebook_reels_overlay,0.65,303,3,0,0,0
120250115000200167,read,2026-09-02,facebook_stories,89.94,10482,330,0,0,0
120250115000200167,read,2026-09-02,feed,409.77,118894,1563,9,3,1
120250115000200167,read,2026-09-02,instagram_explore_grid_home,0,11,0,0,0,0
120250115000200167,read,2026-09-02,instagram_reels,197.65,38150,136,9,3,5
120250115000200167,read,2026-09-02,instagram_stories,150.61,34055,421,3,2,0
120250115000200167,read,2026-09-02,instream_video,7.47,1294,36,0,0,0
120250115000200167,read,2026-09-02,marketplace,1.87,691,5,0,0,0
120250115000200167,read,2026-09-02,search,0.11,16,1,0,0,0
120250115000200167,read,2026-09-02,threads_feed,4.08,2606,1,0,0,0
120250115000200167,read,2026-09-02,unknown,0,0,0,0,0,0
120250211380190167,read,2026-09-07,an_classic,0.17,33,10,0,0,0
120250211380190167,read,2026-09-07,biz_disco_feed,0.01,2,0,0,0,0
120250211380190167,read,2026-09-07,facebook_notification,0.01,10,0,0,0,0
120250211380190167,read,2026-09-07,facebook_reels,4.11,691,16,0,0,0
120250211380190167,read,2026-09-07,facebook_reels_overlay,0.59,495,1,0,0,0
120250211380190167,read,2026-09-07,facebook_stories,20.11,2025,86,0,0,0
120250211380190167,read,2026-09-07,feed,17.68,4574,92,0,0,0
120250211380190167,read,2026-09-07,instagram_explore_grid_home,0.09,67,0,0,0,0
120250211380190167,read,2026-09-07,instagram_reels,15.12,1773,75,0,0,0
120250211380190167,read,2026-09-07,instagram_stories,46.53,9939,222,2,2,2
120250211380190167,read,2026-09-07,instream_video,3.23,480,22,0,0,0
120250211380190167,read,2026-09-07,marketplace,1.71,792,5,0,0,0
120250211380190167,read,2026-09-07,search,0.17,36,0,0,0,0
120250211383450167,read,2026-09-07,an_classic,1.82,299,94,0,0,0
120250211383450167,read,2026-09-07,facebook_notification,0.02,3,0,0,0,0
120250211383450167,read,2026-09-07,facebook_reels,89.44,19603,971,0,0,0
120250211383450167,read,2026-09-07,facebook_reels_overlay,0.01,2,0,0,0,0
120250211383450167,read,2026-09-07,facebook_stories,18.88,1740,80,0,0,0
120250211383450167,read,2026-09-07,feed,34.84,8659,226,3,2,2
120250211383450167,read,2026-09-07,instagram_explore_grid_home,0,2,0,0,0,0
120250211383450167,read,2026-09-07,instagram_reels,12.71,2031,101,0,0,0
120250211383450167,read,2026-09-07,instagram_stories,35.89,5760,170,1,0,0
120250211383450167,read,2026-09-07,instream_video,0.07,12,1,0,0,0
120250211383450167,read,2026-09-07,marketplace,0.01,3,0,0,0,0
120250211383450167,read,2026-09-07,search,0,1,0,0,0,0
120250211394320167,i10,2026-09-11,an_classic,34.38,6083,1943,1,0,0
120250211394320167,i10,2026-09-11,facebook_notification,1.24,212,1,0,0,0
120250211394320167,i10,2026-09-11,facebook_reels,16.89,3756,67,0,0,0
120250211394320167,i10,2026-09-11,facebook_reels_overlay,0.35,340,4,0,0,0
120250211394320167,i10,2026-09-11,facebook_stories,373.17,34865,1470,4,4,0
120250211394320167,i10,2026-09-11,feed,445.38,126002,2243,2,0,1
120250211394320167,i10,2026-09-11,instagram_explore_grid_home,0.11,53,1,0,0,0
120250211394320167,i10,2026-09-11,instagram_reels,21.15,3104,85,2,2,0
120250211394320167,i10,2026-09-11,instagram_stories,113.58,23476,513,1,0,0
120250211394320167,i10,2026-09-11,instream_video,7.11,892,23,0,0,0
120250211394320167,i10,2026-09-11,marketplace,0.74,325,3,0,0,0
120250211394320167,i10,2026-09-11,rewarded_video,111.99,28841,8557,0,6,2
120250211394320167,i10,2026-09-11,search,0.7,80,1,0,0,0
120250211394320167,i10,2026-09-11,unknown,0,0,0,0,0,0
120250211394320167,read,2026-09-07,an_classic,7.66,1262,386,0,0,0
120250211394320167,read,2026-09-07,facebook_notification,0.22,43,0,0,0,0
120250211394320167,read,2026-09-07,facebook_reels,8.61,1944,32,0,0,0
120250211394320167,read,2026-09-07,facebook_reels_overlay,0.16,138,3,0,0,0
120250211394320167,read,2026-09-07,facebook_stories,102.09,9901,457,1,0,0
120250211394320167,read,2026-09-07,feed,121.43,36605,667,1,0,1
120250211394320167,read,2026-09-07,instagram_explore_grid_home,0.01,15,0,0,0,0
120250211394320167,read,2026-09-07,instagram_reels,8.44,1152,21,2,2,0
120250211394320167,read,2026-09-07,instagram_stories,39.3,7867,183,0,0,0
120250211394320167,read,2026-09-07,instream_video,2.37,327,8,0,0,0
120250211394320167,read,2026-09-07,marketplace,0.3,97,1,0,0,0
120250211394320167,read,2026-09-07,rewarded_video,29.9,6515,1900,0,0,0
120250211394320167,read,2026-09-07,search,0.32,23,0,0,0,0
120250211406300167,read,2026-09-07,an_classic,0.31,57,17,0,0,0
120250211406300167,read,2026-09-07,facebook_notification,0,3,0,0,0,0
120250211406300167,read,2026-09-07,facebook_reels,32.03,5436,65,2,1,0
120250211406300167,read,2026-09-07,facebook_reels_overlay,0.01,35,0,0,0,0
120250211406300167,read,2026-09-07,facebook_stories,8.18,1038,44,1,1,0
120250211406300167,read,2026-09-07,feed,60.53,11794,275,3,2,0
120250211406300167,read,2026-09-07,instagram_explore_grid_home,0,4,0,0,0,0
120250211406300167,read,2026-09-07,instagram_reels,17.8,2253,10,1,0,1
120250211406300167,read,2026-09-07,instagram_stories,2.66,308,3,0,0,0
120250211406300167,read,2026-09-07,instream_video,0.9,199,7,0,0,0
120250211406300167,read,2026-09-07,marketplace,0.06,26,0,0,0,0
120250211406300167,read,2026-09-07,search,0.14,23,1,0,0,0
120250211406300167,read,2026-09-07,threads_feed,2.41,852,3,0,0,0
120250212023880167,i10,2026-09-07,facebook_reels,11.33,1798,22,0,0,0
120250212023880167,i10,2026-09-07,facebook_stories,16.74,1754,66,0,0,0
120250212023880167,i10,2026-09-07,feed,56.97,9580,229,3,1,1
120250212023880167,i10,2026-09-07,instagram_explore_grid_home,0.19,142,4,0,0,0
120250212023880167,i10,2026-09-07,instagram_reels,238.1,33390,1528,5,2,5
120250212023880167,i10,2026-09-07,instagram_stories,228.7,35092,1071,8,3,1
120250212023880167,i10,2026-09-07,instream_video,0.01,3,0,0,0,0
120250212023880167,read,2026-09-07,facebook_reels,11.33,1798,22,0,0,0
120250212023880167,read,2026-09-07,facebook_stories,16.74,1754,66,0,0,0
120250212023880167,read,2026-09-07,feed,56.97,9580,229,3,1,1
120250212023880167,read,2026-09-07,instagram_explore_grid_home,0.19,142,4,0,0,0
120250212023880167,read,2026-09-07,instagram_reels,238.1,33390,1528,5,2,5
120250212023880167,read,2026-09-07,instagram_stories,228.7,35092,1071,8,3,1
120250212023880167,read,2026-09-07,instream_video,0.01,3,0,0,0,0
120250212038440167,read,2026-09-06,facebook_reels,11.29,2274,37,0,0,0
120250212038440167,read,2026-09-06,facebook_stories,5.66,656,21,0,0,0
120250212038440167,read,2026-09-06,feed,18.74,4954,113,0,0,0
120250212038440167,read,2026-09-06,instagram_explore_grid_home,0.02,3,0,0,0,0
120250212038440167,read,2026-09-06,instagram_reels,54.66,9169,157,2,0,1
120250212038440167,read,2026-09-06,instagram_stories,49.01,12819,251,0,0,0
120250212038440167,read,2026-09-06,instream_video,0.08,1,1,0,0,0
120250212055790167,read,2026-09-07,an_classic,14.56,2540,755,0,0,0
120250212055790167,read,2026-09-07,facebook_notification,0.05,10,0,0,0,0
120250212055790167,read,2026-09-07,facebook_reels,18.47,3235,86,0,0,0
120250212055790167,read,2026-09-07,facebook_reels_overlay,0,15,0,0,0,0
120250212055790167,read,2026-09-07,facebook_stories,30.29,3623,130,0,0,0
120250212055790167,read,2026-09-07,feed,41.82,11469,270,1,2,0
120250212055790167,read,2026-09-07,instagram_explore_grid_home,0.03,41,1,0,0,0
120250212055790167,read,2026-09-07,instagram_reels,60.93,10010,280,2,3,0
120250212055790167,read,2026-09-07,instagram_stories,69.22,15040,314,0,0,0
120250212055790167,read,2026-09-07,instream_video,0.22,31,2,0,0,0
120250212055790167,read,2026-09-07,marketplace,0.03,18,0,0,0,0
120250212055790167,read,2026-09-07,search,0,1,0,0,0,0
120250212082910167,i10,2026-09-07,an_classic,13.91,2949,936,0,0,0
120250212082910167,i10,2026-09-07,facebook_notification,0,1,0,0,0,0
120250212082910167,i10,2026-09-07,facebook_reels,23.12,4361,40,0,0,0
120250212082910167,i10,2026-09-07,facebook_reels_overlay,0,1,0,0,0,0
120250212082910167,i10,2026-09-07,facebook_stories,8.46,851,39,0,0,0
120250212082910167,i10,2026-09-07,feed,24.05,6278,134,0,0,0
120250212082910167,i10,2026-09-07,instagram_explore_grid_home,0.13,74,1,0,0,0
120250212082910167,i10,2026-09-07,instagram_reels,104.13,18728,401,10,6,5
120250212082910167,i10,2026-09-07,instagram_stories,41.71,9573,245,0,1,0
120250212082910167,i10,2026-09-07,instream_video,0.3,42,2,0,0,0
120250212082910167,i10,2026-09-07,marketplace,0.03,15,0,0,0,0
120250212082910167,i10,2026-09-07,search,0.02,3,0,0,0,0
120250212082910167,read,2026-09-07,an_classic,13.91,2949,936,0,0,0
120250212082910167,read,2026-09-07,facebook_notification,0,1,0,0,0,0
120250212082910167,read,2026-09-07,facebook_reels,23.12,4361,40,0,0,0
120250212082910167,read,2026-09-07,facebook_reels_overlay,0,1,0,0,0,0
120250212082910167,read,2026-09-07,facebook_stories,8.46,851,39,0,0,0
120250212082910167,read,2026-09-07,feed,24.05,6278,134,0,0,0
120250212082910167,read,2026-09-07,instagram_explore_grid_home,0.13,74,1,0,0,0
120250212082910167,read,2026-09-07,instagram_reels,104.13,18728,401,10,6,5
120250212082910167,read,2026-09-07,instagram_stories,41.71,9573,245,0,1,0
120250212082910167,read,2026-09-07,instream_video,0.3,42,2,0,0,0
120250212082910167,read,2026-09-07,marketplace,0.03,15,0,0,0,0
120250212082910167,read,2026-09-07,search,0.02,3,0,0,0,0
120250308343730167,i10,2026-09-14,an_classic,8.89,1245,364,0,0,1
120250308343730167,i10,2026-09-14,facebook_notification,0.01,3,0,0,0,0
120250308343730167,i10,2026-09-14,facebook_reels,97.81,18890,100,0,0,0
120250308343730167,i10,2026-09-14,facebook_reels_overlay,0.05,10,0,0,0,0
120250308343730167,i10,2026-09-14,facebook_stories,161.03,16368,839,9,6,3
120250308343730167,i10,2026-09-14,feed,119.5,34907,445,3,1,3
120250308343730167,i10,2026-09-14,instagram_reels,37.75,6495,15,3,3,0
120250308343730167,i10,2026-09-14,instagram_stories,70.87,12549,169,1,1,0
120250308343730167,i10,2026-09-14,instream_video,3.9,281,7,0,0,0
120250308343730167,i10,2026-09-14,marketplace,0.55,230,6,0,0,0
120250308343730167,i10,2026-09-14,rewarded_video,23.66,2588,795,0,0,0
120250308343730167,i10,2026-09-14,search,0.06,11,0,0,0,0
120250308343730167,i10,2026-09-14,threads_feed,2.35,1383,0,0,0,0
120250308343730167,i10,2026-09-14,unknown,84.32,15255,731,0,0,0
120250308343730167,read,2026-09-14,an_classic,8.89,1245,364,0,0,1
120250308343730167,read,2026-09-14,facebook_notification,0.01,3,0,0,0,0
120250308343730167,read,2026-09-14,facebook_reels,97.81,18890,100,0,0,0
120250308343730167,read,2026-09-14,facebook_reels_overlay,0.05,10,0,0,0,0
120250308343730167,read,2026-09-14,facebook_stories,161.03,16368,839,9,6,3
120250308343730167,read,2026-09-14,feed,119.5,34907,445,3,1,3
120250308343730167,read,2026-09-14,instagram_reels,37.75,6495,15,3,3,0
120250308343730167,read,2026-09-14,instagram_stories,70.87,12549,169,1,1,0
120250308343730167,read,2026-09-14,instream_video,3.9,281,7,0,0,0
120250308343730167,read,2026-09-14,marketplace,0.55,230,6,0,0,0
120250308343730167,read,2026-09-14,rewarded_video,23.66,2588,795,0,0,0
120250308343730167,read,2026-09-14,search,0.06,11,0,0,0,0
120250308343730167,read,2026-09-14,threads_feed,2.35,1383,0,0,0,0
120250308343730167,read,2026-09-14,unknown,84.32,15255,731,0,0,0
120250308384270167,read,2026-09-15,an_classic,8.21,862,232,0,0,0
120250308384270167,read,2026-09-15,facebook_notification,0,1,0,0,0,0
120250308384270167,read,2026-09-15,facebook_reels,30.95,6374,39,0,0,0
120250308384270167,read,2026-09-15,facebook_reels_overlay,0.09,24,0,0,0,0
120250308384270167,read,2026-09-15,facebook_stories,25.75,3469,120,0,0,0
120250308384270167,read,2026-09-15,feed,41.8,8297,85,4,4,3
120250308384270167,read,2026-09-15,instagram_reels,9.98,1369,6,0,0,0
120250308384270167,read,2026-09-15,instagram_stories,10.95,1546,24,0,0,0
120250308384270167,read,2026-09-15,instream_video,24.91,5167,134,0,0,0
120250308384270167,read,2026-09-15,marketplace,0.05,18,1,0,0,0
120250308384270167,read,2026-09-15,search,0.1,23,0,0,0,0
120250308384270167,read,2026-09-15,threads_feed,0.33,210,0,0,0,0
120250308384310167,i10,2026-09-15,an_classic,14.82,1866,554,1,0,0
120250308384310167,i10,2026-09-15,facebook_notification,0.02,3,0,0,0,0
120250308384310167,i10,2026-09-15,facebook_reels,31.97,5690,43,4,0,0
120250308384310167,i10,2026-09-15,facebook_reels_overlay,0.12,85,1,0,0,0
120250308384310167,i10,2026-09-15,facebook_stories,16.85,2098,76,0,0,0
120250308384310167,i10,2026-09-15,feed,135.59,30340,530,7,2,3
120250308384310167,i10,2026-09-15,instagram_explore_grid_home,0,1,0,0,0,0
120250308384310167,i10,2026-09-15,instagram_reels,5.75,523,3,0,0,0
120250308384310167,i10,2026-09-15,instagram_stories,4.52,472,9,0,0,0
120250308384310167,i10,2026-09-15,instream_video,7.2,1604,50,0,0,0
120250308384310167,i10,2026-09-15,marketplace,0.57,271,0,0,0,0
120250308384310167,i10,2026-09-15,rewarded_video,32.96,4118,1256,1,1,1
120250308384310167,i10,2026-09-15,search,0.3,95,3,0,0,0
120250308384310167,i10,2026-09-15,threads_feed,0.18,96,0,0,0,0
120250308384310167,i10,2026-09-15,unknown,30.46,6259,465,0,0,0
120250308384310167,read,2026-09-14,an_classic,7.53,1057,324,0,0,0
120250308384310167,read,2026-09-14,facebook_notification,0.01,2,0,0,0,0
120250308384310167,read,2026-09-14,facebook_reels,16.73,3364,28,4,0,0
120250308384310167,read,2026-09-14,facebook_reels_overlay,0.03,14,0,0,0,0
120250308384310167,read,2026-09-14,facebook_stories,6.63,755,27,0,0,0
120250308384310167,read,2026-09-14,feed,69.18,15743,279,3,1,1
120250308384310167,read,2026-09-14,instagram_explore_grid_home,0,1,0,0,0,0
120250308384310167,read,2026-09-14,instagram_reels,2.31,257,1,0,0,0
120250308384310167,read,2026-09-14,instagram_stories,1.56,164,3,0,0,0
120250308384310167,read,2026-09-14,instream_video,1.64,412,12,0,0,0
120250308384310167,read,2026-09-14,marketplace,0.12,68,0,0,0,0
120250308384310167,read,2026-09-14,rewarded_video,15.45,2086,684,1,1,1
120250308384310167,read,2026-09-14,search,0.15,33,0,0,0,0
120250308384310167,read,2026-09-14,threads_feed,0.17,74,0,0,0,0
120250308384310167,read,2026-09-14,unknown,30.46,6259,465,0,0,0
120250329291480167,i10,2026-09-15,facebook_notification,0.05,7,0,0,0,0
120250329291480167,i10,2026-09-15,facebook_reels,103.22,25125,533,7,4,3
120250329291480167,i10,2026-09-15,facebook_reels_overlay,0.09,66,1,0,0,0
120250329291480167,i10,2026-09-15,facebook_stories,0.49,33,1,0,0,0
120250329291480167,i10,2026-09-15,feed,168.86,30871,280,13,7,1
120250329291480167,i10,2026-09-15,instagram_reels,56.38,8389,101,6,4,2
120250329291480167,i10,2026-09-15,instagram_stories,80.04,14049,333,4,3,1
120250329291480167,i10,2026-09-15,instream_video,2.76,254,7,0,0,0
120250329291480167,i10,2026-09-15,marketplace,1.57,491,10,0,0,0
120250329291480167,i10,2026-09-15,search,1.5,91,4,0,0,0
120250329291480167,read,2026-09-15,facebook_notification,0.05,7,0,0,0,0
120250329291480167,read,2026-09-15,facebook_reels,103.22,25125,533,7,4,3
120250329291480167,read,2026-09-15,facebook_reels_overlay,0.09,66,1,0,0,0
120250329291480167,read,2026-09-15,facebook_stories,0.49,33,1,0,0,0
120250329291480167,read,2026-09-15,feed,168.86,30871,280,13,7,1
120250329291480167,read,2026-09-15,instagram_reels,56.38,8389,101,6,4,2
120250329291480167,read,2026-09-15,instagram_stories,80.04,14049,333,4,3,1
120250329291480167,read,2026-09-15,instream_video,2.76,254,7,0,0,0
120250329291480167,read,2026-09-15,marketplace,1.57,491,10,0,0,0
120250329291480167,read,2026-09-15,search,1.5,91,4,0,0,0
