ad_id,campaign_name,placement,spend,impressions,clicks,installs,signups,trials,adj_trials,trial_converts,init_purch,adj_init_purch,v3s,thruplays
120236574936400167,tw_meta_standard_ios_tw-en_pros_trial_ongoing_winning,an_classic,29.54,2728,643,2,1,1,1.93,0,0,0.0,1881,204
120236574936400167,tw_meta_standard_ios_tw-en_pros_trial_ongoing_winning,biz_disco_feed,0.01,4,0,0,0,0,0.0,0,0,0.0,1,0
120236574936400167,tw_meta_standard_ios_tw-en_pros_trial_ongoing_winning,facebook_notification,27.1,2236,59,0,0,0,0.0,0,0,0.0,0,0
120236574936400167,tw_meta_standard_ios_tw-en_pros_trial_ongoing_winning,facebook_reels,897.16,140770,1062,82,47,11,18.77,0,4,0.0,24793,1819
120236574936400167,tw_meta_standard_ios_tw-en_pros_trial_ongoing_winning,facebook_reels_overlay,18.44,12070,59,0,0,0,0.0,0,0,0.0,0,0
120236574936400167,tw_meta_standard_ios_tw-en_pros_trial_ongoing_winning,facebook_stories,185.23,17912,371,8,6,2,3.38,0,2,0.0,2531,472
120236574936400167,tw_meta_standard_ios_tw-en_pros_trial_ongoing_winning,feed,1722.0,241398,3023,122,43,20,34.88,0,6,0.0,47096,2718
120236574936400167,tw_meta_standard_ios_tw-en_pros_trial_ongoing_winning,instagram_explore_grid_home,7.44,6074,10,0,0,0,0.0,0,0,0.0,3536,88
120236574936400167,tw_meta_standard_ios_tw-en_pros_trial_ongoing_winning,instagram_reels,2674.53,474346,4570,172,103,54,93.66,0,12,0.0,65106,3297
120236574936400167,tw_meta_standard_ios_tw-en_pros_trial_ongoing_winning,instagram_stories,816.0,174882,7614,35,12,15,25.92,0,1,0.0,6233,816
120236574936400167,tw_meta_standard_ios_tw-en_pros_trial_ongoing_winning,instream_video,114.54,15082,345,4,1,2,3.51,0,1,0.0,7335,107
120236574936400167,tw_meta_standard_ios_tw-en_pros_trial_ongoing_winning,marketplace,4.35,1881,8,0,0,0,0.0,0,0,0.0,283,8
120236574936400167,tw_meta_standard_ios_tw-en_pros_trial_ongoing_winning,rewarded_video,119.42,7483,2000,8,5,3,5.03,0,0,0.0,7351,6920
120236574936400167,tw_meta_standard_ios_tw-en_pros_trial_ongoing_winning,search,53.3,23430,164,0,0,0,0.0,0,0,0.0,5114,77
120236574936400167,tw_meta_standard_ios_tw-en_pros_trial_ongoing_winning,unknown,0.02,7,0,2,0,0,0.0,0,0,0.0,1,0
120239549733890167,tw_meta_standard_ios_tw-en_pros_trial_ongoing_winning,an_classic,0.27,85,9,0,0,0,0.0,0,0,0.0,0,0
120239549733890167,tw_meta_standard_ios_tw-en_pros_trial_ongoing_winning,facebook_reels,0.07,13,0,0,0,0,0.0,0,0,0.0,0,0
120239549733890167,tw_meta_standard_ios_tw-en_pros_trial_ongoing_winning,feed,0.15,31,0,0,0,0,0.0,0,0,0.0,0,0
120239549733890167,tw_meta_standard_ios_tw-en_pros_trial_ongoing_winning,instagram_reels,0.04,5,0,0,0,0,0.0,0,0,0.0,0,0
120239549733890167,tw_meta_standard_ios_tw-en_pros_trial_ongoing_winning,instagram_stories,0.03,7,0,0,0,0,0.0,0,0,0.0,0,0
120239549733890167,tw_meta_standard_ios_tw-en_pros_trial_ongoing_winning,search,0.0,1,0,0,0,0,0.0,0,0,0.0,0,0
120240275100650167,tw_meta_standard_ios_tw-en_pros_trial_ongoing_winning,an_classic,0.49,55,17,0,0,0,0.0,0,0,0.0,37,3
120240275100650167,tw_meta_standard_ios_tw-en_pros_trial_ongoing_winning,facebook_notification,0.09,9,0,0,0,0,0.0,0,0,0.0,0,0
120240275100650167,tw_meta_standard_ios_tw-en_pros_trial_ongoing_winning,facebook_reels,4.51,1675,7,0,0,0,0.0,0,0,0.0,111,18
120240275100650167,tw_meta_standard_ios_tw-en_pros_trial_ongoing_winning,facebook_reels_overlay,0.02,3,0,0,0,0,0.0,0,0,0.0,0,0
120240275100650167,tw_meta_standard_ios_tw-en_pros_trial_ongoing_winning,facebook_stories,0.99,251,2,1,0,0,0.0,0,1,0.0,12,7
120240275100650167,tw_meta_standard_ios_tw-en_pros_trial_ongoing_winning,feed,9.84,2129,14,0,0,0,0.0,0,0,0.0,313,63
120240275100650167,tw_meta_standard_ios_tw-en_pros_trial_ongoing_winning,instagram_reels,5.34,1554,6,0,0,0,0.0,0,0,0.0,93,10
120240275100650167,tw_meta_standard_ios_tw-en_pros_trial_ongoing_winning,instagram_stories,11.37,4903,63,1,1,0,0.0,0,0,0.0,100,30
120240275100650167,tw_meta_standard_ios_tw-en_pros_trial_ongoing_winning,instream_video,2.0,527,13,0,0,0,0.0,0,0,0.0,219,111
120240275100650167,tw_meta_standard_ios_tw-en_pros_trial_ongoing_winning,marketplace,0.0,1,0,0,0,0,0.0,0,0,0.0,0,0
120240275100650167,tw_meta_standard_ios_tw-en_pros_trial_ongoing_winning,rewarded_video,0.02,4,0,0,0,0,0.0,0,0,0.0,4,4
120240275100650167,tw_meta_standard_ios_tw-en_pros_trial_ongoing_winning,search,0.11,86,0,0,0,0,0.0,0,0,0.0,23,4
120242147246810167,tw_meta_standard_ios_tw-en_pros_trial_ongoing_winning,an_classic,22.73,1748,346,0,0,0,0.0,0,0,0.0,1422,91
120242147246810167,tw_meta_standard_ios_tw-en_pros_trial_ongoing_winning,biz_disco_feed,0.0,2,0,0,0,0,0.0,0,0,0.0,0,0
120242147246810167,tw_meta_standard_ios_tw-en_pros_trial_ongoing_winning,facebook_notification,43.26,5221,133,2,0,0,0.0,0,0,0.0,1,0
120242147246810167,tw_meta_standard_ios_tw-en_pros_trial_ongoing_winning,facebook_reels,1229.32,221782,3370,108,70,18,30.89,0,6,0.0,61399,1187
120242147246810167,tw_meta_standard_ios_tw-en_pros_trial_ongoing_winning,facebook_reels_overlay,18.5,11582,53,0,0,0,0.0,0,0,0.0,0,0
120242147246810167,tw_meta_standard_ios_tw-en_pros_trial_ongoing_winning,facebook_stories,315.81,30717,625,17,10,5,8.23,0,1,0.0,7292,125
120242147246810167,tw_meta_standard_ios_tw-en_pros_trial_ongoing_winning,feed,2016.13,282066,3764,186,99,53,89.04,0,14,0.0,76838,1665
120242147246810167,tw_meta_standard_ios_tw-en_pros_trial_ongoing_winning,instagram_explore_grid_home,2.51,1371,3,0,0,0,0.0,0,0,0.0,880,10
120242147246810167,tw_meta_standard_ios_tw-en_pros_trial_ongoing_winning,instagram_reels,2988.95,471596,7768,255,159,70,116.65,0,20,0.0,116579,1450
120242147246810167,tw_meta_standard_ios_tw-en_pros_trial_ongoing_winning,instagram_stories,368.8,62214,983,18,3,4,7.06,0,0,0.0,6101,672
120242147246810167,tw_meta_standard_ios_tw-en_pros_trial_ongoing_winning,instream_video,62.53,8717,260,2,0,0,0.0,0,2,0.0,4586,59
120242147246810167,tw_meta_standard_ios_tw-en_pros_trial_ongoing_winning,marketplace,2.51,1031,10,0,0,0,0.0,0,0,0.0,197,2
120242147246810167,tw_meta_standard_ios_tw-en_pros_trial_ongoing_winning,search,6.52,1640,10,0,0,0,0.0,0,0,0.0,366,4
120242508326330167,tw_meta_standard_ios_tw-en_pros_trial_ongoing_winning,an_classic,0.43,289,3,0,0,0,0.0,0,0,0.0,0,0
120242508326330167,tw_meta_standard_ios_tw-en_pros_trial_ongoing_winning,facebook_notification,0.01,1,0,0,0,0,0.0,,0,0.0,0,0
120242508326330167,tw_meta_standard_ios_tw-en_pros_trial_ongoing_winning,facebook_profile_feed,0.08,38,0,0,0,0,0.0,0,0,0.0,0,0
120242508326330167,tw_meta_standard_ios_tw-en_pros_trial_ongoing_winning,facebook_reels,0.35,62,1,0,0,0,0.0,0,0,0.0,0,0
120242508326330167,tw_meta_standard_ios_tw-en_pros_trial_ongoing_winning,facebook_reels_overlay,0.8,895,7,0,0,0,0.0,0,0,0.0,0,0
120242508326330167,tw_meta_standard_ios_tw-en_pros_trial_ongoing_winning,facebook_stories,2.21,783,9,0,0,0,0.0,0,0,0.0,0,0
120242508326330167,tw_meta_standard_ios_tw-en_pros_trial_ongoing_winning,feed,9.92,3213,21,0,0,0,0.0,0,0,0.0,0,0
120242508326330167,tw_meta_standard_ios_tw-en_pros_trial_ongoing_winning,instagram_reels,0.77,231,2,0,0,0,0.0,0,0,0.0,0,0
120242508326330167,tw_meta_standard_ios_tw-en_pros_trial_ongoing_winning,instagram_stories,33.94,11959,514,0,0,0,0.0,0,0,0.0,0,0
120242508326330167,tw_meta_standard_ios_tw-en_pros_trial_ongoing_winning,instream_video,1.6,438,9,0,0,0,0.0,0,0,0.0,0,0
120242508326330167,tw_meta_standard_ios_tw-en_pros_trial_ongoing_winning,marketplace,0.01,13,0,0,0,0,0.0,0,0,0.0,0,0
120242508326330167,tw_meta_standard_ios_tw-en_pros_trial_ongoing_winning,search,0.02,13,0,0,0,0,0.0,0,0,0.0,0,0
120242508965130167,tw_meta_standard_ios_tw-en_pros_trial_ongoing_winning,an_classic,0.86,513,8,0,0,0,0.0,0,0,0.0,0,0
120242508965130167,tw_meta_standard_ios_tw-en_pros_trial_ongoing_winning,facebook_notification,0.2,4,0,0,0,0,0.0,0,0,0.0,0,0
120242508965130167,tw_meta_standard_ios_tw-en_pros_trial_ongoing_winning,facebook_reels,1.92,672,1,0,0,0,0.0,0,0,0.0,0,0
120242508965130167,tw_meta_standard_ios_tw-en_pros_trial_ongoing_winning,facebook_reels_overlay,0.65,527,3,0,0,0,0.0,0,0,0.0,0,0
120242508965130167,tw_meta_standard_ios_tw-en_pros_trial_ongoing_winning,facebook_stories,3.05,1011,9,0,0,0,0.0,0,0,0.0,0,0
120242508965130167,tw_meta_standard_ios_tw-en_pros_trial_ongoing_winning,feed,20.15,3940,28,0,0,0,0.0,0,0,0.0,0,0
120242508965130167,tw_meta_standard_ios_tw-en_pros_trial_ongoing_winning,instagram_reels,2.45,604,5,0,0,0,0.0,0,0,0.0,0,0
120242508965130167,tw_meta_standard_ios_tw-en_pros_trial_ongoing_winning,instagram_stories,39.89,12221,705,0,0,0,0.0,0,0,0.0,0,0
120242508965130167,tw_meta_standard_ios_tw-en_pros_trial_ongoing_winning,instream_video,2.26,501,13,0,0,0,0.0,0,0,0.0,0,0
120242508965130167,tw_meta_standard_ios_tw-en_pros_trial_ongoing_winning,marketplace,0.01,12,0,0,0,0,0.0,0,0,0.0,0,0
120242508965130167,tw_meta_standard_ios_tw-en_pros_trial_ongoing_winning,search,0.02,11,0,0,0,0,0.0,0,0,0.0,0,0
120242510079090167,tw_meta_standard_ios_tw-en_pros_trial_ongoing_winning,an_classic,0.04,8,0,0,0,0,0.0,0,0,0.0,0,0
120242510079090167,tw_meta_standard_ios_tw-en_pros_trial_ongoing_winning,facebook_reels,0.11,36,0,0,0,0,0.0,0,0,0.0,0,0
120242510079090167,tw_meta_standard_ios_tw-en_pros_trial_ongoing_winning,feed,0.71,125,0,0,0,0,0.0,0,0,0.0,0,0
120242510079090167,tw_meta_standard_ios_tw-en_pros_trial_ongoing_winning,instagram_reels,0.06,6,0,0,0,0,0.0,0,0,0.0,0,0
120242510079090167,tw_meta_standard_ios_tw-en_pros_trial_ongoing_winning,instagram_stories,0.12,25,0,0,0,0,0.0,0,0,0.0,0,0
120242510079090167,tw_meta_standard_ios_tw-en_pros_trial_ongoing_winning,marketplace,0.0,1,0,0,0,0,0.0,0,0,0.0,0,0
120242510079090167,tw_meta_standard_ios_tw-en_pros_trial_ongoing_winning,search,0.01,1,0,0,0,0,0.0,0,0,0.0,0,0
120242510079090167,tw_meta_standard_ios_tw-en_pros_trial_ongoing_winning,threads_feed,0.01,2,0,0,0,0,0.0,0,0,0.0,0,0
120243701212520167,tw_meta_standard_ios_tw-en_pros_trial_ongoing_winning,an_classic,1.38,150,24,0,0,0,0.0,0,0,0.0,107,13
120243701212520167,tw_meta_standard_ios_tw-en_pros_trial_ongoing_winning,biz_disco_feed,0.0,2,0,0,0,0,0.0,0,0,0.0,0,0
120243701212520167,tw_meta_standard_ios_tw-en_pros_trial_ongoing_winning,facebook_notification,4.68,538,4,0,0,0,0.0,0,0,0.0,0,0
120243701212520167,tw_meta_standard_ios_tw-en_pros_trial_ongoing_winning,facebook_profile_feed,7.07,1533,6,0,0,0,0.0,0,0,0.0,201,7
120243701212520167,tw_meta_standard_ios_tw-en_pros_trial_ongoing_winning,facebook_reels,260.99,58950,301,12,9,5,8.93,0,3,0.0,13474,234
120243701212520167,tw_meta_standard_ios_tw-en_pros_trial_ongoing_winning,facebook_reels_overlay,1.67,1156,5,0,0,0,0.0,0,0,0.0,0,0
120243701212520167,tw_meta_standard_ios_tw-en_pros_trial_ongoing_winning,facebook_stories,117.82,10564,271,4,3,2,3.3,0,2,0.0,2482,223
120243701212520167,tw_meta_standard_ios_tw-en_pros_trial_ongoing_winning,feed,359.43,47293,795,18,11,1,1.85,0,1,0.0,8806,186
120243701212520167,tw_meta_standard_ios_tw-en_pros_trial_ongoing_winning,instagram_explore_grid_home,0.07,35,0,0,0,0,0.0,0,0,0.0,25,0
120243701212520167,tw_meta_standard_ios_tw-en_pros_trial_ongoing_winning,instagram_reels,239.25,46515,142,9,4,2,3.78,0,0,0.0,7783,129
120243701212520167,tw_meta_standard_ios_tw-en_pros_trial_ongoing_winning,instagram_stories,55.7,7344,82,2,0,0,0.0,0,0,0.0,847,65
120243701212520167,tw_meta_standard_ios_tw-en_pros_trial_ongoing_winning,instream_video,34.0,5698,136,0,0,0,0.0,0,0,0.0,2809,56
120243701212520167,tw_meta_standard_ios_tw-en_pros_trial_ongoing_winning,marketplace,3.9,1653,16,0,0,0,0.0,0,0,0.0,295,3
120243701212520167,tw_meta_standard_ios_tw-en_pros_trial_ongoing_winning,rewarded_video,15.75,1089,252,2,1,1,1.85,0,0,0.0,1058,636
120243701212520167,tw_meta_standard_ios_tw-en_pros_trial_ongoing_winning,search,2.29,255,6,1,1,0,0.0,0,0,0.0,48,2
120243701212520167,tw_meta_standard_ios_tw-en_pros_trial_ongoing_winning,unknown,0.0,2,0,0,0,0,0.0,0,0,0.0,0,0
120245092958860167,tw_meta_standard_ios_tw-en_pros_trial_ongoing_winning,an_classic,0.09,14,0,0,0,0,0.0,0,0,0.0,0,0
120245092958860167,tw_meta_standard_ios_tw-en_pros_trial_ongoing_winning,biz_disco_feed,0.01,2,0,0,0,0,0.0,0,0,0.0,1,0
120245092958860167,tw_meta_standard_ios_tw-en_pros_trial_ongoing_winning,facebook_notification,54.65,6124,105,0,0,0,0.0,0,0,0.0,0,0
120245092958860167,tw_meta_standard_ios_tw-en_pros_trial_ongoing_winning,facebook_reels,5834.38,1001180,13146,327,208,114,186.86,3,20,0.0,178540,466
120245092958860167,tw_meta_standard_ios_tw-en_pros_trial_ongoing_winning,facebook_reels_overlay,32.61,21128,207,0,0,0,0.0,0,0,0.0,0,0
120245092958860167,tw_meta_standard_ios_tw-en_pros_trial_ongoing_winning,feed,2880.67,336783,3829,138,84,59,100.0,3,18,0.0,111065,189
120245092958860167,tw_meta_standard_ios_tw-en_pros_trial_ongoing_winning,instagram_reels,3193.75,513444,5948,183,114,63,105.87,1,5,0.0,68239,75
120245092958860167,tw_meta_standard_ios_tw-en_pros_trial_ongoing_winning,instagram_stories,1520.24,250650,10502,49,29,20,33.42,3,9,0.0,12178,5
120245092958860167,tw_meta_standard_ios_tw-en_pros_trial_ongoing_winning,instream_video,17.7,9838,125,0,0,0,0.0,0,0,0.0,171,1
120245092958860167,tw_meta_standard_ios_tw-en_pros_trial_ongoing_winning,marketplace,17.61,7489,41,0,0,0,0.0,0,0,0.0,1254,1
120245092958860167,tw_meta_standard_ios_tw-en_pros_trial_ongoing_winning,search,4.35,1323,9,1,0,0,0.0,0,0,0.0,235,0
120245092958860167,tw_meta_standard_ios_tw-en_pros_trial_ongoing_winning,unknown,0.03,9,0,0,0,0,0.0,0,0,0.0,1,0
120245149598320167,tw_meta_standard_ios_tw-en_pros_trial_ongoing_winning,facebook_reels,0.02,4,1,0,0,0,0.0,0,0,0.0,0,0
120245149598320167,tw_meta_standard_ios_tw-en_pros_trial_ongoing_winning,facebook_stories,0.02,5,0,0,0,0,0.0,0,0,0.0,0,0
120245149598320167,tw_meta_standard_ios_tw-en_pros_trial_ongoing_winning,feed,0.2,48,3,0,0,0,0.0,0,0,0.0,4,1
120245149598320167,tw_meta_standard_ios_tw-en_pros_trial_ongoing_winning,instagram_explore_grid_home,0.0,1,0,0,0,0,0.0,0,0,0.0,1,0
120245149598320167,tw_meta_standard_ios_tw-en_pros_trial_ongoing_winning,instagram_reels,0.03,17,0,0,0,0,0.0,0,0,0.0,0,0
120245149598320167,tw_meta_standard_ios_tw-en_pros_trial_ongoing_winning,instagram_stories,0.03,20,0,0,0,0,0.0,0,0,0.0,0,0
120245149598320167,tw_meta_standard_ios_tw-en_pros_trial_ongoing_winning,search,0.01,2,0,0,0,0,0.0,0,0,0.0,0,0
120245149824260167,tw_meta_standard_ios_tw-en_pros_trial_ongoing_winning,facebook_notification,0.02,2,0,0,0,0,0.0,0,0,0.0,0,0
120245149824260167,tw_meta_standard_ios_tw-en_pros_trial_ongoing_winning,facebook_profile_feed,0.11,39,0,0,0,0,0.0,0,0,0.0,8,0
120245149824260167,tw_meta_standard_ios_tw-en_pros_trial_ongoing_winning,facebook_reels,1.05,319,6,0,0,0,0.0,0,0,0.0,51,4
120245149824260167,tw_meta_standard_ios_tw-en_pros_trial_ongoing_winning,facebook_reels_overlay,0.0,2,0,0,0,0,0.0,0,0,0.0,0,0
120245149824260167,tw_meta_standard_ios_tw-en_pros_trial_ongoing_winning,facebook_stories,0.28,36,1,0,0,0,0.0,0,0,0.0,6,1
120245149824260167,tw_meta_standard_ios_tw-en_pros_trial_ongoing_winning,feed,3.22,488,7,0,0,0,0.0,0,0,0.0,76,3
120245149824260167,tw_meta_standard_ios_tw-en_pros_trial_ongoing_winning,instagram_reels,0.2,19,0,0,0,0,0.0,0,0,0.0,4,1
120245149824260167,tw_meta_standard_ios_tw-en_pros_trial_ongoing_winning,instagram_stories,0.09,16,0,0,0,0,0.0,0,0,0.0,2,1
120245149824260167,tw_meta_standard_ios_tw-en_pros_trial_ongoing_winning,instream_video,0.53,69,3,0,0,0,0.0,0,0,0.0,40,0
120245149824260167,tw_meta_standard_ios_tw-en_pros_trial_ongoing_winning,marketplace,0.03,12,0,0,0,0,0.0,0,0,0.0,3,0
120245149824260167,tw_meta_standard_ios_tw-en_pros_trial_ongoing_winning,search,0.04,12,1,0,0,0,0.0,0,0,0.0,0,0
120245149824260167,tw_meta_standard_ios_tw-en_pros_trial_ongoing_winning,threads_feed,1.37,1071,0,0,0,0,0.0,0,0,0.0,85,3
120245417330630167,tw_meta_standard_ios_tw-en_pros_trial_ongoing_winning,an_classic,2.68,203,34,0,0,0,0.0,0,0,0.0,157,14
120245417330630167,tw_meta_standard_ios_tw-en_pros_trial_ongoing_winning,facebook_notification,2.41,290,7,0,0,0,0.0,0,0,0.0,0,0
120245417330630167,tw_meta_standard_ios_tw-en_pros_trial_ongoing_winning,facebook_reels,206.43,54341,2086,32,16,5,8.09,0,4,0.0,20780,619
120245417330630167,tw_meta_standard_ios_tw-en_pros_trial_ongoing_winning,facebook_reels_overlay,1.49,904,8,0,0,0,0.0,0,0,0.0,0,0
120245417330630167,tw_meta_standard_ios_tw-en_pros_trial_ongoing_winning,facebook_stories,25.25,3083,36,1,1,2,3.15,0,2,0.0,715,17
120245417330630167,tw_meta_standard_ios_tw-en_pros_trial_ongoing_winning,feed,109.24,12713,268,15,10,6,9.55,0,3,0.0,5451,302
120245417330630167,tw_meta_standard_ios_tw-en_pros_trial_ongoing_winning,instagram_reels,217.63,32348,998,16,10,6,9.5,0,0,0.0,10246,436
120245417330630167,tw_meta_standard_ios_tw-en_pros_trial_ongoing_winning,instagram_stories,153.33,27954,889,14,5,5,8.23,0,2,0.0,3048,162
120245417330630167,tw_meta_standard_ios_tw-en_pros_trial_ongoing_winning,instream_video,2.9,491,8,0,0,0,0.0,0,0,0.0,241,3
120245417330630167,tw_meta_standard_ios_tw-en_pros_trial_ongoing_winning,marketplace,0.48,185,0,0,0,0,0.0,0,0,0.0,17,0
120245417330630167,tw_meta_standard_ios_tw-en_pros_trial_ongoing_winning,search,0.14,62,1,0,0,0,0.0,0,0,0.0,13,0
120245417330640167,tw_meta_standard_ios_tw-en_pros_trial_ongoing_winning,an_classic,0.25,17,3,0,0,0,0.0,0,0,0.0,10,1
120245417330640167,tw_meta_standard_ios_tw-en_pros_trial_ongoing_winning,facebook_notification,0.06,17,0,0,0,0,0.0,0,0,0.0,0,0
120245417330640167,tw_meta_standard_ios_tw-en_pros_trial_ongoing_winning,facebook_reels,80.7,15399,225,9,7,3,4.84,0,0,0.0,3683,80
120245417330640167,tw_meta_standard_ios_tw-en_pros_trial_ongoing_winning,facebook_reels_overlay,1.45,740,0,0,0,0,0.0,0,0,0.0,0,0
120245417330640167,tw_meta_standard_ios_tw-en_pros_trial_ongoing_winning,facebook_stories,4.04,574,4,0,0,0,0.0,0,0,0.0,177,19
120245417330640167,tw_meta_standard_ios_tw-en_pros_trial_ongoing_winning,feed,46.63,7098,147,4,0,1,1.57,0,1,0.0,2200,60
120245417330640167,tw_meta_standard_ios_tw-en_pros_trial_ongoing_winning,instagram_reels,119.61,17840,475,15,7,3,4.79,0,0,0.0,4771,86
120245417330640167,tw_meta_standard_ios_tw-en_pros_trial_ongoing_winning,instagram_stories,35.15,6410,109,0,0,0,0.0,0,0,0.0,660,34
120245417330640167,tw_meta_standard_ios_tw-en_pros_trial_ongoing_winning,instream_video,1.46,263,4,0,0,0,0.0,0,0,0.0,123,4
120245417330640167,tw_meta_standard_ios_tw-en_pros_trial_ongoing_winning,marketplace,0.05,20,0,0,0,0,0.0,0,0,0.0,4,0
120245417330640167,tw_meta_standard_ios_tw-en_pros_trial_ongoing_winning,rewarded_video,7.81,576,136,0,0,0,0.0,0,1,0.0,561,155
120245417330640167,tw_meta_standard_ios_tw-en_pros_trial_ongoing_winning,search,0.0,17,0,0,0,0,0.0,0,0,0.0,1,0
120245417330650167,tw_meta_standard_ios_tw-en_pros_trial_ongoing_winning,an_classic,2.3,183,10,0,0,0,0.0,0,0,0.0,156,17
120245417330650167,tw_meta_standard_ios_tw-en_pros_trial_ongoing_winning,facebook_notification,0.93,118,3,0,0,0,0.0,0,0,0.0,0,0
120245417330650167,tw_meta_standard_ios_tw-en_pros_trial_ongoing_winning,facebook_reels,113.21,19559,355,9,9,6,9.55,0,2,0.0,4822,223
120245417330650167,tw_meta_standard_ios_tw-en_pros_trial_ongoing_winning,facebook_reels_overlay,0.66,399,5,0,0,0,0.0,0,0,0.0,0,0
120245417330650167,tw_meta_standard_ios_tw-en_pros_trial_ongoing_winning,facebook_stories,13.06,1604,24,0,0,0,0.0,0,0,0.0,506,7
120245417330650167,tw_meta_standard_ios_tw-en_pros_trial_ongoing_winning,feed,436.21,56388,805,37,27,10,16.23,0,2,0.0,18988,1080
120245417330650167,tw_meta_standard_ios_tw-en_pros_trial_ongoing_winning,instagram_reels,209.93,36646,420,11,3,1,1.58,0,1,0.0,10669,260
120245417330650167,tw_meta_standard_ios_tw-en_pros_trial_ongoing_winning,instream_video,3.67,370,6,0,0,0,0.0,0,0,0.0,183,6
120245417330650167,tw_meta_standard_ios_tw-en_pros_trial_ongoing_winning,marketplace,0.24,109,2,0,0,0,0.0,0,0,0.0,15,0
120245417330650167,tw_meta_standard_ios_tw-en_pros_trial_ongoing_winning,search,0.31,79,0,0,0,0,0.0,0,0,0.0,18,0
120245841850380167,tw_meta_standard_ios_tw-en_pros_trial_ongoing_winning,an_classic,0.32,207,2,0,0,0,0.0,0,0,0.0,0,0
120245841850380167,tw_meta_standard_ios_tw-en_pros_trial_ongoing_winning,facebook_notification,0.5,73,1,0,0,0,0.0,0,0,0.0,0,0
120245841850380167,tw_meta_standard_ios_tw-en_pros_trial_ongoing_winning,facebook_reels,0.13,68,1,0,0,0,0.0,0,0,0.0,0,0
120245841850380167,tw_meta_standard_ios_tw-en_pros_trial_ongoing_winning,facebook_reels_overlay,0.25,146,3,0,0,0,0.0,0,0,0.0,0,0
120245841850380167,tw_meta_standard_ios_tw-en_pros_trial_ongoing_winning,facebook_stories,2.73,534,11,0,0,0,0.0,0,0,0.0,0,0
120245841850380167,tw_meta_standard_ios_tw-en_pros_trial_ongoing_winning,feed,24.33,6394,126,1,1,0,0.0,0,0,0.0,0,0
120245841850380167,tw_meta_standard_ios_tw-en_pros_trial_ongoing_winning,instagram_reels,0.35,55,1,0,0,0,0.0,0,0,0.0,0,0
120245841850380167,tw_meta_standard_ios_tw-en_pros_trial_ongoing_winning,instagram_stories,0.59,129,4,0,0,0,0.0,0,0,0.0,0,0
120245841850380167,tw_meta_standard_ios_tw-en_pros_trial_ongoing_winning,instream_video,0.08,111,2,0,0,0,0.0,0,0,0.0,0,0
120245841850380167,tw_meta_standard_ios_tw-en_pros_trial_ongoing_winning,marketplace,0.0,1,0,0,0,0,0.0,0,0,0.0,0,0
120245841850380167,tw_meta_standard_ios_tw-en_pros_trial_ongoing_winning,search,0.2,117,1,0,0,0,0.0,0,0,0.0,0,0
120245842589820167,tw_meta_standard_ios_tw-en_pros_trial_ongoing_winning,an_classic,0.18,6,1,0,0,0,0.0,0,0,0.0,6,1
120245842589820167,tw_meta_standard_ios_tw-en_pros_trial_ongoing_winning,facebook_profile_feed,0.0,1,0,0,0,0,0.0,0,0,0.0,0,0
120245842589820167,tw_meta_standard_ios_tw-en_pros_trial_ongoing_winning,facebook_reels,0.02,6,0,0,0,0,0.0,0,0,0.0,0,0
120245842589820167,tw_meta_standard_ios_tw-en_pros_trial_ongoing_winning,feed,0.17,5,0,0,0,0,0.0,0,0,0.0,3,0
120245842589820167,tw_meta_standard_ios_tw-en_pros_trial_ongoing_winning,instagram_stories,0.0,1,0,0,0,0,0.0,0,0,0.0,0,0
120245842589820167,tw_meta_standard_ios_tw-en_pros_trial_ongoing_winning,instream_video,0.01,1,0,0,0,0,0.0,0,0,0.0,1,0
120245842589820167,tw_meta_standard_ios_tw-en_pros_trial_ongoing_winning,search,0.08,50,0,0,0,0,0.0,0,0,0.0,10,0
120245842589820167,tw_meta_standard_ios_tw-en_pros_trial_ongoing_winning,threads_feed,0.3,275,0,0,0,0,0.0,0,0,0.0,27,0
120245842877290167,tw_meta_standard_ios_tw-en_pros_trial_ongoing_winning,an_classic,0.0,1,1,0,0,0,0.0,0,0,0.0,1,0
120245842877290167,tw_meta_standard_ios_tw-en_pros_trial_ongoing_winning,facebook_notification,0.03,3,0,0,0,0,0.0,0,0,0.0,0,0
120245842877290167,tw_meta_standard_ios_tw-en_pros_trial_ongoing_winning,facebook_profile_feed,0.02,10,0,0,0,0,0.0,0,0,0.0,0,0
120245842877290167,tw_meta_standard_ios_tw-en_pros_trial_ongoing_winning,facebook_reels,0.11,24,0,0,0,0,0.0,0,0,0.0,1,0
120245842877290167,tw_meta_standard_ios_tw-en_pros_trial_ongoing_winning,facebook_reels_overlay,0.0,3,0,0,0,0,0.0,0,0,0.0,0,0
120245842877290167,tw_meta_standard_ios_tw-en_pros_trial_ongoing_winning,facebook_stories,0.02,3,0,0,0,0,0.0,0,0,0.0,0,0
120245842877290167,tw_meta_standard_ios_tw-en_pros_trial_ongoing_winning,feed,2.25,88,2,2,0,0,0.0,1,0,0.0,17,0
120245842877290167,tw_meta_standard_ios_tw-en_pros_trial_ongoing_winning,instagram_reels,0.11,7,0,0,0,0,0.0,0,0,0.0,0,0
120245842877290167,tw_meta_standard_ios_tw-en_pros_trial_ongoing_winning,instagram_stories,0.03,2,0,0,0,0,0.0,0,0,0.0,0,0
120245842877290167,tw_meta_standard_ios_tw-en_pros_trial_ongoing_winning,instream_video,0.13,14,0,0,0,0,0.0,0,0,0.0,9,1
120245842877290167,tw_meta_standard_ios_tw-en_pros_trial_ongoing_winning,marketplace,0.0,1,0,0,0,0,0.0,0,0,0.0,1,0
120245842877290167,tw_meta_standard_ios_tw-en_pros_trial_ongoing_winning,rewarded_video,0.2,19,4,1,1,0,0.0,0,0,0.0,19,5
120245867679760167,tw_meta_standard_ios_tw-en_pros_purchase_ongoing_no-disc_testing,an_classic,0.16,31,1,0,0,0,0.0,0,0,0.0,0,0
120245867679760167,tw_meta_standard_ios_tw-en_pros_purchase_ongoing_no-disc_testing,facebook_reels,0.05,24,0,0,0,0,0.0,0,0,0.0,0,0
120245867679760167,tw_meta_standard_ios_tw-en_pros_purchase_ongoing_no-disc_testing,facebook_reels_overlay,0.03,43,0,0,0,0,0.0,0,0,0.0,0,0
120245867679760167,tw_meta_standard_ios_tw-en_pros_purchase_ongoing_no-disc_testing,facebook_stories,0.8,170,2,0,0,0,0.0,0,0,0.0,0,0
120245867679760167,tw_meta_standard_ios_tw-en_pros_purchase_ongoing_no-disc_testing,feed,0.46,176,0,0,0,0,0.0,0,0,0.0,0,0
120245867679760167,tw_meta_standard_ios_tw-en_pros_purchase_ongoing_no-disc_testing,instagram_reels,0.11,24,0,0,0,0,0.0,0,0,0.0,0,0
120245867679760167,tw_meta_standard_ios_tw-en_pros_purchase_ongoing_no-disc_testing,instagram_stories,0.12,26,0,0,0,0,0.0,0,0,0.0,0,0
120245867679760167,tw_meta_standard_ios_tw-en_pros_purchase_ongoing_no-disc_testing,instream_video,0.18,52,1,0,0,0,0.0,0,0,0.0,0,0
120245867679760167,tw_meta_standard_ios_tw-en_pros_purchase_ongoing_no-disc_testing,marketplace,0.0,8,0,0,0,0,0.0,0,0,0.0,0,0
120245867679760167,tw_meta_standard_ios_tw-en_pros_purchase_ongoing_no-disc_testing,search,0.0,1,0,0,0,0,0.0,0,0,0.0,0,0
120245867679760167,tw_meta_standard_ios_tw-en_pros_purchase_ongoing_no-disc_testing,threads_feed,0.13,256,1,0,0,0,0.0,0,0,0.0,0,0
120245867679860167,tw_meta_standard_ios_tw-en_pros_purchase_ongoing_no-disc_testing,an_classic,0.13,71,1,0,0,0,0.0,0,0,0.0,0,0
120245867679860167,tw_meta_standard_ios_tw-en_pros_purchase_ongoing_no-disc_testing,facebook_profile_feed,0.0,1,0,0,0,0,0.0,0,0,0.0,0,0
120245867679860167,tw_meta_standard_ios_tw-en_pros_purchase_ongoing_no-disc_testing,facebook_reels,0.06,15,0,0,0,0,0.0,0,0,0.0,0,0
120245867679860167,tw_meta_standard_ios_tw-en_pros_purchase_ongoing_no-disc_testing,facebook_reels_overlay,0.0,4,0,0,0,0,0.0,0,0,0.0,0,0
120245867679860167,tw_meta_standard_ios_tw-en_pros_purchase_ongoing_no-disc_testing,facebook_stories,0.11,39,0,0,0,0,0.0,0,0,0.0,0,0
120245867679860167,tw_meta_standard_ios_tw-en_pros_purchase_ongoing_no-disc_testing,feed,0.87,145,3,0,0,0,0.0,0,0,0.0,0,0
120245867679860167,tw_meta_standard_ios_tw-en_pros_purchase_ongoing_no-disc_testing,instagram_reels,0.18,50,2,0,0,0,0.0,0,0,0.0,0,0
120245867679860167,tw_meta_standard_ios_tw-en_pros_purchase_ongoing_no-disc_testing,instagram_stories,0.05,21,0,0,0,0,0.0,0,0,0.0,0,0
120245867679860167,tw_meta_standard_ios_tw-en_pros_purchase_ongoing_no-disc_testing,marketplace,0.0,1,0,0,0,0,0.0,0,0,0.0,0,0
120245867679860167,tw_meta_standard_ios_tw-en_pros_purchase_ongoing_no-disc_testing,search,0.01,6,0,0,0,0,0.0,0,0,0.0,0,0
120245867679860167,tw_meta_standard_ios_tw-en_pros_purchase_ongoing_no-disc_testing,threads_feed,0.1,434,1,0,0,0,0.0,0,0,0.0,0,0
120245867679870167,tw_meta_standard_ios_tw-en_pros_purchase_ongoing_no-disc_testing,an_classic,0.05,24,0,0,0,0,0.0,0,0,0.0,0,0
120245867679870167,tw_meta_standard_ios_tw-en_pros_purchase_ongoing_no-disc_testing,facebook_profile_feed,0.0,2,0,0,0,0,0.0,0,0,0.0,0,0
120245867679870167,tw_meta_standard_ios_tw-en_pros_purchase_ongoing_no-disc_testing,facebook_reels,0.01,1,0,0,0,0,0.0,0,0,0.0,0,0
120245867679870167,tw_meta_standard_ios_tw-en_pros_purchase_ongoing_no-disc_testing,facebook_reels_overlay,0.0,1,0,0,0,0,0.0,0,0,0.0,0,0
120245867679870167,tw_meta_standard_ios_tw-en_pros_purchase_ongoing_no-disc_testing,facebook_stories,0.0,1,0,0,0,0,0.0,0,0,0.0,0,0
120245867679870167,tw_meta_standard_ios_tw-en_pros_purchase_ongoing_no-disc_testing,feed,0.41,61,0,0,0,0,0.0,0,0,0.0,0,0
120245867679870167,tw_meta_standard_ios_tw-en_pros_purchase_ongoing_no-disc_testing,instagram_reels,0.01,2,0,0,0,0,0.0,0,0,0.0,0,0
120245867679870167,tw_meta_standard_ios_tw-en_pros_purchase_ongoing_no-disc_testing,instagram_stories,0.01,2,0,0,0,0,0.0,0,0,0.0,0,0
120245867679870167,tw_meta_standard_ios_tw-en_pros_purchase_ongoing_no-disc_testing,instream_video,0.01,2,0,0,0,0,0.0,0,0,0.0,0,0
120245867679870167,tw_meta_standard_ios_tw-en_pros_purchase_ongoing_no-disc_testing,search,0.01,1,0,0,0,0,0.0,0,0,0.0,0,0
120245867679870167,tw_meta_standard_ios_tw-en_pros_purchase_ongoing_no-disc_testing,threads_feed,0.03,216,0,0,0,0,0.0,0,0,0.0,0,0
120245867680560167,tw_meta_standard_ios_tw-en_pros_purchase_ongoing_no-disc_testing,an_classic,1.02,258,2,0,0,0,0.0,0,0,0.0,0,0
120245867680560167,tw_meta_standard_ios_tw-en_pros_purchase_ongoing_no-disc_testing,facebook_profile_feed,0.02,8,1,0,0,0,0.0,0,0,0.0,0,0
120245867680560167,tw_meta_standard_ios_tw-en_pros_purchase_ongoing_no-disc_testing,facebook_reels,0.54,207,1,0,0,0,0.0,0,0,0.0,0,0
120245867680560167,tw_meta_standard_ios_tw-en_pros_purchase_ongoing_no-disc_testing,facebook_reels_overlay,0.01,7,0,0,0,0,0.0,0,0,0.0,0,0
120245867680560167,tw_meta_standard_ios_tw-en_pros_purchase_ongoing_no-disc_testing,facebook_stories,1.1,230,0,0,0,0,0.0,0,0,0.0,0,0
120245867680560167,tw_meta_standard_ios_tw-en_pros_purchase_ongoing_no-disc_testing,feed,15.28,7800,48,0,0,0,0.0,0,0,0.0,0,0
120245867680560167,tw_meta_standard_ios_tw-en_pros_purchase_ongoing_no-disc_testing,instagram_reels,1.84,591,6,0,0,0,0.0,0,0,0.0,0,0
120245867680560167,tw_meta_standard_ios_tw-en_pros_purchase_ongoing_no-disc_testing,instagram_stories,4.94,1624,28,0,0,0,0.0,0,0,0.0,0,0
120245867680560167,tw_meta_standard_ios_tw-en_pros_purchase_ongoing_no-disc_testing,instream_video,0.19,47,0,0,0,0,0.0,0,0,0.0,0,0
120245867680560167,tw_meta_standard_ios_tw-en_pros_purchase_ongoing_no-disc_testing,marketplace,0.01,11,0,0,0,0,0.0,0,0,0.0,0,0
120245867680560167,tw_meta_standard_ios_tw-en_pros_purchase_ongoing_no-disc_testing,threads_feed,2.1,3790,5,0,0,0,0.0,0,0,0.0,0,0
120245867680580167,tw_meta_standard_ios_tw-en_pros_purchase_ongoing_no-disc_testing,an_classic,1.05,10,1,0,0,0,0.0,0,0,0.0,0,0
120245867680580167,tw_meta_standard_ios_tw-en_pros_purchase_ongoing_no-disc_testing,facebook_profile_feed,0.01,1,0,0,0,0,0.0,0,0,0.0,0,0
120245867680580167,tw_meta_standard_ios_tw-en_pros_purchase_ongoing_no-disc_testing,facebook_reels,0.06,59,0,0,0,0,0.0,0,0,0.0,0,0
120245867680580167,tw_meta_standard_ios_tw-en_pros_purchase_ongoing_no-disc_testing,facebook_reels_overlay,0.08,46,0,0,0,0,0.0,0,0,0.0,0,0
120245867680580167,tw_meta_standard_ios_tw-en_pros_purchase_ongoing_no-disc_testing,facebook_stories,0.56,150,2,0,0,0,0.0,0,0,0.0,0,0
120245867680580167,tw_meta_standard_ios_tw-en_pros_purchase_ongoing_no-disc_testing,feed,4.32,1286,12,0,0,0,0.0,0,0,0.0,0,0
120245867680580167,tw_meta_standard_ios_tw-en_pros_purchase_ongoing_no-disc_testing,instagram_reels,1.03,439,5,0,0,0,0.0,0,0,0.0,0,0
120245867680580167,tw_meta_standard_ios_tw-en_pros_purchase_ongoing_no-disc_testing,instagram_stories,7.28,1927,29,0,0,0,0.0,0,0,0.0,0,0
120245867680580167,tw_meta_standard_ios_tw-en_pros_purchase_ongoing_no-disc_testing,instream_video,0.56,122,0,0,0,0,0.0,0,0,0.0,0,0
120245867680580167,tw_meta_standard_ios_tw-en_pros_purchase_ongoing_no-disc_testing,marketplace,0.02,10,0,0,0,0,0.0,0,0,0.0,0,0
120245867680580167,tw_meta_standard_ios_tw-en_pros_purchase_ongoing_no-disc_testing,search,0.0,3,0,0,0,0,0.0,0,0,0.0,0,0
120245867680580167,tw_meta_standard_ios_tw-en_pros_purchase_ongoing_no-disc_testing,threads_feed,0.53,1821,1,0,0,0,0.0,0,0,0.0,0,0
120245867682020167,tw_meta_standard_ios_tw-en_pros_purchase_ongoing_no-disc_testing,an_classic,0.04,26,2,0,0,0,0.0,0,0,0.0,0,0
120245867682020167,tw_meta_standard_ios_tw-en_pros_purchase_ongoing_no-disc_testing,facebook_reels,0.0,1,0,0,0,0,0.0,0,0,0.0,0,0
120245867682020167,tw_meta_standard_ios_tw-en_pros_purchase_ongoing_no-disc_testing,facebook_reels_overlay,0.0,1,0,0,0,0,0.0,0,0,0.0,0,0
120245867682020167,tw_meta_standard_ios_tw-en_pros_purchase_ongoing_no-disc_testing,facebook_stories,0.0,2,0,0,0,0,0.0,0,0,0.0,0,0
120245867682020167,tw_meta_standard_ios_tw-en_pros_purchase_ongoing_no-disc_testing,feed,1.31,116,1,0,0,0,0.0,0,0,0.0,0,0
120245867682020167,tw_meta_standard_ios_tw-en_pros_purchase_ongoing_no-disc_testing,instagram_reels,0.0,1,0,0,0,0,0.0,0,0,0.0,0,0
120245867682020167,tw_meta_standard_ios_tw-en_pros_purchase_ongoing_no-disc_testing,instagram_stories,0.02,7,0,0,0,0,0.0,0,0,0.0,0,0
120245867682020167,tw_meta_standard_ios_tw-en_pros_purchase_ongoing_no-disc_testing,instream_video,0.01,6,0,0,0,0,0.0,0,0,0.0,0,0
120245867682020167,tw_meta_standard_ios_tw-en_pros_purchase_ongoing_no-disc_testing,marketplace,0.0,3,0,0,0,0,0.0,0,0,0.0,0,0
120245867682020167,tw_meta_standard_ios_tw-en_pros_purchase_ongoing_no-disc_testing,search,0.0,1,0,0,0,0,0.0,0,0,0.0,0,0
120245867682020167,tw_meta_standard_ios_tw-en_pros_purchase_ongoing_no-disc_testing,threads_feed,0.09,214,0,0,0,0,0.0,0,0,0.0,0,0
120245867682590167,tw_meta_standard_ios_tw-en_pros_purchase_ongoing_no-disc_testing,an_classic,1.86,1067,15,0,0,0,0.0,0,0,0.0,0,0
120245867682590167,tw_meta_standard_ios_tw-en_pros_purchase_ongoing_no-disc_testing,facebook_notification,0.01,4,0,0,0,0,0.0,0,0,0.0,0,0
120245867682590167,tw_meta_standard_ios_tw-en_pros_purchase_ongoing_no-disc_testing,facebook_profile_feed,0.23,51,0,0,0,0,0.0,0,0,0.0,0,0
120245867682590167,tw_meta_standard_ios_tw-en_pros_purchase_ongoing_no-disc_testing,facebook_reels,1.77,730,2,0,0,0,0.0,0,0,0.0,0,0
120245867682590167,tw_meta_standard_ios_tw-en_pros_purchase_ongoing_no-disc_testing,facebook_reels_overlay,0.28,294,1,0,0,0,0.0,0,0,0.0,0,0
120245867682590167,tw_meta_standard_ios_tw-en_pros_purchase_ongoing_no-disc_testing,facebook_stories,2.86,560,6,0,0,0,0.0,0,0,0.0,0,0
120245867682590167,tw_meta_standard_ios_tw-en_pros_purchase_ongoing_no-disc_testing,feed,12.32,2707,13,0,0,0,0.0,0,0,0.0,0,0
120245867682590167,tw_meta_standard_ios_tw-en_pros_purchase_ongoing_no-disc_testing,instagram_reels,3.15,932,10,0,0,0,0.0,0,0,0.0,0,0
120245867682590167,tw_meta_standard_ios_tw-en_pros_purchase_ongoing_no-disc_testing,instagram_stories,1.54,444,4,0,0,0,0.0,0,0,0.0,0,0
120245867682590167,tw_meta_standard_ios_tw-en_pros_purchase_ongoing_no-disc_testing,instream_video,2.41,656,21,0,0,0,0.0,0,0,0.0,0,0
120245867682590167,tw_meta_standard_ios_tw-en_pros_purchase_ongoing_no-disc_testing,marketplace,0.23,210,0,0,0,0,0.0,0,0,0.0,0,0
120245867682590167,tw_meta_standard_ios_tw-en_pros_purchase_ongoing_no-disc_testing,search,0.04,25,0,0,0,0,0.0,0,0,0.0,0,0
120245867682590167,tw_meta_standard_ios_tw-en_pros_purchase_ongoing_no-disc_testing,threads_feed,3.78,9250,14,0,0,0,0.0,0,0,0.0,0,0
120245867684240167,tw_meta_standard_ios_tw-en_pros_purchase_ongoing_no-disc_testing,an_classic,0.0,12,0,0,0,0,0.0,0,0,0.0,0,0
120245867684240167,tw_meta_standard_ios_tw-en_pros_purchase_ongoing_no-disc_testing,facebook_profile_feed,0.01,2,1,0,0,0,0.0,0,0,0.0,0,0
120245867684240167,tw_meta_standard_ios_tw-en_pros_purchase_ongoing_no-disc_testing,facebook_reels,0.13,9,0,0,0,0,0.0,0,0,0.0,0,0
120245867684240167,tw_meta_standard_ios_tw-en_pros_purchase_ongoing_no-disc_testing,facebook_reels_overlay,0.0,4,0,0,0,0,0.0,0,0,0.0,0,0
120245867684240167,tw_meta_standard_ios_tw-en_pros_purchase_ongoing_no-disc_testing,facebook_stories,0.11,9,0,0,0,0,0.0,0,0,0.0,0,0
120245867684240167,tw_meta_standard_ios_tw-en_pros_purchase_ongoing_no-disc_testing,feed,0.09,45,0,0,0,0,0.0,0,0,0.0,0,0
120245867684240167,tw_meta_standard_ios_tw-en_pros_purchase_ongoing_no-disc_testing,instagram_reels,0.07,20,0,0,0,0,0.0,0,0,0.0,0,0
120245867684240167,tw_meta_standard_ios_tw-en_pros_purchase_ongoing_no-disc_testing,instagram_stories,0.27,22,1,0,0,0,0.0,0,0,0.0,0,0
120245867684240167,tw_meta_standard_ios_tw-en_pros_purchase_ongoing_no-disc_testing,instream_video,0.01,5,0,0,0,0,0.0,0,0,0.0,0,0
120245867684240167,tw_meta_standard_ios_tw-en_pros_purchase_ongoing_no-disc_testing,marketplace,0.02,6,0,0,0,0,0.0,0,0,0.0,0,0
120245867684240167,tw_meta_standard_ios_tw-en_pros_purchase_ongoing_no-disc_testing,search,0.01,5,0,0,0,0,0.0,0,0,0.0,0,0
120245867684240167,tw_meta_standard_ios_tw-en_pros_purchase_ongoing_no-disc_testing,threads_feed,0.15,424,1,0,0,0,0.0,0,0,0.0,0,0
120245867700400167,tw_meta_standard_ios_tw-en_pros_purchase_ongoing_no-disc_testing,an_classic,0.01,18,0,0,0,0,0.0,0,0,0.0,0,0
120245867700400167,tw_meta_standard_ios_tw-en_pros_purchase_ongoing_no-disc_testing,facebook_reels,0.03,3,0,0,0,0,0.0,0,0,0.0,0,0
120245867700400167,tw_meta_standard_ios_tw-en_pros_purchase_ongoing_no-disc_testing,facebook_stories,0.03,4,0,0,0,0,0.0,0,0,0.0,0,0
120245867700400167,tw_meta_standard_ios_tw-en_pros_purchase_ongoing_no-disc_testing,feed,1.24,284,0,0,0,0,0.0,0,0,0.0,0,0
120245867700400167,tw_meta_standard_ios_tw-en_pros_purchase_ongoing_no-disc_testing,instagram_reels,0.03,10,0,0,0,0,0.0,0,0,0.0,0,0
120245867700400167,tw_meta_standard_ios_tw-en_pros_purchase_ongoing_no-disc_testing,instagram_stories,0.26,47,1,0,0,0,0.0,0,0,0.0,0,0
120245867700400167,tw_meta_standard_ios_tw-en_pros_purchase_ongoing_no-disc_testing,instream_video,0.04,12,0,0,0,0,0.0,0,0,0.0,0,0
120245867700400167,tw_meta_standard_ios_tw-en_pros_purchase_ongoing_no-disc_testing,marketplace,0.0,2,0,0,0,0,0.0,0,0,0.0,0,0
120245867700400167,tw_meta_standard_ios_tw-en_pros_purchase_ongoing_no-disc_testing,search,0.0,2,0,0,0,0,0.0,0,0,0.0,0,0
120245867700400167,tw_meta_standard_ios_tw-en_pros_purchase_ongoing_no-disc_testing,threads_feed,0.21,504,0,0,0,0,0.0,0,0,0.0,0,0
120245867702310167,tw_meta_standard_ios_tw-en_pros_purchase_ongoing_no-disc_testing,an_classic,0.3,273,7,0,0,0,0.0,0,0,0.0,0,0
120245867702310167,tw_meta_standard_ios_tw-en_pros_purchase_ongoing_no-disc_testing,facebook_profile_feed,0.0,2,0,0,0,0,0.0,0,0,0.0,0,0
120245867702310167,tw_meta_standard_ios_tw-en_pros_purchase_ongoing_no-disc_testing,facebook_reels,0.24,91,0,0,0,0,0.0,0,0,0.0,0,0
120245867702310167,tw_meta_standard_ios_tw-en_pros_purchase_ongoing_no-disc_testing,facebook_reels_overlay,1.02,770,10,0,0,0,0.0,0,0,0.0,0,0
120245867702310167,tw_meta_standard_ios_tw-en_pros_purchase_ongoing_no-disc_testing,facebook_stories,6.85,2253,22,0,0,0,0.0,0,0,0.0,0,0
120245867702310167,tw_meta_standard_ios_tw-en_pros_purchase_ongoing_no-disc_testing,feed,2.63,589,5,0,0,0,0.0,0,0,0.0,0,0
120245867702310167,tw_meta_standard_ios_tw-en_pros_purchase_ongoing_no-disc_testing,instagram_reels,1.13,252,2,0,0,0,0.0,0,0,0.0,0,0
120245867702310167,tw_meta_standard_ios_tw-en_pros_purchase_ongoing_no-disc_testing,instagram_stories,7.55,2037,22,0,0,0,0.0,0,0,0.0,0,0
120245867702310167,tw_meta_standard_ios_tw-en_pros_purchase_ongoing_no-disc_testing,instream_video,4.02,1021,13,0,0,0,0.0,0,0,0.0,0,0
120245867702310167,tw_meta_standard_ios_tw-en_pros_purchase_ongoing_no-disc_testing,marketplace,0.05,44,0,0,0,0,0.0,0,0,0.0,0,0
120245867702310167,tw_meta_standard_ios_tw-en_pros_purchase_ongoing_no-disc_testing,search,0.07,9,0,0,0,0,0.0,0,0,0.0,0,0
120245867702310167,tw_meta_standard_ios_tw-en_pros_purchase_ongoing_no-disc_testing,threads_feed,2.27,7100,7,0,0,0,0.0,0,0,0.0,0,0
120245867702310167,tw_meta_standard_ios_tw-en_pros_purchase_ongoing_no-disc_testing,unknown,0.01,4,0,0,0,0,0.0,0,0,0.0,0,0
120245867742990167,tw_meta_standard_ios_tw-en_pros_purchase_ongoing_no-disc_testing,an_classic,3.31,1508,27,0,0,0,0.0,0,0,0.0,0,0
120245867742990167,tw_meta_standard_ios_tw-en_pros_purchase_ongoing_no-disc_testing,facebook_notification,0.03,7,0,0,0,0,0.0,0,0,0.0,0,0
120245867742990167,tw_meta_standard_ios_tw-en_pros_purchase_ongoing_no-disc_testing,facebook_profile_feed,0.36,162,0,0,0,0,0.0,0,0,0.0,0,0
120245867742990167,tw_meta_standard_ios_tw-en_pros_purchase_ongoing_no-disc_testing,facebook_reels,6.81,2302,6,0,0,0,0.0,0,0,0.0,0,0
120245867742990167,tw_meta_standard_ios_tw-en_pros_purchase_ongoing_no-disc_testing,facebook_reels_overlay,2.16,1973,8,0,0,0,0.0,0,0,0.0,0,0
120245867742990167,tw_meta_standard_ios_tw-en_pros_purchase_ongoing_no-disc_testing,facebook_stories,36.4,7311,80,0,0,0,0.0,0,0,0.0,0,0
120245867742990167,tw_meta_standard_ios_tw-en_pros_purchase_ongoing_no-disc_testing,feed,61.82,22201,128,1,1,0,0.0,0,0,0.0,0,0
120245867742990167,tw_meta_standard_ios_tw-en_pros_purchase_ongoing_no-disc_testing,instagram_reels,10.23,2925,28,0,0,0,0.0,0,0,0.0,0,0
120245867742990167,tw_meta_standard_ios_tw-en_pros_purchase_ongoing_no-disc_testing,instagram_stories,208.22,60965,806,0,0,0,0.0,0,0,0.0,0,0
120245867742990167,tw_meta_standard_ios_tw-en_pros_purchase_ongoing_no-disc_testing,instream_video,26.26,6612,153,0,0,0,0.0,0,0,0.0,0,0
120245867742990167,tw_meta_standard_ios_tw-en_pros_purchase_ongoing_no-disc_testing,marketplace,0.25,282,1,0,0,0,0.0,0,0,0.0,0,0
120245867742990167,tw_meta_standard_ios_tw-en_pros_purchase_ongoing_no-disc_testing,search,0.39,194,0,0,0,0,0.0,0,0,0.0,0,0
120245867742990167,tw_meta_standard_ios_tw-en_pros_purchase_ongoing_no-disc_testing,threads_feed,31.01,66268,86,2,2,2,5.07,0,0,0.0,0,0
120245904196600167,tw_meta_standard_ios_tw-en_pros_purchase_ongoing_no-disc_testing,an_classic,0.0,1,0,0,0,0,0.0,0,0,0.0,0,0
120245904196600167,tw_meta_standard_ios_tw-en_pros_purchase_ongoing_no-disc_testing,facebook_reels,0.22,40,0,0,0,0,0.0,0,0,0.0,0,0
120245904196600167,tw_meta_standard_ios_tw-en_pros_purchase_ongoing_no-disc_testing,facebook_reels_overlay,0.0,1,0,0,0,0,0.0,0,0,0.0,0,0
120245904196600167,tw_meta_standard_ios_tw-en_pros_purchase_ongoing_no-disc_testing,facebook_stories,0.23,32,0,0,0,0,0.0,0,0,0.0,0,0
120245904196600167,tw_meta_standard_ios_tw-en_pros_purchase_ongoing_no-disc_testing,feed,1.12,312,2,0,0,0,0.0,0,0,0.0,0,0
120245904196600167,tw_meta_standard_ios_tw-en_pros_purchase_ongoing_no-disc_testing,instagram_reels,0.3,104,1,0,0,0,0.0,0,0,0.0,0,0
120245904196600167,tw_meta_standard_ios_tw-en_pros_purchase_ongoing_no-disc_testing,instagram_stories,1.06,310,7,0,0,0,0.0,0,0,0.0,0,0
120245904196600167,tw_meta_standard_ios_tw-en_pros_purchase_ongoing_no-disc_testing,instream_video,0.05,10,1,0,0,0,0.0,0,0,0.0,0,0
120245904196600167,tw_meta_standard_ios_tw-en_pros_purchase_ongoing_no-disc_testing,marketplace,0.01,2,0,0,0,0,0.0,0,0,0.0,0,0
120245904196600167,tw_meta_standard_ios_tw-en_pros_purchase_ongoing_no-disc_testing,search,0.0,2,0,0,0,0,0.0,0,0,0.0,0,0
120245904196600167,tw_meta_standard_ios_tw-en_pros_purchase_ongoing_no-disc_testing,threads_feed,0.17,270,1,0,0,0,0.0,0,0,0.0,0,0
120245904237110167,tw_meta_standard_ios_tw-en_pros_purchase_ongoing_no-disc_testing,an_classic,0.03,2,1,0,0,0,0.0,0,0,0.0,2,2
120245904237110167,tw_meta_standard_ios_tw-en_pros_purchase_ongoing_no-disc_testing,facebook_profile_feed,0.04,9,0,0,0,0,0.0,0,0,0.0,2,0
120245904237110167,tw_meta_standard_ios_tw-en_pros_purchase_ongoing_no-disc_testing,facebook_reels,12.23,4070,13,0,0,0,0.0,0,0,0.0,590,15
120245904237110167,tw_meta_standard_ios_tw-en_pros_purchase_ongoing_no-disc_testing,facebook_reels_overlay,0.1,49,0,0,0,0,0.0,0,0,0.0,0,0
120245904237110167,tw_meta_standard_ios_tw-en_pros_purchase_ongoing_no-disc_testing,facebook_stories,4.13,700,22,0,0,0,0.0,0,0,0.0,76,7
120245904237110167,tw_meta_standard_ios_tw-en_pros_purchase_ongoing_no-disc_testing,feed,34.68,15512,95,0,0,0,0.0,0,0,0.0,1268,29
120245904237110167,tw_meta_standard_ios_tw-en_pros_purchase_ongoing_no-disc_testing,instagram_reels,1.96,389,0,0,0,0,0.0,0,0,0.0,63,0
120245904237110167,tw_meta_standard_ios_tw-en_pros_purchase_ongoing_no-disc_testing,instagram_stories,9.18,3082,28,0,0,0,0.0,0,0,0.0,107,2
120245904237110167,tw_meta_standard_ios_tw-en_pros_purchase_ongoing_no-disc_testing,instream_video,4.03,659,22,0,0,0,0.0,0,0,0.0,330,9
120245904237110167,tw_meta_standard_ios_tw-en_pros_purchase_ongoing_no-disc_testing,marketplace,0.02,11,0,0,0,0,0.0,0,0,0.0,3,0
120245904237110167,tw_meta_standard_ios_tw-en_pros_purchase_ongoing_no-disc_testing,rewarded_video,0.75,66,14,0,0,0,0.0,0,0,0.0,65,19
120245904237110167,tw_meta_standard_ios_tw-en_pros_purchase_ongoing_no-disc_testing,search,0.01,2,0,0,0,0,0.0,0,0,0.0,0,0
120245904237110167,tw_meta_standard_ios_tw-en_pros_purchase_ongoing_no-disc_testing,threads_feed,0.37,206,0,0,0,0,0.0,0,0,0.0,9,0
120246000716790167,tw_meta_standard-aem_ios_tw-en_pros_trial_ongoing_no-disc_scaling,an_classic,1.63,156,59,1,1,0,0.0,0,0,0.0,131,10
120246000716790167,tw_meta_standard-aem_ios_tw-en_pros_trial_ongoing_no-disc_scaling,facebook_notification,0.29,15,0,0,0,0,0.0,0,0,0.0,0,0
120246000716790167,tw_meta_standard-aem_ios_tw-en_pros_trial_ongoing_no-disc_scaling,facebook_profile_feed,0.28,117,0,0,0,0,0.0,0,0,0.0,15,0
120246000716790167,tw_meta_standard-aem_ios_tw-en_pros_trial_ongoing_no-disc_scaling,facebook_reels,18.0,5481,34,1,0,0,0.0,0,0,0.0,1617,52
120246000716790167,tw_meta_standard-aem_ios_tw-en_pros_trial_ongoing_no-disc_scaling,facebook_reels_overlay,0.06,33,1,0,0,0,0.0,0,0,0.0,0,0
120246000716790167,tw_meta_standard-aem_ios_tw-en_pros_trial_ongoing_no-disc_scaling,facebook_stories,0.6,77,3,0,0,0,0.0,0,0,0.0,28,2
120246000716790167,tw_meta_standard-aem_ios_tw-en_pros_trial_ongoing_no-disc_scaling,feed,11.57,4489,38,1,1,0,0.0,0,0,0.0,1167,34
120246000716790167,tw_meta_standard-aem_ios_tw-en_pros_trial_ongoing_no-disc_scaling,instagram_explore_grid_home,0.0,3,0,0,0,0,0.0,0,0,0.0,2,0
120246000716790167,tw_meta_standard-aem_ios_tw-en_pros_trial_ongoing_no-disc_scaling,instagram_reels,19.67,4516,139,0,0,0,0.0,0,0,0.0,1210,26
120246000716790167,tw_meta_standard-aem_ios_tw-en_pros_trial_ongoing_no-disc_scaling,instagram_stories,2.2,1209,21,0,0,0,0.0,0,0,0.0,38,0
120246000716790167,tw_meta_standard-aem_ios_tw-en_pros_trial_ongoing_no-disc_scaling,instream_video,1.06,269,5,0,0,0,0.0,0,0,0.0,152,1
120246000716790167,tw_meta_standard-aem_ios_tw-en_pros_trial_ongoing_no-disc_scaling,marketplace,0.05,21,0,0,0,0,0.0,0,0,0.0,4,0
120246000716790167,tw_meta_standard-aem_ios_tw-en_pros_trial_ongoing_no-disc_scaling,rewarded_video,8.98,1156,282,0,0,0,0.0,0,0,0.0,1132,295
120246000716790167,tw_meta_standard-aem_ios_tw-en_pros_trial_ongoing_no-disc_scaling,search,0.06,62,0,0,0,0,0.0,0,0,0.0,14,0
120246000716790167,tw_meta_standard-aem_ios_tw-en_pros_trial_ongoing_no-disc_scaling,threads_feed,1.37,1987,1,0,0,0,0.0,0,0,0.0,33,1
120246000716800167,tw_meta_standard-aem_ios_tw-en_pros_trial_ongoing_no-disc_scaling,an_classic,2.7,243,58,0,0,0,0.0,0,0,0.0,221,9
120246000716800167,tw_meta_standard-aem_ios_tw-en_pros_trial_ongoing_no-disc_scaling,facebook_notification,0.14,9,0,0,0,0,0.0,0,0,0.0,0,0
120246000716800167,tw_meta_standard-aem_ios_tw-en_pros_trial_ongoing_no-disc_scaling,facebook_profile_feed,2.08,445,2,0,0,0,0.0,0,0,0.0,132,6
120246000716800167,tw_meta_standard-aem_ios_tw-en_pros_trial_ongoing_no-disc_scaling,facebook_reels,63.1,21371,441,9,5,0,0.0,0,0,0.0,9318,313
120246000716800167,tw_meta_standard-aem_ios_tw-en_pros_trial_ongoing_no-disc_scaling,facebook_reels_overlay,0.13,55,0,0,0,0,0.0,0,0,0.0,0,0
120246000716800167,tw_meta_standard-aem_ios_tw-en_pros_trial_ongoing_no-disc_scaling,facebook_stories,2.16,237,4,0,0,0,0.0,0,0,0.0,71,1
120246000716800167,tw_meta_standard-aem_ios_tw-en_pros_trial_ongoing_no-disc_scaling,feed,9.76,2163,7,0,0,0,0.0,0,0,0.0,1029,58
120246000716800167,tw_meta_standard-aem_ios_tw-en_pros_trial_ongoing_no-disc_scaling,instagram_reels,9.89,1165,11,0,0,0,0.0,0,0,0.0,505,39
120246000716800167,tw_meta_standard-aem_ios_tw-en_pros_trial_ongoing_no-disc_scaling,instagram_stories,2.17,659,15,0,0,0,0.0,0,0,0.0,26,1
120246000716800167,tw_meta_standard-aem_ios_tw-en_pros_trial_ongoing_no-disc_scaling,instream_video,0.62,116,1,0,0,0,0.0,0,0,0.0,46,0
120246000716800167,tw_meta_standard-aem_ios_tw-en_pros_trial_ongoing_no-disc_scaling,marketplace,0.51,172,0,0,0,0,0.0,0,0,0.0,42,2
120246000716800167,tw_meta_standard-aem_ios_tw-en_pros_trial_ongoing_no-disc_scaling,search,0.01,18,1,0,0,0,0.0,0,0,0.0,7,0
120246000716800167,tw_meta_standard-aem_ios_tw-en_pros_trial_ongoing_no-disc_scaling,threads_feed,1.93,1280,6,0,0,0,0.0,0,0,0.0,95,2
120246000716810167,tw_meta_standard-aem_ios_tw-en_pros_trial_ongoing_no-disc_scaling,an_classic,0.62,61,15,0,0,0,0.0,0,0,0.0,56,5
120246000716810167,tw_meta_standard-aem_ios_tw-en_pros_trial_ongoing_no-disc_scaling,facebook_profile_feed,0.05,33,1,0,0,0,0.0,0,0,0.0,7,0
120246000716810167,tw_meta_standard-aem_ios_tw-en_pros_trial_ongoing_no-disc_scaling,facebook_reels,4.9,1237,7,0,0,0,0.0,0,0,0.0,150,7
120246000716810167,tw_meta_standard-aem_ios_tw-en_pros_trial_ongoing_no-disc_scaling,facebook_reels_overlay,0.02,11,0,0,0,0,0.0,0,0,0.0,0,0
120246000716810167,tw_meta_standard-aem_ios_tw-en_pros_trial_ongoing_no-disc_scaling,facebook_stories,0.16,16,0,0,0,0,0.0,0,0,0.0,3,2
120246000716810167,tw_meta_standard-aem_ios_tw-en_pros_trial_ongoing_no-disc_scaling,feed,2.39,664,4,0,0,0,0.0,0,0,0.0,120,4
120246000716810167,tw_meta_standard-aem_ios_tw-en_pros_trial_ongoing_no-disc_scaling,instagram_reels,1.31,407,1,0,0,0,0.0,0,0,0.0,28,1
120246000716810167,tw_meta_standard-aem_ios_tw-en_pros_trial_ongoing_no-disc_scaling,instagram_stories,0.15,48,0,0,0,0,0.0,0,0,0.0,2,0
120246000716810167,tw_meta_standard-aem_ios_tw-en_pros_trial_ongoing_no-disc_scaling,instream_video,0.49,111,2,0,0,0,0.0,0,0,0.0,51,1
120246000716810167,tw_meta_standard-aem_ios_tw-en_pros_trial_ongoing_no-disc_scaling,marketplace,0.01,7,1,0,0,0,0.0,0,0,0.0,1,0
120246000716810167,tw_meta_standard-aem_ios_tw-en_pros_trial_ongoing_no-disc_scaling,rewarded_video,4.48,670,157,0,0,0,0.0,0,0,0.0,660,198
120246000716810167,tw_meta_standard-aem_ios_tw-en_pros_trial_ongoing_no-disc_scaling,search,0.26,19,1,0,0,0,0.0,0,0,0.0,6,0
120246000716810167,tw_meta_standard-aem_ios_tw-en_pros_trial_ongoing_no-disc_scaling,threads_feed,0.35,575,0,0,0,0,0.0,0,0,0.0,24,1
120246000716820167,tw_meta_standard-aem_ios_tw-en_pros_trial_ongoing_no-disc_scaling,an_classic,13.4,1171,271,2,0,0,0.0,0,0,0.0,991,120
120246000716820167,tw_meta_standard-aem_ios_tw-en_pros_trial_ongoing_no-disc_scaling,biz_disco_feed,0.0,1,0,0,0,0,0.0,0,0,0.0,0,0
120246000716820167,tw_meta_standard-aem_ios_tw-en_pros_trial_ongoing_no-disc_scaling,facebook_notification,4.33,307,14,2,0,0,0.0,0,0,0.0,0,0
120246000716820167,tw_meta_standard-aem_ios_tw-en_pros_trial_ongoing_no-disc_scaling,facebook_profile_feed,31.28,7278,42,1,1,0,0.0,0,0,0.0,1400,27
120246000716820167,tw_meta_standard-aem_ios_tw-en_pros_trial_ongoing_no-disc_scaling,facebook_reels,465.45,155501,1086,18,8,0,0.0,0,0,0.0,48256,1440
120246000716820167,tw_meta_standard-aem_ios_tw-en_pros_trial_ongoing_no-disc_scaling,facebook_reels_overlay,0.42,276,3,0,0,0,0.0,0,0,0.0,0,0
120246000716820167,tw_meta_standard-aem_ios_tw-en_pros_trial_ongoing_no-disc_scaling,facebook_stories,159.64,14421,471,10,8,0,0.0,0,0,0.0,5518,514
120246000716820167,tw_meta_standard-aem_ios_tw-en_pros_trial_ongoing_no-disc_scaling,feed,366.01,109107,1081,22,10,0,0.0,0,0,0.0,32873,771
120246000716820167,tw_meta_standard-aem_ios_tw-en_pros_trial_ongoing_no-disc_scaling,instagram_explore_grid_home,0.0,33,0,0,0,0,0.0,0,0,0.0,25,0
120246000716820167,tw_meta_standard-aem_ios_tw-en_pros_trial_ongoing_no-disc_scaling,instagram_reels,363.99,114079,702,28,21,0,0.0,0,0,0.0,27293,654
120246000716820167,tw_meta_standard-aem_ios_tw-en_pros_trial_ongoing_no-disc_scaling,instagram_search,0.0,1,0,0,0,0,0.0,0,0,0.0,0,0
120246000716820167,tw_meta_standard-aem_ios_tw-en_pros_trial_ongoing_no-disc_scaling,instagram_stories,19.42,4193,55,2,0,0,0.0,0,0,0.0,540,0
120246000716820167,tw_meta_standard-aem_ios_tw-en_pros_trial_ongoing_no-disc_scaling,instream_video,59.75,10858,265,6,2,0,0.0,0,0,0.0,7155,222
120246000716820167,tw_meta_standard-aem_ios_tw-en_pros_trial_ongoing_no-disc_scaling,marketplace,1.97,659,14,0,0,0,0.0,0,0,0.0,199,12
120246000716820167,tw_meta_standard-aem_ios_tw-en_pros_trial_ongoing_no-disc_scaling,rewarded_video,63.56,6943,1647,4,0,0,0.0,0,0,0.0,6804,4137
120246000716820167,tw_meta_standard-aem_ios_tw-en_pros_trial_ongoing_no-disc_scaling,search,0.56,160,2,0,0,0,0.0,0,0,0.0,30,1
120246000716820167,tw_meta_standard-aem_ios_tw-en_pros_trial_ongoing_no-disc_scaling,threads_feed,27.65,29765,27,3,3,0,0.0,0,0,0.0,1488,30
120246000716910167,tw_meta_standard-aem_ios_tw-en_pros_trial_ongoing_no-disc_scaling,an_classic,7.14,571,144,0,0,0,0.0,0,0,0.0,492,33
120246000716910167,tw_meta_standard-aem_ios_tw-en_pros_trial_ongoing_no-disc_scaling,biz_disco_feed,0.01,1,0,0,0,0,0.0,0,0,0.0,1,0
120246000716910167,tw_meta_standard-aem_ios_tw-en_pros_trial_ongoing_no-disc_scaling,facebook_notification,0.16,13,2,0,0,0,0.0,0,0,0.0,0,0
120246000716910167,tw_meta_standard-aem_ios_tw-en_pros_trial_ongoing_no-disc_scaling,facebook_profile_feed,2.28,441,4,0,0,0,0.0,0,0,0.0,104,5
120246000716910167,tw_meta_standard-aem_ios_tw-en_pros_trial_ongoing_no-disc_scaling,facebook_reels,22.1,4161,45,1,1,0,0.0,0,0,0.0,1172,70
120246000716910167,tw_meta_standard-aem_ios_tw-en_pros_trial_ongoing_no-disc_scaling,facebook_reels_overlay,0.13,77,0,0,0,0,0.0,0,0,0.0,0,0
120246000716910167,tw_meta_standard-aem_ios_tw-en_pros_trial_ongoing_no-disc_scaling,facebook_stories,8.59,969,20,0,0,0,0.0,0,0,0.0,323,4
120246000716910167,tw_meta_standard-aem_ios_tw-en_pros_trial_ongoing_no-disc_scaling,feed,32.31,4243,68,2,2,0,0.0,0,0,0.0,1586,109
120246000716910167,tw_meta_standard-aem_ios_tw-en_pros_trial_ongoing_no-disc_scaling,instagram_reels,31.65,6772,28,4,2,0,0.0,0,0,0.0,2150,60
120246000716910167,tw_meta_standard-aem_ios_tw-en_pros_trial_ongoing_no-disc_scaling,instream_video,2.28,402,7,0,0,0,0.0,0,0,0.0,226,4
120246000716910167,tw_meta_standard-aem_ios_tw-en_pros_trial_ongoing_no-disc_scaling,marketplace,0.16,41,1,0,0,0,0.0,0,0,0.0,13,0
120246000716910167,tw_meta_standard-aem_ios_tw-en_pros_trial_ongoing_no-disc_scaling,search,0.57,313,1,0,0,0,0.0,0,0,0.0,61,0
120246000716910167,tw_meta_standard-aem_ios_tw-en_pros_trial_ongoing_no-disc_scaling,threads_feed,11.51,4933,16,1,1,0,0.0,0,0,0.0,372,5
120246001466140167,tw_meta_standard-aem_ios_tw-en_pros_trial_ongoing_no-disc_scaling,an_classic,0.75,68,23,0,0,0,0.0,0,0,0.0,59,4
120246001466140167,tw_meta_standard-aem_ios_tw-en_pros_trial_ongoing_no-disc_scaling,facebook_profile_feed,0.11,23,0,0,0,0,0.0,0,0,0.0,2,0
120246001466140167,tw_meta_standard-aem_ios_tw-en_pros_trial_ongoing_no-disc_scaling,facebook_reels,6.94,1537,14,0,0,0,0.0,0,0,0.0,415,15
120246001466140167,tw_meta_standard-aem_ios_tw-en_pros_trial_ongoing_no-disc_scaling,facebook_reels_overlay,0.01,7,0,0,0,0,0.0,0,0,0.0,0,0
120246001466140167,tw_meta_standard-aem_ios_tw-en_pros_trial_ongoing_no-disc_scaling,facebook_stories,0.5,71,3,0,0,0,0.0,0,0,0.0,14,0
120246001466140167,tw_meta_standard-aem_ios_tw-en_pros_trial_ongoing_no-disc_scaling,feed,3.7,793,7,0,0,0,0.0,0,0,0.0,176,4
120246001466140167,tw_meta_standard-aem_ios_tw-en_pros_trial_ongoing_no-disc_scaling,instagram_reels,2.54,362,3,0,0,0,0.0,0,0,0.0,124,3
120246001466140167,tw_meta_standard-aem_ios_tw-en_pros_trial_ongoing_no-disc_scaling,instagram_stories,0.56,104,0,0,0,0,0.0,0,0,0.0,13,0
120246001466140167,tw_meta_standard-aem_ios_tw-en_pros_trial_ongoing_no-disc_scaling,instream_video,0.82,154,1,0,0,0,0.0,0,0,0.0,83,2
120246001466140167,tw_meta_standard-aem_ios_tw-en_pros_trial_ongoing_no-disc_scaling,marketplace,0.0,1,0,0,0,0,0.0,0,0,0.0,0,0
120246001466140167,tw_meta_standard-aem_ios_tw-en_pros_trial_ongoing_no-disc_scaling,rewarded_video,6.18,697,139,0,0,0,0.0,0,0,0.0,687,190
120246001466140167,tw_meta_standard-aem_ios_tw-en_pros_trial_ongoing_no-disc_scaling,search,0.01,4,0,0,0,0,0.0,0,0,0.0,2,0
120246001466140167,tw_meta_standard-aem_ios_tw-en_pros_trial_ongoing_no-disc_scaling,threads_feed,0.83,650,1,0,0,0,0.0,0,0,0.0,17,0
120246001466150167,tw_meta_standard-aem_ios_tw-en_pros_trial_ongoing_no-disc_scaling,an_classic,0.17,24,6,0,0,0,0.0,0,0,0.0,21,1
120246001466150167,tw_meta_standard-aem_ios_tw-en_pros_trial_ongoing_no-disc_scaling,facebook_profile_feed,0.0,5,0,0,0,0,0.0,0,0,0.0,0,0
120246001466150167,tw_meta_standard-aem_ios_tw-en_pros_trial_ongoing_no-disc_scaling,facebook_reels,1.2,316,0,0,0,0,0.0,0,0,0.0,23,1
120246001466150167,tw_meta_standard-aem_ios_tw-en_pros_trial_ongoing_no-disc_scaling,facebook_reels_overlay,0.02,7,0,0,0,0,0.0,0,0,0.0,0,0
120246001466150167,tw_meta_standard-aem_ios_tw-en_pros_trial_ongoing_no-disc_scaling,facebook_stories,0.22,36,0,0,0,0,0.0,0,0,0.0,3,0
120246001466150167,tw_meta_standard-aem_ios_tw-en_pros_trial_ongoing_no-disc_scaling,feed,1.64,457,3,0,0,0,0.0,0,0,0.0,42,1
120246001466150167,tw_meta_standard-aem_ios_tw-en_pros_trial_ongoing_no-disc_scaling,instagram_reels,0.05,14,0,0,0,0,0.0,0,0,0.0,1,0
120246001466150167,tw_meta_standard-aem_ios_tw-en_pros_trial_ongoing_no-disc_scaling,instagram_stories,0.05,8,0,0,0,0,0.0,0,0,0.0,0,0
120246001466150167,tw_meta_standard-aem_ios_tw-en_pros_trial_ongoing_no-disc_scaling,instream_video,0.58,90,1,0,0,0,0.0,0,0,0.0,43,0
120246001466150167,tw_meta_standard-aem_ios_tw-en_pros_trial_ongoing_no-disc_scaling,marketplace,0.0,1,0,0,0,0,0.0,0,0,0.0,0,0
120246001466150167,tw_meta_standard-aem_ios_tw-en_pros_trial_ongoing_no-disc_scaling,rewarded_video,6.47,792,144,0,0,0,0.0,0,0,0.0,782,251
120246001466150167,tw_meta_standard-aem_ios_tw-en_pros_trial_ongoing_no-disc_scaling,threads_feed,0.07,81,0,0,0,0,0.0,0,0,0.0,2,0
120246001466160167,tw_meta_standard-aem_ios_tw-en_pros_trial_ongoing_no-disc_scaling,an_classic,2.23,188,37,0,0,0,0.0,0,0,0.0,153,6
120246001466160167,tw_meta_standard-aem_ios_tw-en_pros_trial_ongoing_no-disc_scaling,facebook_notification,0.01,3,0,0,0,0,0.0,0,0,0.0,0,0
120246001466160167,tw_meta_standard-aem_ios_tw-en_pros_trial_ongoing_no-disc_scaling,facebook_profile_feed,0.04,24,1,0,0,0,0.0,0,0,0.0,6,1
120246001466160167,tw_meta_standard-aem_ios_tw-en_pros_trial_ongoing_no-disc_scaling,facebook_reels,3.55,664,5,0,0,0,0.0,0,0,0.0,136,7
120246001466160167,tw_meta_standard-aem_ios_tw-en_pros_trial_ongoing_no-disc_scaling,facebook_reels_overlay,0.01,24,0,0,0,0,0.0,0,0,0.0,0,0
120246001466160167,tw_meta_standard-aem_ios_tw-en_pros_trial_ongoing_no-disc_scaling,facebook_stories,0.29,54,1,0,0,0,0.0,0,0,0.0,10,0
120246001466160167,tw_meta_standard-aem_ios_tw-en_pros_trial_ongoing_no-disc_scaling,feed,4.15,1062,6,0,0,0,0.0,0,0,0.0,237,8
120246001466160167,tw_meta_standard-aem_ios_tw-en_pros_trial_ongoing_no-disc_scaling,instagram_reels,1.64,242,2,0,0,0,0.0,0,0,0.0,73,5
120246001466160167,tw_meta_standard-aem_ios_tw-en_pros_trial_ongoing_no-disc_scaling,instagram_stories,0.29,119,1,0,0,0,0.0,0,0,0.0,7,0
120246001466160167,tw_meta_standard-aem_ios_tw-en_pros_trial_ongoing_no-disc_scaling,instream_video,0.89,195,4,0,0,0,0.0,0,0,0.0,89,1
120246001466160167,tw_meta_standard-aem_ios_tw-en_pros_trial_ongoing_no-disc_scaling,marketplace,0.02,9,0,0,0,0,0.0,0,0,0.0,0,0
120246001466160167,tw_meta_standard-aem_ios_tw-en_pros_trial_ongoing_no-disc_scaling,search,0.02,10,0,0,0,0,0.0,0,0,0.0,0,0
120246001466160167,tw_meta_standard-aem_ios_tw-en_pros_trial_ongoing_no-disc_scaling,threads_feed,1.08,650,3,0,0,0,0.0,0,0,0.0,29,2
120246001466170167,tw_meta_standard-aem_ios_tw-en_pros_trial_ongoing_no-disc_scaling,an_classic,6.98,588,136,0,0,0,0.0,0,0,0.0,483,51
120246001466170167,tw_meta_standard-aem_ios_tw-en_pros_trial_ongoing_no-disc_scaling,facebook_notification,0.15,19,0,0,0,0,0.0,0,0,0.0,0,0
120246001466170167,tw_meta_standard-aem_ios_tw-en_pros_trial_ongoing_no-disc_scaling,facebook_profile_feed,6.85,1240,11,0,0,0,0.0,0,0,0.0,178,3
120246001466170167,tw_meta_standard-aem_ios_tw-en_pros_trial_ongoing_no-disc_scaling,facebook_reels,53.28,17966,76,4,2,0,0.0,0,0,0.0,3618,99
120246001466170167,tw_meta_standard-aem_ios_tw-en_pros_trial_ongoing_no-disc_scaling,facebook_reels_overlay,0.08,110,1,0,0,0,0.0,0,0,0.0,0,0
120246001466170167,tw_meta_standard-aem_ios_tw-en_pros_trial_ongoing_no-disc_scaling,facebook_stories,24.81,3050,71,1,1,0,0.0,0,0,0.0,689,77
120246001466170167,tw_meta_standard-aem_ios_tw-en_pros_trial_ongoing_no-disc_scaling,feed,35.6,10918,70,1,1,0,0.0,0,0,0.0,2203,50
120246001466170167,tw_meta_standard-aem_ios_tw-en_pros_trial_ongoing_no-disc_scaling,instagram_explore_grid_home,0.0,3,0,0,0,0,0.0,0,0,0.0,1,0
120246001466170167,tw_meta_standard-aem_ios_tw-en_pros_trial_ongoing_no-disc_scaling,instagram_reels,15.62,3460,8,0,0,0,0.0,0,0,0.0,791,22
120246001466170167,tw_meta_standard-aem_ios_tw-en_pros_trial_ongoing_no-disc_scaling,instagram_stories,2.93,641,10,0,0,0,0.0,0,0,0.0,66,2
120246001466170167,tw_meta_standard-aem_ios_tw-en_pros_trial_ongoing_no-disc_scaling,instream_video,9.13,1443,36,0,0,0,0.0,0,0,0.0,860,26
120246001466170167,tw_meta_standard-aem_ios_tw-en_pros_trial_ongoing_no-disc_scaling,marketplace,0.54,193,4,0,0,0,0.0,0,0,0.0,44,1
120246001466170167,tw_meta_standard-aem_ios_tw-en_pros_trial_ongoing_no-disc_scaling,rewarded_video,37.42,4146,937,1,0,0,0.0,0,0,0.0,4092,2431
120246001466170167,tw_meta_standard-aem_ios_tw-en_pros_trial_ongoing_no-disc_scaling,search,0.38,40,2,0,0,0,0.0,0,0,0.0,11,2
120246001466170167,tw_meta_standard-aem_ios_tw-en_pros_trial_ongoing_no-disc_scaling,threads_feed,3.45,2912,1,0,0,0,0.0,0,0,0.0,128,6
120246001466180167,tw_meta_standard-aem_ios_tw-en_pros_trial_ongoing_no-disc_scaling,an_classic,0.94,83,18,0,0,0,0.0,0,0,0.0,66,4
120246001466180167,tw_meta_standard-aem_ios_tw-en_pros_trial_ongoing_no-disc_scaling,facebook_notification,0.02,1,0,0,0,0,0.0,0,0,0.0,0,0
120246001466180167,tw_meta_standard-aem_ios_tw-en_pros_trial_ongoing_no-disc_scaling,facebook_profile_feed,0.81,79,1,0,0,0,0.0,0,0,0.0,23,1
120246001466180167,tw_meta_standard-aem_ios_tw-en_pros_trial_ongoing_no-disc_scaling,facebook_reels,7.47,2131,21,1,0,0,0.0,0,0,0.0,559,18
120246001466180167,tw_meta_standard-aem_ios_tw-en_pros_trial_ongoing_no-disc_scaling,facebook_reels_overlay,0.0,6,0,0,0,0,0.0,0,0,0.0,0,0
120246001466180167,tw_meta_standard-aem_ios_tw-en_pros_trial_ongoing_no-disc_scaling,facebook_stories,0.37,55,0,0,0,0,0.0,0,0,0.0,9,0
120246001466180167,tw_meta_standard-aem_ios_tw-en_pros_trial_ongoing_no-disc_scaling,feed,2.17,447,2,0,0,0,0.0,0,0,0.0,176,5
120246001466180167,tw_meta_standard-aem_ios_tw-en_pros_trial_ongoing_no-disc_scaling,instagram_reels,0.7,104,0,0,0,0,0.0,0,0,0.0,32,3
120246001466180167,tw_meta_standard-aem_ios_tw-en_pros_trial_ongoing_no-disc_scaling,instagram_stories,0.2,45,1,0,0,0,0.0,0,0,0.0,4,0
120246001466180167,tw_meta_standard-aem_ios_tw-en_pros_trial_ongoing_no-disc_scaling,instream_video,0.11,12,1,0,0,0,0.0,0,0,0.0,6,0
120246001466180167,tw_meta_standard-aem_ios_tw-en_pros_trial_ongoing_no-disc_scaling,marketplace,0.01,4,0,0,0,0,0.0,0,0,0.0,0,0
120246001466180167,tw_meta_standard-aem_ios_tw-en_pros_trial_ongoing_no-disc_scaling,threads_feed,0.22,214,0,0,0,0,0.0,0,0,0.0,7,0
120246005436870167,tw_meta_standard_ios_tw-en_pros_purchase_ongoing_no-disc_testing,facebook_reels,0.01,1,0,0,0,0,0.0,0,0,0.0,0,0
120246005441450167,tw_meta_standard_ios_tw-en_pros_purchase_ongoing_no-disc_testing,an_classic,23.24,18251,295,1,0,0,0.0,0,0,0.0,0,0
120246005441450167,tw_meta_standard_ios_tw-en_pros_purchase_ongoing_no-disc_testing,facebook_notification,0.16,17,0,0,0,0,0.0,0,0,0.0,0,0
120246005441450167,tw_meta_standard_ios_tw-en_pros_purchase_ongoing_no-disc_testing,facebook_profile_feed,0.53,229,1,0,0,0,0.0,0,0,0.0,0,0
120246005441450167,tw_meta_standard_ios_tw-en_pros_purchase_ongoing_no-disc_testing,facebook_reels,34.22,8024,17,2,0,0,0.0,0,0,0.0,0,0
120246005441450167,tw_meta_standard_ios_tw-en_pros_purchase_ongoing_no-disc_testing,facebook_reels_overlay,0.69,598,2,0,0,0,0.0,0,0,0.0,0,0
120246005441450167,tw_meta_standard_ios_tw-en_pros_purchase_ongoing_no-disc_testing,facebook_stories,22.18,5106,30,0,0,0,0.0,0,0,0.0,0,0
120246005441450167,tw_meta_standard_ios_tw-en_pros_purchase_ongoing_no-disc_testing,feed,74.33,13548,65,2,3,0,0.0,0,0,0.0,0,0
120246005441450167,tw_meta_standard_ios_tw-en_pros_purchase_ongoing_no-disc_testing,instagram_reels,9.25,2220,10,0,0,0,0.0,0,0,0.0,0,0
120246005441450167,tw_meta_standard_ios_tw-en_pros_purchase_ongoing_no-disc_testing,instagram_stories,25.5,6073,35,0,0,0,0.0,0,0,0.0,0,0
120246005441450167,tw_meta_standard_ios_tw-en_pros_purchase_ongoing_no-disc_testing,instream_video,2.81,686,12,0,0,0,0.0,0,0,0.0,0,0
120246005441450167,tw_meta_standard_ios_tw-en_pros_purchase_ongoing_no-disc_testing,marketplace,0.61,618,1,0,0,0,0.0,0,0,0.0,0,0
120246005441450167,tw_meta_standard_ios_tw-en_pros_purchase_ongoing_no-disc_testing,search,1.43,425,4,0,0,0,0.0,0,0,0.0,0,0
120246005441450167,tw_meta_standard_ios_tw-en_pros_purchase_ongoing_no-disc_testing,threads_feed,19.6,39921,45,0,0,0,0.0,0,0,0.0,0,0
120246005442010167,tw_meta_standard_ios_tw-en_pros_purchase_ongoing_no-disc_testing,an_classic,1.36,1786,9,0,0,0,0.0,0,0,0.0,0,0
120246005442010167,tw_meta_standard_ios_tw-en_pros_purchase_ongoing_no-disc_testing,facebook_profile_feed,0.14,35,0,0,0,0,0.0,0,0,0.0,0,0
120246005442010167,tw_meta_standard_ios_tw-en_pros_purchase_ongoing_no-disc_testing,facebook_reels,16.45,5352,21,2,1,0,0.0,0,0,0.0,0,0
120246005442010167,tw_meta_standard_ios_tw-en_pros_purchase_ongoing_no-disc_testing,facebook_reels_overlay,0.41,296,4,0,0,0,0.0,0,0,0.0,0,0
120246005442010167,tw_meta_standard_ios_tw-en_pros_purchase_ongoing_no-disc_testing,facebook_stories,13.59,2994,41,0,0,0,0.0,0,0,0.0,0,0
120246005442010167,tw_meta_standard_ios_tw-en_pros_purchase_ongoing_no-disc_testing,feed,60.49,22403,117,3,1,2,5.07,0,0,0.0,0,0
120246005442010167,tw_meta_standard_ios_tw-en_pros_purchase_ongoing_no-disc_testing,instagram_reels,26.18,9053,76,0,0,0,0.0,0,0,0.0,0,0
120246005442010167,tw_meta_standard_ios_tw-en_pros_purchase_ongoing_no-disc_testing,instagram_stories,156.25,50107,560,0,0,0,0.0,0,0,0.0,0,0
120246005442010167,tw_meta_standard_ios_tw-en_pros_purchase_ongoing_no-disc_testing,instream_video,3.57,866,18,0,0,0,0.0,0,0,0.0,0,0
120246005442010167,tw_meta_standard_ios_tw-en_pros_purchase_ongoing_no-disc_testing,marketplace,0.13,178,0,0,0,0,0.0,0,0,0.0,0,0
120246005442010167,tw_meta_standard_ios_tw-en_pros_purchase_ongoing_no-disc_testing,search,0.02,11,0,0,0,0,0.0,0,0,0.0,0,0
120246005442010167,tw_meta_standard_ios_tw-en_pros_purchase_ongoing_no-disc_testing,threads_feed,23.67,49827,56,0,0,0,0.0,0,0,0.0,0,0
120246005443330167,tw_meta_standard_ios_tw-en_pros_purchase_ongoing_no-disc_testing,an_classic,0.07,28,0,0,0,0,0.0,0,0,0.0,0,0
120246005443330167,tw_meta_standard_ios_tw-en_pros_purchase_ongoing_no-disc_testing,facebook_profile_feed,0.0,3,0,0,0,0,0.0,0,0,0.0,0,0
120246005443330167,tw_meta_standard_ios_tw-en_pros_purchase_ongoing_no-disc_testing,facebook_reels,0.0,2,0,0,0,0,0.0,0,0,0.0,0,0
120246005443330167,tw_meta_standard_ios_tw-en_pros_purchase_ongoing_no-disc_testing,facebook_stories,0.0,2,0,0,0,0,0.0,0,0,0.0,0,0
120246005443330167,tw_meta_standard_ios_tw-en_pros_purchase_ongoing_no-disc_testing,feed,0.04,7,0,0,0,0,0.0,0,0,0.0,0,0
120246005443330167,tw_meta_standard_ios_tw-en_pros_purchase_ongoing_no-disc_testing,instagram_reels,0.05,1,0,0,0,0,0.0,0,0,0.0,0,0
120246005443330167,tw_meta_standard_ios_tw-en_pros_purchase_ongoing_no-disc_testing,marketplace,0.0,1,0,0,0,0,0.0,0,0,0.0,0,0
120246005443330167,tw_meta_standard_ios_tw-en_pros_purchase_ongoing_no-disc_testing,search,0.01,4,0,0,0,0,0.0,0,0,0.0,0,0
120246005443330167,tw_meta_standard_ios_tw-en_pros_purchase_ongoing_no-disc_testing,threads_feed,0.04,100,0,0,0,0,0.0,0,0,0.0,0,0
120246191401160167,tw_meta_standard_ios_tw-en_pros_trial_ongoing_winning,an_classic,26.49,4918,1598,0,0,0,0.0,0,0,0.0,4037,280
120246191401160167,tw_meta_standard_ios_tw-en_pros_trial_ongoing_winning,facebook_notification,3.44,294,6,0,0,0,0.0,0,0,0.0,0,0
120246191401160167,tw_meta_standard_ios_tw-en_pros_trial_ongoing_winning,facebook_reels,289.01,53802,417,26,15,9,15.59,0,0,0.0,8872,657
120246191401160167,tw_meta_standard_ios_tw-en_pros_trial_ongoing_winning,facebook_reels_overlay,1.32,953,3,0,0,0,0.0,0,0,0.0,0,0
120246191401160167,tw_meta_standard_ios_tw-en_pros_trial_ongoing_winning,facebook_stories,86.7,9431,355,5,1,0,0.0,0,0,0.0,1341,247
120246191401160167,tw_meta_standard_ios_tw-en_pros_trial_ongoing_winning,feed,279.68,51299,732,17,8,2,3.08,0,2,0.0,8974,502
120246191401160167,tw_meta_standard_ios_tw-en_pros_trial_ongoing_winning,instagram_explore_grid_home,1.26,701,2,0,0,0,0.0,0,0,0.0,408,11
120246191401160167,tw_meta_standard_ios_tw-en_pros_trial_ongoing_winning,instagram_reels,669.75,107993,1100,45,20,5,8.09,0,1,0.0,16423,902
120246191401160167,tw_meta_standard_ios_tw-en_pros_trial_ongoing_winning,instagram_stories,203.27,49770,1012,15,4,2,3.23,0,0,0.0,1936,211
120246191401160167,tw_meta_standard_ios_tw-en_pros_trial_ongoing_winning,instream_video,19.03,2856,81,0,0,0,0.0,0,0,0.0,1458,35
120246191401160167,tw_meta_standard_ios_tw-en_pros_trial_ongoing_winning,marketplace,0.24,92,0,0,0,0,0.0,0,0,0.0,13,0
120246191401160167,tw_meta_standard_ios_tw-en_pros_trial_ongoing_winning,rewarded_video,121.13,28400,8018,2,6,4,6.16,0,0,0.0,28077,26215
120246191401160167,tw_meta_standard_ios_tw-en_pros_trial_ongoing_winning,search,7.39,3174,35,0,0,0,0.0,0,0,0.0,742,17
120246191401160167,tw_meta_standard_ios_tw-en_pros_trial_ongoing_winning,unknown,0.01,1,0,0,0,0,0.0,0,0,0.0,3,1
120246191491930167,tw_meta_standard_ios_tw-en_pros_trial_ongoing_winning,an_classic,1.44,731,16,1,0,0,0.0,0,0,0.0,0,0
120246191491930167,tw_meta_standard_ios_tw-en_pros_trial_ongoing_winning,facebook_notification,0.76,102,1,0,0,0,0.0,0,0,0.0,0,0
120246191491930167,tw_meta_standard_ios_tw-en_pros_trial_ongoing_winning,facebook_reels,2.9,762,7,0,0,0,0.0,0,0,0.0,0,0
120246191491930167,tw_meta_standard_ios_tw-en_pros_trial_ongoing_winning,facebook_reels_overlay,10.67,5755,84,0,0,0,0.0,0,0,0.0,0,0
120246191491930167,tw_meta_standard_ios_tw-en_pros_trial_ongoing_winning,facebook_stories,30.14,5330,111,1,0,0,0.0,0,0,0.0,0,0
120246191491930167,tw_meta_standard_ios_tw-en_pros_trial_ongoing_winning,feed,257.04,68498,1626,19,10,2,3.23,0,1,0.0,0,0
120246191491930167,tw_meta_standard_ios_tw-en_pros_trial_ongoing_winning,instagram_reels,5.84,1077,16,0,0,0,0.0,0,0,0.0,0,0
120246191491930167,tw_meta_standard_ios_tw-en_pros_trial_ongoing_winning,instagram_stories,10.7,2091,52,0,0,0,0.0,0,0,0.0,0,0
120246191491930167,tw_meta_standard_ios_tw-en_pros_trial_ongoing_winning,instream_video,3.48,2223,34,0,0,0,0.0,0,0,0.0,0,0
120246191491930167,tw_meta_standard_ios_tw-en_pros_trial_ongoing_winning,marketplace,0.03,41,0,0,0,0,0.0,0,0,0.0,0,0
120246191491930167,tw_meta_standard_ios_tw-en_pros_trial_ongoing_winning,search,0.26,157,2,0,0,0,0.0,0,0,0.0,0,0
120246191491940167,tw_meta_standard_ios_tw-en_pros_trial_ongoing_winning,biz_disco_feed,0.0,1,0,0,0,0,0.0,0,0,0.0,0,0
120246191491940167,tw_meta_standard_ios_tw-en_pros_trial_ongoing_winning,facebook_notification,0.02,1,0,0,0,0,0.0,0,0,0.0,0,0
120246191491940167,tw_meta_standard_ios_tw-en_pros_trial_ongoing_winning,facebook_reels,1.68,553,11,0,0,0,0.0,0,0,0.0,7,1
120246191491940167,tw_meta_standard_ios_tw-en_pros_trial_ongoing_winning,facebook_reels_overlay,0.31,242,2,0,0,0,0.0,0,0,0.0,0,0
120246191491940167,tw_meta_standard_ios_tw-en_pros_trial_ongoing_winning,facebook_stories,2.7,741,16,0,0,0,0.0,0,0,0.0,1,0
120246191491940167,tw_meta_standard_ios_tw-en_pros_trial_ongoing_winning,feed,5.73,1620,47,0,0,0,0.0,0,0,0.0,194,35
120246191491940167,tw_meta_standard_ios_tw-en_pros_trial_ongoing_winning,instagram_explore_grid_home,0.04,38,0,0,0,0,0.0,0,0,0.0,25,5
120246191491940167,tw_meta_standard_ios_tw-en_pros_trial_ongoing_winning,instagram_reels,1.94,481,24,0,0,0,0.0,0,0,0.0,35,11
120246191491940167,tw_meta_standard_ios_tw-en_pros_trial_ongoing_winning,instagram_stories,3.62,804,45,0,0,0,0.0,0,0,0.0,28,4
120246191491940167,tw_meta_standard_ios_tw-en_pros_trial_ongoing_winning,instream_video,0.99,261,6,0,0,0,0.0,0,0,0.0,56,39
120246191491940167,tw_meta_standard_ios_tw-en_pros_trial_ongoing_winning,marketplace,0.61,533,1,0,0,0,0.0,0,0,0.0,0,0
120246191491940167,tw_meta_standard_ios_tw-en_pros_trial_ongoing_winning,search,0.49,196,1,0,0,0,0.0,0,0,0.0,0,0
120246191491950167,tw_meta_standard_ios_tw-en_pros_trial_ongoing_winning,an_classic,31.14,4748,1367,2,0,1,1.8,0,0,0.0,3796,363
120246191491950167,tw_meta_standard_ios_tw-en_pros_trial_ongoing_winning,biz_disco_feed,0.0,1,0,0,0,0,0.0,0,0,0.0,1,0
120246191491950167,tw_meta_standard_ios_tw-en_pros_trial_ongoing_winning,facebook_notification,6.18,641,13,0,0,0,0.0,0,0,0.0,0,0
120246191491950167,tw_meta_standard_ios_tw-en_pros_trial_ongoing_winning,facebook_profile_feed,67.43,13906,72,0,0,0,0.0,0,0,0.0,1656,35
120246191491950167,tw_meta_standard_ios_tw-en_pros_trial_ongoing_winning,facebook_reels,748.12,188785,871,41,23,17,28.2,0,7,0.0,27197,1136
120246191491950167,tw_meta_standard_ios_tw-en_pros_trial_ongoing_winning,facebook_reels_overlay,6.38,4421,36,0,0,0,0.0,0,0,0.0,1,0
120246191491950167,tw_meta_standard_ios_tw-en_pros_trial_ongoing_winning,facebook_stories,345.7,40092,923,13,7,3,5.1,0,0,0.0,6650,1184
120246191491950167,tw_meta_standard_ios_tw-en_pros_trial_ongoing_winning,feed,1642.26,256054,3275,88,39,16,27.29,1,7,0.0,38324,1786
120246191491950167,tw_meta_standard_ios_tw-en_pros_trial_ongoing_winning,instagram_explore_grid_home,0.22,208,0,0,0,0,0.0,0,0,0.0,144,2
120246191491950167,tw_meta_standard_ios_tw-en_pros_trial_ongoing_winning,instagram_reels,203.6,27064,120,8,0,1,1.65,0,0,0.0,3167,105
120246191491950167,tw_meta_standard_ios_tw-en_pros_trial_ongoing_winning,instagram_stories,123.43,17944,234,2,1,0,0.0,0,0,0.0,1205,189
120246191491950167,tw_meta_standard_ios_tw-en_pros_trial_ongoing_winning,instream_video,263.2,39029,987,19,7,2,3.38,0,0,0.0,22046,551
120246191491950167,tw_meta_standard_ios_tw-en_pros_trial_ongoing_winning,marketplace,7.78,3661,30,1,1,1,1.63,0,0,0.0,653,16
120246191491950167,tw_meta_standard_ios_tw-en_pros_trial_ongoing_winning,rewarded_video,71.59,14239,3733,3,0,0,0.0,0,0,0.0,14069,13463
120246191491950167,tw_meta_standard_ios_tw-en_pros_trial_ongoing_winning,search,28.55,4996,64,3,2,0,0.0,1,1,0.0,1074,33
120246191491950167,tw_meta_standard_ios_tw-en_pros_trial_ongoing_winning,threads_feed,0.33,162,0,0,0,0,0.0,0,0,0.0,56,0
120246191491950167,tw_meta_standard_ios_tw-en_pros_trial_ongoing_winning,unknown,0.0,1,0,0,0,0,0.0,0,0,0.0,0,0
120246280866310167,tw_meta_standard_ios_tw-en_pros_purchase_ongoing_no-disc_testing,an_classic,2.52,1802,11,0,0,0,0.0,0,0,0.0,0,0
120246280866310167,tw_meta_standard_ios_tw-en_pros_purchase_ongoing_no-disc_testing,facebook_notification,0.02,6,0,0,0,0,0.0,0,0,0.0,0,0
120246280866310167,tw_meta_standard_ios_tw-en_pros_purchase_ongoing_no-disc_testing,facebook_profile_feed,0.39,132,0,0,0,0,0.0,0,0,0.0,0,0
120246280866310167,tw_meta_standard_ios_tw-en_pros_purchase_ongoing_no-disc_testing,facebook_reels,2.8,1060,1,0,0,0,0.0,0,0,0.0,0,0
120246280866310167,tw_meta_standard_ios_tw-en_pros_purchase_ongoing_no-disc_testing,facebook_reels_overlay,5.64,4898,27,0,0,0,0.0,0,0,0.0,0,0
120246280866310167,tw_meta_standard_ios_tw-en_pros_purchase_ongoing_no-disc_testing,facebook_stories,8.45,2366,23,0,0,0,0.0,0,0,0.0,0,0
120246280866310167,tw_meta_standard_ios_tw-en_pros_purchase_ongoing_no-disc_testing,feed,76.13,34387,195,0,0,0,0.0,0,0,0.0,0,0
120246280866310167,tw_meta_standard_ios_tw-en_pros_purchase_ongoing_no-disc_testing,instagram_reels,9.0,3072,38,0,0,0,0.0,0,0,0.0,0,0
120246280866310167,tw_meta_standard_ios_tw-en_pros_purchase_ongoing_no-disc_testing,instagram_stories,24.32,5210,75,1,1,0,0.0,0,0,0.0,0,0
120246280866310167,tw_meta_standard_ios_tw-en_pros_purchase_ongoing_no-disc_testing,instream_video,9.05,3883,37,0,0,0,0.0,0,0,0.0,0,0
120246280866310167,tw_meta_standard_ios_tw-en_pros_purchase_ongoing_no-disc_testing,marketplace,0.49,453,0,0,0,0,0.0,0,0,0.0,0,0
120246280866310167,tw_meta_standard_ios_tw-en_pros_purchase_ongoing_no-disc_testing,search,0.68,38,1,0,0,0,0.0,0,0,0.0,0,0
120246280866310167,tw_meta_standard_ios_tw-en_pros_purchase_ongoing_no-disc_testing,threads_feed,48.44,129111,216,1,1,0,0.0,0,0,0.0,0,0
120246280866870167,tw_meta_standard_ios_tw-en_pros_purchase_ongoing_no-disc_testing,an_classic,0.67,373,9,0,0,0,0.0,0,0,0.0,0,0
120246280866870167,tw_meta_standard_ios_tw-en_pros_purchase_ongoing_no-disc_testing,facebook_notification,0.07,3,0,0,0,0,0.0,0,0,0.0,0,0
120246280866870167,tw_meta_standard_ios_tw-en_pros_purchase_ongoing_no-disc_testing,facebook_profile_feed,0.19,50,1,0,0,0,0.0,0,0,0.0,0,0
120246280866870167,tw_meta_standard_ios_tw-en_pros_purchase_ongoing_no-disc_testing,facebook_reels,0.4,135,4,0,0,0,0.0,0,0,0.0,0,0
120246280866870167,tw_meta_standard_ios_tw-en_pros_purchase_ongoing_no-disc_testing,facebook_reels_overlay,1.76,1283,9,0,0,0,0.0,0,0,0.0,0,0
120246280866870167,tw_meta_standard_ios_tw-en_pros_purchase_ongoing_no-disc_testing,facebook_stories,5.72,1574,14,0,0,0,0.0,0,0,0.0,0,0
120246280866870167,tw_meta_standard_ios_tw-en_pros_purchase_ongoing_no-disc_testing,feed,16.38,6506,31,0,0,0,0.0,0,0,0.0,0,0
120246280866870167,tw_meta_standard_ios_tw-en_pros_purchase_ongoing_no-disc_testing,instagram_reels,31.45,13086,284,0,0,0,0.0,0,0,0.0,0,0
120246280866870167,tw_meta_standard_ios_tw-en_pros_purchase_ongoing_no-disc_testing,instagram_stories,83.78,27306,645,0,0,0,0.0,0,0,0.0,0,0
120246280866870167,tw_meta_standard_ios_tw-en_pros_purchase_ongoing_no-disc_testing,instream_video,10.76,4297,43,0,0,0,0.0,0,0,0.0,0,0
120246280866870167,tw_meta_standard_ios_tw-en_pros_purchase_ongoing_no-disc_testing,marketplace,0.2,226,2,0,0,0,0.0,0,0,0.0,0,0
120246280866870167,tw_meta_standard_ios_tw-en_pros_purchase_ongoing_no-disc_testing,search,0.24,23,0,0,0,0,0.0,0,0,0.0,0,0
120246280866870167,tw_meta_standard_ios_tw-en_pros_purchase_ongoing_no-disc_testing,threads_feed,16.33,36147,70,1,0,0,0.0,0,0,0.0,0,0
120246280870660167,tw_meta_standard_ios_tw-en_pros_purchase_ongoing_no-disc_testing,an_classic,0.01,13,0,0,0,0,0.0,0,0,0.0,0,0
120246280870660167,tw_meta_standard_ios_tw-en_pros_purchase_ongoing_no-disc_testing,facebook_profile_feed,0.0,2,0,0,0,0,0.0,0,0,0.0,0,0
120246280870660167,tw_meta_standard_ios_tw-en_pros_purchase_ongoing_no-disc_testing,facebook_reels,1.69,932,16,0,0,0,0.0,0,0,0.0,0,0
120246280870660167,tw_meta_standard_ios_tw-en_pros_purchase_ongoing_no-disc_testing,facebook_stories,4.89,1762,43,0,0,0,0.0,0,0,0.0,0,0
120246280870660167,tw_meta_standard_ios_tw-en_pros_purchase_ongoing_no-disc_testing,feed,0.98,229,1,0,0,0,0.0,0,0,0.0,0,0
120246280870660167,tw_meta_standard_ios_tw-en_pros_purchase_ongoing_no-disc_testing,instagram_reels,40.1,17684,870,3,2,1,2.63,0,0,0.0,0,0
120246280870660167,tw_meta_standard_ios_tw-en_pros_purchase_ongoing_no-disc_testing,instagram_stories,99.5,39813,1153,0,0,0,0.0,0,0,0.0,0,0
120246280870660167,tw_meta_standard_ios_tw-en_pros_purchase_ongoing_no-disc_testing,instream_video,0.02,4,0,0,0,0,0.0,0,0,0.0,0,0
120246280870660167,tw_meta_standard_ios_tw-en_pros_purchase_ongoing_no-disc_testing,search,0.0,11,0,0,0,0,0.0,0,0,0.0,0,0
120246280870660167,tw_meta_standard_ios_tw-en_pros_purchase_ongoing_no-disc_testing,threads_feed,7.94,9690,35,0,0,0,0.0,0,0,0.0,0,0
120246280872770167,tw_meta_standard_ios_tw-en_pros_purchase_ongoing_no-disc_testing,an_classic,0.89,566,19,0,0,0,0.0,0,0,0.0,0,0
120246280872770167,tw_meta_standard_ios_tw-en_pros_purchase_ongoing_no-disc_testing,facebook_notification,0.04,9,0,0,0,0,0.0,0,0,0.0,0,0
120246280872770167,tw_meta_standard_ios_tw-en_pros_purchase_ongoing_no-disc_testing,facebook_profile_feed,0.09,47,1,0,0,0,0.0,0,0,0.0,0,0
120246280872770167,tw_meta_standard_ios_tw-en_pros_purchase_ongoing_no-disc_testing,facebook_reels,2.39,1301,7,0,0,0,0.0,0,0,0.0,0,0
120246280872770167,tw_meta_standard_ios_tw-en_pros_purchase_ongoing_no-disc_testing,facebook_reels_overlay,0.06,62,0,0,0,0,0.0,0,0,0.0,0,0
120246280872770167,tw_meta_standard_ios_tw-en_pros_purchase_ongoing_no-disc_testing,facebook_stories,5.65,1939,48,0,0,0,0.0,0,0,0.0,0,0
120246280872770167,tw_meta_standard_ios_tw-en_pros_purchase_ongoing_no-disc_testing,feed,7.32,3903,14,0,0,0,0.0,0,0,0.0,0,0
120246280872770167,tw_meta_standard_ios_tw-en_pros_purchase_ongoing_no-disc_testing,instagram_reels,42.16,21037,856,0,0,0,0.0,0,0,0.0,0,0
120246280872770167,tw_meta_standard_ios_tw-en_pros_purchase_ongoing_no-disc_testing,instagram_stories,57.42,21835,745,4,5,1,2.63,0,0,0.0,0,0
120246280872770167,tw_meta_standard_ios_tw-en_pros_purchase_ongoing_no-disc_testing,instream_video,0.54,152,5,0,0,0,0.0,0,0,0.0,0,0
120246280872770167,tw_meta_standard_ios_tw-en_pros_purchase_ongoing_no-disc_testing,marketplace,0.0,11,0,0,0,0,0.0,0,0,0.0,0,0
120246280872770167,tw_meta_standard_ios_tw-en_pros_purchase_ongoing_no-disc_testing,search,0.1,61,0,0,0,0,0.0,0,0,0.0,0,0
120246280872770167,tw_meta_standard_ios_tw-en_pros_purchase_ongoing_no-disc_testing,threads_feed,48.64,33138,344,0,0,0,0.0,0,0,0.0,0,0
120246280873500167,tw_meta_standard_ios_tw-en_pros_purchase_ongoing_no-disc_testing,an_classic,3.07,1292,19,0,0,0,0.0,0,0,0.0,0,0
120246280873500167,tw_meta_standard_ios_tw-en_pros_purchase_ongoing_no-disc_testing,facebook_notification,0.01,3,0,0,0,0,0.0,0,0,0.0,0,0
120246280873500167,tw_meta_standard_ios_tw-en_pros_purchase_ongoing_no-disc_testing,facebook_profile_feed,0.4,152,0,0,0,0,0.0,0,0,0.0,0,0
120246280873500167,tw_meta_standard_ios_tw-en_pros_purchase_ongoing_no-disc_testing,facebook_reels,1.64,541,1,0,0,0,0.0,0,0,0.0,0,0
120246280873500167,tw_meta_standard_ios_tw-en_pros_purchase_ongoing_no-disc_testing,facebook_reels_overlay,0.64,509,3,0,0,0,0.0,0,0,0.0,0,0
120246280873500167,tw_meta_standard_ios_tw-en_pros_purchase_ongoing_no-disc_testing,facebook_stories,9.42,3453,32,0,0,0,0.0,0,0,0.0,0,0
120246280873500167,tw_meta_standard_ios_tw-en_pros_purchase_ongoing_no-disc_testing,feed,36.16,13368,63,0,0,0,0.0,0,0,0.0,0,0
120246280873500167,tw_meta_standard_ios_tw-en_pros_purchase_ongoing_no-disc_testing,instagram_reels,6.32,2178,16,0,0,0,0.0,0,0,0.0,0,0
120246280873500167,tw_meta_standard_ios_tw-en_pros_purchase_ongoing_no-disc_testing,instagram_stories,45.83,18001,137,0,0,0,0.0,0,0,0.0,0,0
120246280873500167,tw_meta_standard_ios_tw-en_pros_purchase_ongoing_no-disc_testing,instream_video,2.96,963,19,0,0,0,0.0,0,0,0.0,0,0
120246280873500167,tw_meta_standard_ios_tw-en_pros_purchase_ongoing_no-disc_testing,marketplace,0.22,214,0,0,0,0,0.0,0,0,0.0,0,0
120246280873500167,tw_meta_standard_ios_tw-en_pros_purchase_ongoing_no-disc_testing,search,0.01,27,0,0,0,0,0.0,0,0,0.0,0,0
120246280873500167,tw_meta_standard_ios_tw-en_pros_purchase_ongoing_no-disc_testing,threads_feed,56.65,178232,187,2,0,2,5.49,0,0,0.0,0,0
120246280884370167,tw_meta_standard_ios_tw-en_pros_purchase_ongoing_no-disc_testing,an_classic,1.88,1674,21,0,0,0,0.0,0,0,0.0,0,0
120246280884370167,tw_meta_standard_ios_tw-en_pros_purchase_ongoing_no-disc_testing,biz_disco_feed,0.01,1,0,0,0,0,0.0,0,0,0.0,0,0
120246280884370167,tw_meta_standard_ios_tw-en_pros_purchase_ongoing_no-disc_testing,facebook_notification,0.0,1,0,0,0,0,0.0,0,0,0.0,0,0
120246280884370167,tw_meta_standard_ios_tw-en_pros_purchase_ongoing_no-disc_testing,facebook_profile_feed,0.08,61,0,0,0,0,0.0,0,0,0.0,0,0
120246280884370167,tw_meta_standard_ios_tw-en_pros_purchase_ongoing_no-disc_testing,facebook_reels,3.23,1428,11,0,0,0,0.0,0,0,0.0,0,0
120246280884370167,tw_meta_standard_ios_tw-en_pros_purchase_ongoing_no-disc_testing,facebook_reels_overlay,0.03,40,1,0,0,0,0.0,0,0,0.0,0,0
120246280884370167,tw_meta_standard_ios_tw-en_pros_purchase_ongoing_no-disc_testing,facebook_stories,10.58,3231,53,0,0,0,0.0,0,0,0.0,0,0
120246280884370167,tw_meta_standard_ios_tw-en_pros_purchase_ongoing_no-disc_testing,feed,11.57,4102,16,0,0,0,0.0,0,0,0.0,0,0
120246280884370167,tw_meta_standard_ios_tw-en_pros_purchase_ongoing_no-disc_testing,instagram_reels,75.07,34956,1313,4,2,0,0.0,0,0,0.0,0,0
120246280884370167,tw_meta_standard_ios_tw-en_pros_purchase_ongoing_no-disc_testing,instagram_stories,81.73,33381,1090,6,2,3,7.51,0,0,0.0,0,0
120246280884370167,tw_meta_standard_ios_tw-en_pros_purchase_ongoing_no-disc_testing,instream_video,0.13,62,2,0,0,0,0.0,0,0,0.0,0,0
120246280884370167,tw_meta_standard_ios_tw-en_pros_purchase_ongoing_no-disc_testing,marketplace,0.0,11,0,0,0,0,0.0,0,0,0.0,0,0
120246280884370167,tw_meta_standard_ios_tw-en_pros_purchase_ongoing_no-disc_testing,search,1.65,1187,8,1,0,1,2.69,0,0,0.0,0,0
120246280884370167,tw_meta_standard_ios_tw-en_pros_purchase_ongoing_no-disc_testing,threads_feed,322.78,372939,5108,19,10,2,5.25,0,0,0.0,0,0
120246280887120167,tw_meta_standard_ios_tw-en_pros_purchase_ongoing_no-disc_testing,an_classic,0.03,7,1,0,0,0,0.0,0,0,0.0,7,1
120246280887120167,tw_meta_standard_ios_tw-en_pros_purchase_ongoing_no-disc_testing,facebook_profile_feed,0.12,41,0,0,0,0,0.0,0,0,0.0,4,0
120246280887120167,tw_meta_standard_ios_tw-en_pros_purchase_ongoing_no-disc_testing,facebook_reels,101.43,23872,181,5,2,2,5.25,0,0,0.0,4173,141
120246280887120167,tw_meta_standard_ios_tw-en_pros_purchase_ongoing_no-disc_testing,facebook_reels_overlay,0.02,14,0,0,0,0,0.0,0,0,0.0,0,0
120246280887120167,tw_meta_standard_ios_tw-en_pros_purchase_ongoing_no-disc_testing,facebook_stories,2.07,318,9,0,0,0,0.0,0,0,0.0,37,4
120246280887120167,tw_meta_standard_ios_tw-en_pros_purchase_ongoing_no-disc_testing,feed,17.0,2103,23,0,1,0,0.0,0,0,0.0,651,33
120246280887120167,tw_meta_standard_ios_tw-en_pros_purchase_ongoing_no-disc_testing,instagram_reels,5.54,1262,10,0,0,0,0.0,0,0,0.0,204,6
120246280887120167,tw_meta_standard_ios_tw-en_pros_purchase_ongoing_no-disc_testing,instagram_stories,27.09,5959,159,2,1,0,0.0,0,0,0.0,204,16
120246280887120167,tw_meta_standard_ios_tw-en_pros_purchase_ongoing_no-disc_testing,instream_video,1.37,272,3,0,0,0,0.0,0,0,0.0,126,2
120246280887120167,tw_meta_standard_ios_tw-en_pros_purchase_ongoing_no-disc_testing,rewarded_video,0.33,13,1,0,0,0,0.0,0,0,0.0,13,12
120246280887120167,tw_meta_standard_ios_tw-en_pros_purchase_ongoing_no-disc_testing,search,0.06,26,0,0,0,0,0.0,0,0,0.0,5,0
120246280887120167,tw_meta_standard_ios_tw-en_pros_purchase_ongoing_no-disc_testing,threads_feed,8.37,10125,9,1,0,1,2.35,0,0,0.0,655,15
120246280893240167,tw_meta_standard_ios_tw-en_pros_purchase_ongoing_no-disc_testing,an_classic,4.6,432,32,0,0,0,0.0,0,0,0.0,306,44
120246280893240167,tw_meta_standard_ios_tw-en_pros_purchase_ongoing_no-disc_testing,facebook_notification,0.17,27,1,0,0,0,0.0,0,0,0.0,0,0
120246280893240167,tw_meta_standard_ios_tw-en_pros_purchase_ongoing_no-disc_testing,facebook_profile_feed,8.17,2081,3,0,0,0,0.0,0,0,0.0,375,12
120246280893240167,tw_meta_standard_ios_tw-en_pros_purchase_ongoing_no-disc_testing,facebook_reels,854.02,195660,1464,47,24,12,29.73,0,0,0.0,41442,1222
120246280893240167,tw_meta_standard_ios_tw-en_pros_purchase_ongoing_no-disc_testing,facebook_reels_overlay,0.17,108,0,0,0,0,0.0,0,0,0.0,0,0
120246280893240167,tw_meta_standard_ios_tw-en_pros_purchase_ongoing_no-disc_testing,facebook_stories,45.5,5480,55,1,0,1,2.5,0,0,0.0,834,116
120246280893240167,tw_meta_standard_ios_tw-en_pros_purchase_ongoing_no-disc_testing,feed,292.76,42690,342,8,2,3,7.31,0,0,0.0,14134,426
120246280893240167,tw_meta_standard_ios_tw-en_pros_purchase_ongoing_no-disc_testing,instagram_reels,425.06,102967,494,8,11,4,10.35,0,0,0.0,20615,484
120246280893240167,tw_meta_standard_ios_tw-en_pros_purchase_ongoing_no-disc_testing,instagram_search,0.01,3,0,0,0,0,0.0,0,0,0.0,0,0
120246280893240167,tw_meta_standard_ios_tw-en_pros_purchase_ongoing_no-disc_testing,instagram_stories,96.43,17329,315,1,2,0,0.0,0,0,0.0,1556,85
120246280893240167,tw_meta_standard_ios_tw-en_pros_purchase_ongoing_no-disc_testing,instream_video,11.21,1410,39,0,0,0,0.0,0,0,0.0,728,10
120246280893240167,tw_meta_standard_ios_tw-en_pros_purchase_ongoing_no-disc_testing,marketplace,0.02,23,0,0,0,0,0.0,0,0,0.0,4,0
120246280893240167,tw_meta_standard_ios_tw-en_pros_purchase_ongoing_no-disc_testing,rewarded_video,14.77,1074,205,0,0,0,0.0,0,0,0.0,1050,388
120246280893240167,tw_meta_standard_ios_tw-en_pros_purchase_ongoing_no-disc_testing,search,2.44,854,9,0,0,0,0.0,0,0,0.0,178,2
120246280893240167,tw_meta_standard_ios_tw-en_pros_purchase_ongoing_no-disc_testing,threads_feed,146.26,128809,83,1,0,0,0.0,0,0,0.0,7143,102
120246280900700167,tw_meta_standard_ios_tw-en_pros_purchase_ongoing_no-disc_testing,an_classic,0.53,34,5,0,0,0,0.0,0,0,0.0,25,3
120246280900700167,tw_meta_standard_ios_tw-en_pros_purchase_ongoing_no-disc_testing,facebook_notification,0.02,4,0,0,0,0,0.0,0,0,0.0,0,0
120246280900700167,tw_meta_standard_ios_tw-en_pros_purchase_ongoing_no-disc_testing,facebook_profile_feed,0.24,45,0,0,0,0,0.0,0,0,0.0,2,0
120246280900700167,tw_meta_standard_ios_tw-en_pros_purchase_ongoing_no-disc_testing,facebook_reels,15.81,6634,37,2,2,0,0.0,0,0,0.0,784,26
120246280900700167,tw_meta_standard_ios_tw-en_pros_purchase_ongoing_no-disc_testing,facebook_reels_overlay,0.93,881,6,0,0,0,0.0,0,0,0.0,0,0
120246280900700167,tw_meta_standard_ios_tw-en_pros_purchase_ongoing_no-disc_testing,facebook_stories,21.08,3009,61,0,0,0,0.0,0,0,0.0,314,72
120246280900700167,tw_meta_standard_ios_tw-en_pros_purchase_ongoing_no-disc_testing,feed,74.82,22028,162,0,0,0,0.0,0,0,0.0,4138,119
120246280900700167,tw_meta_standard_ios_tw-en_pros_purchase_ongoing_no-disc_testing,instagram_reels,2.59,282,1,0,0,0,0.0,0,0,0.0,32,2
120246280900700167,tw_meta_standard_ios_tw-en_pros_purchase_ongoing_no-disc_testing,instagram_stories,19.53,5821,77,0,0,0,0.0,0,0,0.0,233,42
120246280900700167,tw_meta_standard_ios_tw-en_pros_purchase_ongoing_no-disc_testing,instream_video,17.08,3784,63,0,0,0,0.0,0,0,0.0,1447,26
120246280900700167,tw_meta_standard_ios_tw-en_pros_purchase_ongoing_no-disc_testing,marketplace,0.0,10,0,0,0,0,0.0,0,0,0.0,2,0
120246280900700167,tw_meta_standard_ios_tw-en_pros_purchase_ongoing_no-disc_testing,rewarded_video,4.76,364,58,0,0,0,0.0,0,0,0.0,361,133
120246280900700167,tw_meta_standard_ios_tw-en_pros_purchase_ongoing_no-disc_testing,search,0.06,6,0,0,0,0,0.0,0,0,0.0,0,0
120246280900700167,tw_meta_standard_ios_tw-en_pros_purchase_ongoing_no-disc_testing,threads_feed,1.64,1331,0,0,0,0,0.0,0,0,0.0,46,1
120246280902840167,tw_meta_standard_ios_tw-en_pros_purchase_ongoing_no-disc_testing,an_classic,0.34,49,4,0,0,0,0.0,0,0,0.0,33,8
120246280902840167,tw_meta_standard_ios_tw-en_pros_purchase_ongoing_no-disc_testing,facebook_notification,0.06,9,0,0,0,0,0.0,0,0,0.0,0,0
120246280902840167,tw_meta_standard_ios_tw-en_pros_purchase_ongoing_no-disc_testing,facebook_profile_feed,0.49,162,1,0,0,0,0.0,0,0,0.0,17,0
120246280902840167,tw_meta_standard_ios_tw-en_pros_purchase_ongoing_no-disc_testing,facebook_reels,41.12,13698,77,0,0,0,0.0,0,0,0.0,1726,62
120246280902840167,tw_meta_standard_ios_tw-en_pros_purchase_ongoing_no-disc_testing,facebook_reels_overlay,1.3,1497,13,0,0,0,0.0,0,0,0.0,0,0
120246280902840167,tw_meta_standard_ios_tw-en_pros_purchase_ongoing_no-disc_testing,facebook_stories,15.47,2451,56,0,0,0,0.0,0,0,0.0,227,78
120246280902840167,tw_meta_standard_ios_tw-en_pros_purchase_ongoing_no-disc_testing,feed,48.67,27283,155,5,3,1,3.04,0,0,0.0,3261,152
120246280902840167,tw_meta_standard_ios_tw-en_pros_purchase_ongoing_no-disc_testing,instagram_reels,9.03,1551,7,0,0,0,0.0,0,0,0.0,171,6
120246280902840167,tw_meta_standard_ios_tw-en_pros_purchase_ongoing_no-disc_testing,instagram_stories,28.56,10355,103,0,0,0,0.0,0,0,0.0,324,74
120246280902840167,tw_meta_standard_ios_tw-en_pros_purchase_ongoing_no-disc_testing,instream_video,28.77,6555,140,1,1,0,0.0,0,0,0.0,2391,35
120246280902840167,tw_meta_standard_ios_tw-en_pros_purchase_ongoing_no-disc_testing,marketplace,0.03,20,0,0,0,0,0.0,0,0,0.0,1,0
120246280902840167,tw_meta_standard_ios_tw-en_pros_purchase_ongoing_no-disc_testing,rewarded_video,1.86,147,18,0,0,0,0.0,0,0,0.0,142,132
120246280902840167,tw_meta_standard_ios_tw-en_pros_purchase_ongoing_no-disc_testing,search,0.1,11,1,1,0,0,0.0,0,0,0.0,1,0
120246280902840167,tw_meta_standard_ios_tw-en_pros_purchase_ongoing_no-disc_testing,threads_feed,6.18,10906,7,0,0,0,0.0,0,0,0.0,329,8
120246280903630167,tw_meta_standard_ios_tw-en_pros_purchase_ongoing_no-disc_testing,an_classic,0.1,13,1,0,0,0,0.0,0,0,0.0,10,1
120246280903630167,tw_meta_standard_ios_tw-en_pros_purchase_ongoing_no-disc_testing,facebook_notification,0.01,3,0,0,0,0,0.0,0,0,0.0,0,0
120246280903630167,tw_meta_standard_ios_tw-en_pros_purchase_ongoing_no-disc_testing,facebook_profile_feed,0.04,18,0,0,0,0,0.0,0,0,0.0,2,0
120246280903630167,tw_meta_standard_ios_tw-en_pros_purchase_ongoing_no-disc_testing,facebook_reels,5.45,1997,14,1,0,0,0.0,0,0,0.0,247,11
120246280903630167,tw_meta_standard_ios_tw-en_pros_purchase_ongoing_no-disc_testing,facebook_reels_overlay,0.59,377,3,0,0,0,0.0,0,0,0.0,0,0
120246280903630167,tw_meta_standard_ios_tw-en_pros_purchase_ongoing_no-disc_testing,facebook_stories,5.88,917,23,0,0,0,0.0,0,0,0.0,85,24
120246280903630167,tw_meta_standard_ios_tw-en_pros_purchase_ongoing_no-disc_testing,feed,36.42,13013,88,0,0,0,0.0,0,0,0.0,1762,79
120246280903630167,tw_meta_standard_ios_tw-en_pros_purchase_ongoing_no-disc_testing,instagram_reels,3.28,483,5,0,0,0,0.0,0,0,0.0,66,1
120246280903630167,tw_meta_standard_ios_tw-en_pros_purchase_ongoing_no-disc_testing,instagram_stories,10.31,3114,35,0,0,0,0.0,0,0,0.0,137,26
120246280903630167,tw_meta_standard_ios_tw-en_pros_purchase_ongoing_no-disc_testing,instream_video,10.49,2309,50,0,0,0,0.0,0,0,0.0,906,13
120246280903630167,tw_meta_standard_ios_tw-en_pros_purchase_ongoing_no-disc_testing,marketplace,0.0,3,0,0,0,0,0.0,0,0,0.0,2,0
120246280903630167,tw_meta_standard_ios_tw-en_pros_purchase_ongoing_no-disc_testing,rewarded_video,0.19,26,2,0,0,0,0.0,0,0,0.0,26,26
120246280903630167,tw_meta_standard_ios_tw-en_pros_purchase_ongoing_no-disc_testing,search,0.26,9,0,0,0,0,0.0,0,0,0.0,4,0
120246280903630167,tw_meta_standard_ios_tw-en_pros_purchase_ongoing_no-disc_testing,threads_feed,3.35,5165,3,0,0,0,0.0,0,0,0.0,110,5
120246282571790167,tw_meta_standard_ios_tw-en_pros_purchase_ongoing_no-disc_testing,an_classic,0.23,34,7,0,0,0,0.0,0,0,0.0,22,0
120246282571790167,tw_meta_standard_ios_tw-en_pros_purchase_ongoing_no-disc_testing,facebook_notification,0.03,4,0,0,0,0,0.0,0,0,0.0,0,0
120246282571790167,tw_meta_standard_ios_tw-en_pros_purchase_ongoing_no-disc_testing,facebook_profile_feed,0.15,65,1,0,0,0,0.0,0,0,0.0,5,0
120246282571790167,tw_meta_standard_ios_tw-en_pros_purchase_ongoing_no-disc_testing,facebook_reels,27.28,7997,53,0,0,0,0.0,0,0,0.0,1067,30
120246282571790167,tw_meta_standard_ios_tw-en_pros_purchase_ongoing_no-disc_testing,facebook_reels_overlay,2.35,1909,7,0,0,0,0.0,0,0,0.0,0,0
120246282571790167,tw_meta_standard_ios_tw-en_pros_purchase_ongoing_no-disc_testing,facebook_stories,30.58,3904,113,0,0,0,0.0,0,0,0.0,519,26
120246282571790167,tw_meta_standard_ios_tw-en_pros_purchase_ongoing_no-disc_testing,feed,60.38,20479,181,2,1,2,5.25,0,0,0.0,2458,53
120246282571790167,tw_meta_standard_ios_tw-en_pros_purchase_ongoing_no-disc_testing,instagram_explore_grid_home,0.0,5,0,0,0,0,0.0,0,0,0.0,2,0
120246282571790167,tw_meta_standard_ios_tw-en_pros_purchase_ongoing_no-disc_testing,instagram_reels,4.27,442,2,0,0,0,0.0,0,0,0.0,52,2
120246282571790167,tw_meta_standard_ios_tw-en_pros_purchase_ongoing_no-disc_testing,instagram_stories,12.52,3042,36,0,0,0,0.0,0,0,0.0,182,37
120246282571790167,tw_meta_standard_ios_tw-en_pros_purchase_ongoing_no-disc_testing,instream_video,18.71,4254,107,0,0,0,0.0,0,0,0.0,1868,16
120246282571790167,tw_meta_standard_ios_tw-en_pros_purchase_ongoing_no-disc_testing,marketplace,0.38,193,2,0,0,0,0.0,0,0,0.0,30,0
120246282571790167,tw_meta_standard_ios_tw-en_pros_purchase_ongoing_no-disc_testing,search,0.57,35,1,0,0,0,0.0,0,0,0.0,5,0
120246282571790167,tw_meta_standard_ios_tw-en_pros_purchase_ongoing_no-disc_testing,threads_feed,4.97,4585,5,0,0,0,0.0,0,0,0.0,179,1
120246282571790167,tw_meta_standard_ios_tw-en_pros_purchase_ongoing_no-disc_testing,unknown,0.0,1,0,0,0,0,0.0,0,0,0.0,0,0
120246282589460167,tw_meta_standard_ios_tw-en_pros_purchase_ongoing_no-disc_testing,an_classic,0.45,17,4,0,0,0,0.0,0,0,0.0,17,0
120246282589460167,tw_meta_standard_ios_tw-en_pros_purchase_ongoing_no-disc_testing,facebook_notification,0.16,11,2,0,0,0,0.0,0,0,0.0,0,0
120246282589460167,tw_meta_standard_ios_tw-en_pros_purchase_ongoing_no-disc_testing,facebook_profile_feed,1.19,293,5,0,0,0,0.0,0,0,0.0,29,1
120246282589460167,tw_meta_standard_ios_tw-en_pros_purchase_ongoing_no-disc_testing,facebook_reels,24.14,5657,33,0,0,0,0.0,0,0,0.0,1083,26
120246282589460167,tw_meta_standard_ios_tw-en_pros_purchase_ongoing_no-disc_testing,facebook_reels_overlay,0.09,80,0,0,0,0,0.0,0,0,0.0,0,0
120246282589460167,tw_meta_standard_ios_tw-en_pros_purchase_ongoing_no-disc_testing,facebook_stories,12.54,1936,48,3,3,0,0.0,0,0,0.0,319,12
120246282589460167,tw_meta_standard_ios_tw-en_pros_purchase_ongoing_no-disc_testing,feed,49.06,11360,98,6,4,4,10.2,0,0,0.0,1738,33
120246282589460167,tw_meta_standard_ios_tw-en_pros_purchase_ongoing_no-disc_testing,instagram_reels,22.77,2545,11,4,0,0,0.0,0,0,0.0,428,9
120246282589460167,tw_meta_standard_ios_tw-en_pros_purchase_ongoing_no-disc_testing,instagram_stories,8.2,1469,23,0,0,0,0.0,0,0,0.0,130,10
120246282589460167,tw_meta_standard_ios_tw-en_pros_purchase_ongoing_no-disc_testing,instream_video,5.09,1016,33,0,0,0,0.0,0,0,0.0,539,8
120246282589460167,tw_meta_standard_ios_tw-en_pros_purchase_ongoing_no-disc_testing,marketplace,0.02,9,0,0,0,0,0.0,0,0,0.0,0,0
120246282589460167,tw_meta_standard_ios_tw-en_pros_purchase_ongoing_no-disc_testing,search,0.07,7,1,0,0,0,0.0,0,0,0.0,3,0
120246282589460167,tw_meta_standard_ios_tw-en_pros_purchase_ongoing_no-disc_testing,threads_feed,4.64,4032,2,0,0,0,0.0,0,0,0.0,169,0
120246282591040167,tw_meta_standard_ios_tw-en_pros_purchase_ongoing_no-disc_testing,an_classic,0.97,143,20,0,0,0,0.0,0,0,0.0,112,6
120246282591040167,tw_meta_standard_ios_tw-en_pros_purchase_ongoing_no-disc_testing,facebook_notification,0.36,48,1,0,0,0,0.0,0,0,0.0,0,0
120246282591040167,tw_meta_standard_ios_tw-en_pros_purchase_ongoing_no-disc_testing,facebook_profile_feed,7.54,1306,5,0,0,0,0.0,0,0,0.0,239,5
120246282591040167,tw_meta_standard_ios_tw-en_pros_purchase_ongoing_no-disc_testing,facebook_reels,174.84,38241,246,12,8,2,4.93,0,0,0.0,12041,156
120246282591040167,tw_meta_standard_ios_tw-en_pros_purchase_ongoing_no-disc_testing,facebook_reels_overlay,0.29,203,1,0,0,0,0.0,0,0,0.0,0,0
120246282591040167,tw_meta_standard_ios_tw-en_pros_purchase_ongoing_no-disc_testing,facebook_stories,35.61,4633,114,4,2,1,2.56,0,0,0.0,1191,32
120246282591040167,tw_meta_standard_ios_tw-en_pros_purchase_ongoing_no-disc_testing,feed,177.87,34006,417,20,11,7,18.11,0,0,0.0,9358,155
120246282591040167,tw_meta_standard_ios_tw-en_pros_purchase_ongoing_no-disc_testing,instagram_reels,49.59,6603,24,2,1,0,0.0,0,0,0.0,1607,24
120246282591040167,tw_meta_standard_ios_tw-en_pros_purchase_ongoing_no-disc_testing,instagram_stories,21.04,2865,44,0,0,0,0.0,0,0,0.0,413,44
120246282591040167,tw_meta_standard_ios_tw-en_pros_purchase_ongoing_no-disc_testing,instream_video,11.6,2399,55,0,0,0,0.0,0,0,0.0,1155,19
120246282591040167,tw_meta_standard_ios_tw-en_pros_purchase_ongoing_no-disc_testing,marketplace,0.28,95,1,0,0,0,0.0,0,0,0.0,19,0
120246282591040167,tw_meta_standard_ios_tw-en_pros_purchase_ongoing_no-disc_testing,search,0.37,51,1,0,0,0,0.0,0,0,0.0,8,0
120246282591040167,tw_meta_standard_ios_tw-en_pros_purchase_ongoing_no-disc_testing,threads_feed,51.49,37449,34,3,1,1,2.58,0,0,0.0,1795,9
120246331786010167,tw_meta_standard_ios_tw-en_pros_purchase_ongoing_no-disc_testing,an_classic,0.02,1,0,0,0,0,0.0,0,0,0.0,1,0
120246331786010167,tw_meta_standard_ios_tw-en_pros_purchase_ongoing_no-disc_testing,facebook_notification,0.48,40,2,0,0,0,0.0,0,0,0.0,0,0
120246331786010167,tw_meta_standard_ios_tw-en_pros_purchase_ongoing_no-disc_testing,facebook_reels,37.95,8242,146,0,0,0,0.0,0,0,0.0,2394,170
120246331786010167,tw_meta_standard_ios_tw-en_pros_purchase_ongoing_no-disc_testing,facebook_reels_overlay,0.0,1,0,0,0,0,0.0,0,0,0.0,0,0
120246331786010167,tw_meta_standard_ios_tw-en_pros_purchase_ongoing_no-disc_testing,facebook_stories,4.77,572,10,0,0,0,0.0,0,0,0.0,125,9
120246331786010167,tw_meta_standard_ios_tw-en_pros_purchase_ongoing_no-disc_testing,feed,84.6,18898,495,1,0,0,0.0,0,0,0.0,4410,243
120246331786010167,tw_meta_standard_ios_tw-en_pros_purchase_ongoing_no-disc_testing,instagram_explore_grid_home,0.44,232,0,0,0,0,0.0,0,0,0.0,133,1
120246331786010167,tw_meta_standard_ios_tw-en_pros_purchase_ongoing_no-disc_testing,instagram_reels,76.91,10595,460,2,0,0,0.0,0,0,0.0,3236,172
120246331786010167,tw_meta_standard_ios_tw-en_pros_purchase_ongoing_no-disc_testing,instagram_stories,59.96,11432,321,0,1,0,0.0,0,0,0.0,1273,21
120246331786010167,tw_meta_standard_ios_tw-en_pros_purchase_ongoing_no-disc_testing,instream_video,0.4,44,3,0,0,0,0.0,0,0,0.0,20,1
120246331786010167,tw_meta_standard_ios_tw-en_pros_purchase_ongoing_no-disc_testing,marketplace,0.03,12,0,0,0,0,0.0,0,0,0.0,2,0
120246331786010167,tw_meta_standard_ios_tw-en_pros_purchase_ongoing_no-disc_testing,rewarded_video,0.14,8,3,0,0,0,0.0,0,0,0.0,7,2
120246331786010167,tw_meta_standard_ios_tw-en_pros_purchase_ongoing_no-disc_testing,search,0.0,1,0,0,0,0,0.0,0,0,0.0,0,0
120246363710740167,tw_meta_standard_ios_tw-en_pros_trial_ongoing_scaling2,an_classic,26.73,9659,351,0,0,0,0.0,0,0,0.0,15,5
120246363710740167,tw_meta_standard_ios_tw-en_pros_trial_ongoing_scaling2,biz_disco_feed,0.02,4,0,0,0,0,0.0,0,0,0.0,0,0
120246363710740167,tw_meta_standard_ios_tw-en_pros_trial_ongoing_scaling2,facebook_notification,1.58,293,4,0,0,0,0.0,0,0,0.0,0,0
120246363710740167,tw_meta_standard_ios_tw-en_pros_trial_ongoing_scaling2,facebook_profile_feed,8.33,2956,14,0,0,0,0.0,0,0,0.0,4,1
120246363710740167,tw_meta_standard_ios_tw-en_pros_trial_ongoing_scaling2,facebook_reels,228.42,70029,259,17,4,5,11.23,0,0,0.0,151,54
120246363710740167,tw_meta_standard_ios_tw-en_pros_trial_ongoing_scaling2,facebook_reels_overlay,1.83,1369,9,0,0,0,0.0,0,0,0.0,0,0
120246363710740167,tw_meta_standard_ios_tw-en_pros_trial_ongoing_scaling2,facebook_stories,57.7,15984,134,1,2,0,0.0,0,0,0.0,21,12
120246363710740167,tw_meta_standard_ios_tw-en_pros_trial_ongoing_scaling2,feed,285.15,71068,318,14,7,4,7.86,0,2,0.0,909,207
120246363710740167,tw_meta_standard_ios_tw-en_pros_trial_ongoing_scaling2,instagram_reels,76.44,25614,304,2,0,1,2.31,0,0,0.0,52,20
120246363710740167,tw_meta_standard_ios_tw-en_pros_trial_ongoing_scaling2,instagram_stories,374.98,117475,1894,6,3,0,0.0,0,0,0.0,815,495
120246363710740167,tw_meta_standard_ios_tw-en_pros_trial_ongoing_scaling2,instream_video,12.53,3044,60,0,0,0,0.0,0,0,0.0,85,61
120246363710740167,tw_meta_standard_ios_tw-en_pros_trial_ongoing_scaling2,marketplace,0.67,528,1,0,0,0,0.0,0,0,0.0,1,0
120246363710740167,tw_meta_standard_ios_tw-en_pros_trial_ongoing_scaling2,rewarded_video,0.07,8,0,0,0,0,0.0,0,0,0.0,8,8
120246363710740167,tw_meta_standard_ios_tw-en_pros_trial_ongoing_scaling2,search,1.44,735,1,0,0,0,0.0,0,0,0.0,0,0
120246363710740167,tw_meta_standard_ios_tw-en_pros_trial_ongoing_scaling2,threads_feed,201.46,231674,403,3,0,0,0.0,0,0,0.0,0,0
120246363710870167,tw_meta_standard_ios_tw-en_pros_trial_ongoing_scaling2,an_classic,11.07,1098,182,0,0,0,0.0,0,0,0.0,792,73
120246363710870167,tw_meta_standard_ios_tw-en_pros_trial_ongoing_scaling2,facebook_notification,7.95,650,9,0,0,0,0.0,0,0,0.0,0,0
120246363710870167,tw_meta_standard_ios_tw-en_pros_trial_ongoing_scaling2,facebook_profile_feed,36.77,6779,41,0,0,0,0.0,0,0,0.0,861,14
120246363710870167,tw_meta_standard_ios_tw-en_pros_trial_ongoing_scaling2,facebook_reels,742.75,176031,741,30,23,12,21.2,1,6,0.0,24409,1013
120246363710870167,tw_meta_standard_ios_tw-en_pros_trial_ongoing_scaling2,facebook_reels_overlay,9.45,5868,29,0,0,0,0.0,0,0,0.0,0,0
120246363710870167,tw_meta_standard_ios_tw-en_pros_trial_ongoing_scaling2,facebook_stories,343.38,31011,676,5,4,4,4.46,0,0,0.0,5442,993
120246363710870167,tw_meta_standard_ios_tw-en_pros_trial_ongoing_scaling2,feed,1213.0,210623,1962,53,24,11,16.75,0,6,0.0,31498,1298
120246363710870167,tw_meta_standard_ios_tw-en_pros_trial_ongoing_scaling2,instagram_explore_grid_home,0.16,116,0,0,0,0,0.0,0,0,0.0,77,3
120246363710870167,tw_meta_standard_ios_tw-en_pros_trial_ongoing_scaling2,instagram_reels,278.18,36297,105,8,3,4,5.52,0,0,0.0,4224,199
120246363710870167,tw_meta_standard_ios_tw-en_pros_trial_ongoing_scaling2,instagram_stories,234.59,40291,420,7,3,3,5.69,0,0,0.0,2635,388
120246363710870167,tw_meta_standard_ios_tw-en_pros_trial_ongoing_scaling2,instream_video,214.29,32303,726,9,3,1,2.21,0,1,0.0,15911,308
120246363710870167,tw_meta_standard_ios_tw-en_pros_trial_ongoing_scaling2,marketplace,5.02,2226,14,0,0,0,0.0,0,0,0.0,379,10
120246363710870167,tw_meta_standard_ios_tw-en_pros_trial_ongoing_scaling2,rewarded_video,19.09,1399,288,3,1,0,0.0,0,0,0.0,1372,1301
120246363710870167,tw_meta_standard_ios_tw-en_pros_trial_ongoing_scaling2,search,12.06,1854,19,0,0,0,0.0,0,0,0.0,405,14
120246363710870167,tw_meta_standard_ios_tw-en_pros_trial_ongoing_scaling2,threads_feed,85.13,70397,34,0,0,0,0.0,0,0,0.0,2415,73
120246363710880167,tw_meta_standard_ios_tw-en_pros_trial_ongoing_scaling2,an_classic,14.25,1196,276,0,0,0,0.0,0,0,0.0,881,96
120246363710880167,tw_meta_standard_ios_tw-en_pros_trial_ongoing_scaling2,biz_disco_feed,0.0,2,0,0,0,0,0.0,0,0,0.0,1,0
120246363710880167,tw_meta_standard_ios_tw-en_pros_trial_ongoing_scaling2,facebook_notification,25.05,2532,48,0,0,0,0.0,0,0,0.0,0,0
120246363710880167,tw_meta_standard_ios_tw-en_pros_trial_ongoing_scaling2,facebook_reels,680.7,123405,841,36,19,6,11.43,0,2,0.0,23863,1553
120246363710880167,tw_meta_standard_ios_tw-en_pros_trial_ongoing_scaling2,facebook_reels_overlay,20.33,15519,84,0,0,0,0.0,0,0,0.0,0,0
120246363710880167,tw_meta_standard_ios_tw-en_pros_trial_ongoing_scaling2,facebook_stories,371.69,37391,1266,13,5,5,10.27,0,2,0.0,5801,1117
120246363710880167,tw_meta_standard_ios_tw-en_pros_trial_ongoing_scaling2,feed,1559.66,387353,4334,53,28,14,23.66,0,5,0.0,66342,2939
120246363710880167,tw_meta_standard_ios_tw-en_pros_trial_ongoing_scaling2,instagram_explore_grid_home,2.47,1673,6,0,0,0,0.0,0,0,0.0,1021,16
120246363710880167,tw_meta_standard_ios_tw-en_pros_trial_ongoing_scaling2,instagram_reels,925.11,123385,853,29,12,8,14.56,0,0,0.0,19676,1174
120246363710880167,tw_meta_standard_ios_tw-en_pros_trial_ongoing_scaling2,instagram_stories,702.39,231751,3506,26,14,6,10.58,0,1,0.0,7963,953
120246363710880167,tw_meta_standard_ios_tw-en_pros_trial_ongoing_scaling2,instream_video,180.06,33819,757,6,1,1,2.24,0,1,0.0,14902,262
120246363710880167,tw_meta_standard_ios_tw-en_pros_trial_ongoing_scaling2,marketplace,10.74,5095,37,0,0,0,0.0,0,0,0.0,787,31
120246363710880167,tw_meta_standard_ios_tw-en_pros_trial_ongoing_scaling2,rewarded_video,47.29,3415,843,2,0,0,0.0,0,0,0.0,3345,3142
120246363710880167,tw_meta_standard_ios_tw-en_pros_trial_ongoing_scaling2,search,25.64,10912,56,0,0,0,0.0,0,0,0.0,2219,48
120246363710890167,tw_meta_standard_ios_tw-en_pros_trial_ongoing_scaling2,an_classic,5.09,1893,44,0,0,0,0.0,0,0,0.0,0,0
120246363710890167,tw_meta_standard_ios_tw-en_pros_trial_ongoing_scaling2,facebook_notification,3.3,547,4,0,0,0,0.0,0,0,0.0,0,0
120246363710890167,tw_meta_standard_ios_tw-en_pros_trial_ongoing_scaling2,facebook_reels,7.14,2455,11,0,0,0,0.0,0,0,0.0,0,0
120246363710890167,tw_meta_standard_ios_tw-en_pros_trial_ongoing_scaling2,facebook_reels_overlay,32.71,18809,216,0,0,0,0.0,0,0,0.0,0,0
120246363710890167,tw_meta_standard_ios_tw-en_pros_trial_ongoing_scaling2,facebook_stories,99.98,15932,310,1,0,0,0.0,0,0,0.0,0,0
120246363710890167,tw_meta_standard_ios_tw-en_pros_trial_ongoing_scaling2,feed,658.27,166872,3532,19,10,3,6.52,0,0,0.0,0,0
120246363710890167,tw_meta_standard_ios_tw-en_pros_trial_ongoing_scaling2,instagram_reels,17.88,3290,71,0,0,0,0.0,0,0,0.0,0,0
120246363710890167,tw_meta_standard_ios_tw-en_pros_trial_ongoing_scaling2,instagram_stories,14.67,2797,30,0,0,0,0.0,0,0,0.0,0,0
120246363710890167,tw_meta_standard_ios_tw-en_pros_trial_ongoing_scaling2,instream_video,9.03,5443,71,1,1,0,0.0,0,0,0.0,0,0
120246363710890167,tw_meta_standard_ios_tw-en_pros_trial_ongoing_scaling2,marketplace,0.37,249,0,0,0,0,0.0,0,0,0.0,0,0
120246363710890167,tw_meta_standard_ios_tw-en_pros_trial_ongoing_scaling2,search,1.96,862,4,0,0,0,0.0,0,0,0.0,0,0
120246363710910167,tw_meta_standard_ios_tw-en_pros_trial_ongoing_scaling2,an_classic,0.5,43,7,0,0,0,0.0,0,0,0.0,30,4
120246363710910167,tw_meta_standard_ios_tw-en_pros_trial_ongoing_scaling2,facebook_notification,1.57,162,4,0,0,0,0.0,0,0,0.0,0,0
120246363710910167,tw_meta_standard_ios_tw-en_pros_trial_ongoing_scaling2,facebook_profile_feed,7.86,1401,7,0,0,0,0.0,0,0,0.0,190,2
120246363710910167,tw_meta_standard_ios_tw-en_pros_trial_ongoing_scaling2,facebook_reels,97.4,22509,127,4,2,1,2.3,0,0,0.0,5446,128
120246363710910167,tw_meta_standard_ios_tw-en_pros_trial_ongoing_scaling2,facebook_reels_overlay,0.11,78,1,0,0,0,0.0,0,0,0.0,0,0
120246363710910167,tw_meta_standard_ios_tw-en_pros_trial_ongoing_scaling2,facebook_stories,66.05,5949,190,3,0,2,4.48,0,0,0.0,1494,166
120246363710910167,tw_meta_standard_ios_tw-en_pros_trial_ongoing_scaling2,feed,111.66,24576,246,2,0,0,0.0,0,0,0.0,5713,135
120246363710910167,tw_meta_standard_ios_tw-en_pros_trial_ongoing_scaling2,instagram_explore_grid_home,0.02,33,0,0,0,0,0.0,0,0,0.0,23,0
120246363710910167,tw_meta_standard_ios_tw-en_pros_trial_ongoing_scaling2,instagram_reels,84.87,15954,38,2,3,0,0.0,0,0,0.0,3294,61
120246363710910167,tw_meta_standard_ios_tw-en_pros_trial_ongoing_scaling2,instagram_search,0.0,1,0,0,0,0,0.0,0,0,0.0,0,0
120246363710910167,tw_meta_standard_ios_tw-en_pros_trial_ongoing_scaling2,instagram_stories,27.43,5654,59,0,0,0,0.0,0,0,0.0,626,8
120246363710910167,tw_meta_standard_ios_tw-en_pros_trial_ongoing_scaling2,instream_video,12.89,2374,80,0,0,0,0.0,0,0,0.0,1195,43
120246363710910167,tw_meta_standard_ios_tw-en_pros_trial_ongoing_scaling2,marketplace,0.54,260,4,0,0,0,0.0,0,0,0.0,47,2
120246363710910167,tw_meta_standard_ios_tw-en_pros_trial_ongoing_scaling2,rewarded_video,4.33,359,74,1,1,0,0.0,0,0,0.0,349,204
120246363710910167,tw_meta_standard_ios_tw-en_pros_trial_ongoing_scaling2,search,0.1,20,1,0,0,0,0.0,0,0,0.0,5,0
120246363710910167,tw_meta_standard_ios_tw-en_pros_trial_ongoing_scaling2,threads_feed,16.91,12561,11,0,0,0,0.0,0,0,0.0,802,16
120246363710920167,tw_meta_standard_ios_tw-en_pros_trial_ongoing_scaling2,an_classic,1.81,161,30,0,0,0,0.0,0,0,0.0,107,27
120246363710920167,tw_meta_standard_ios_tw-en_pros_trial_ongoing_scaling2,facebook_notification,1.24,112,4,0,0,0,0.0,0,0,0.0,0,0
120246363710920167,tw_meta_standard_ios_tw-en_pros_trial_ongoing_scaling2,facebook_profile_feed,0.35,170,1,0,0,0,0.0,0,0,0.0,13,1
120246363710920167,tw_meta_standard_ios_tw-en_pros_trial_ongoing_scaling2,facebook_reels,58.41,25273,95,0,0,0,0.0,0,0,0.0,1520,169
120246363710920167,tw_meta_standard_ios_tw-en_pros_trial_ongoing_scaling2,facebook_reels_overlay,0.17,130,2,0,0,0,0.0,0,0,0.0,0,0
120246363710920167,tw_meta_standard_ios_tw-en_pros_trial_ongoing_scaling2,facebook_stories,7.37,1196,20,0,0,0,0.0,0,0,0.0,108,42
120246363710920167,tw_meta_standard_ios_tw-en_pros_trial_ongoing_scaling2,feed,24.79,6987,54,1,0,1,2.17,0,0,0.0,1020,178
120246363710920167,tw_meta_standard_ios_tw-en_pros_trial_ongoing_scaling2,instagram_reels,10.49,2905,5,0,0,0,0.0,0,0,0.0,169,23
120246363710920167,tw_meta_standard_ios_tw-en_pros_trial_ongoing_scaling2,instagram_stories,213.6,88051,1224,3,1,1,2.33,0,0,0.0,2020,713
120246363710920167,tw_meta_standard_ios_tw-en_pros_trial_ongoing_scaling2,instream_video,16.29,3775,97,0,0,0,0.0,0,0,0.0,1520,830
120246363710920167,tw_meta_standard_ios_tw-en_pros_trial_ongoing_scaling2,marketplace,0.04,11,0,0,0,0,0.0,0,0,0.0,1,1
120246363710920167,tw_meta_standard_ios_tw-en_pros_trial_ongoing_scaling2,rewarded_video,0.08,13,1,0,0,0,0.0,0,0,0.0,12,12
120246363710920167,tw_meta_standard_ios_tw-en_pros_trial_ongoing_scaling2,search,1.16,471,5,0,0,0,0.0,0,0,0.0,130,30
120246363710920167,tw_meta_standard_ios_tw-en_pros_trial_ongoing_scaling2,threads_feed,32.33,32743,23,0,0,0,0.0,0,0,0.0,1603,452
120246363710970167,tw_meta_standard_ios_tw-en_pros_trial_ongoing_scaling2,an_classic,3.26,140,46,0,0,0,0.0,0,0,0.0,120,15
120246363710970167,tw_meta_standard_ios_tw-en_pros_trial_ongoing_scaling2,biz_disco_feed,0.02,2,0,0,0,0,0.0,0,0,0.0,0,0
120246363710970167,tw_meta_standard_ios_tw-en_pros_trial_ongoing_scaling2,facebook_notification,1.01,106,1,0,0,0,0.0,0,0,0.0,0,0
120246363710970167,tw_meta_standard_ios_tw-en_pros_trial_ongoing_scaling2,facebook_profile_feed,9.56,1926,10,0,0,0,0.0,0,0,0.0,314,8
120246363710970167,tw_meta_standard_ios_tw-en_pros_trial_ongoing_scaling2,facebook_reels,90.52,26130,161,9,3,0,0.0,0,0,0.0,4570,153
120246363710970167,tw_meta_standard_ios_tw-en_pros_trial_ongoing_scaling2,facebook_reels_overlay,0.85,687,4,0,0,0,0.0,0,0,0.0,0,0
120246363710970167,tw_meta_standard_ios_tw-en_pros_trial_ongoing_scaling2,facebook_stories,102.75,11963,331,0,0,0,0.0,0,0,0.0,1878,275
120246363710970167,tw_meta_standard_ios_tw-en_pros_trial_ongoing_scaling2,feed,92.89,14573,141,2,0,0,0.0,0,0,0.0,3485,110
120246363710970167,tw_meta_standard_ios_tw-en_pros_trial_ongoing_scaling2,instagram_reels,18.11,2558,10,0,0,0,0.0,0,0,0.0,456,10
120246363710970167,tw_meta_standard_ios_tw-en_pros_trial_ongoing_scaling2,instream_video,37.75,7602,173,0,0,0,0.0,0,0,0.0,3678,99
120246363710970167,tw_meta_standard_ios_tw-en_pros_trial_ongoing_scaling2,marketplace,0.63,321,2,0,0,0,0.0,0,0,0.0,42,1
120246363710970167,tw_meta_standard_ios_tw-en_pros_trial_ongoing_scaling2,rewarded_video,25.91,1790,465,2,0,0,0.0,0,0,0.0,1734,798
120246363710970167,tw_meta_standard_ios_tw-en_pros_trial_ongoing_scaling2,search,0.04,17,0,0,0,0,0.0,0,0,0.0,0,0
120246363710970167,tw_meta_standard_ios_tw-en_pros_trial_ongoing_scaling2,threads_feed,7.87,6592,4,0,0,0,0.0,0,0,0.0,296,3
120246363710980167,tw_meta_standard_ios_tw-en_pros_trial_ongoing_scaling2,an_classic,8.95,1054,166,1,0,0,0.0,0,0,0.0,670,126
120246363710980167,tw_meta_standard_ios_tw-en_pros_trial_ongoing_scaling2,biz_disco_feed,0.01,1,0,0,0,0,0.0,0,0,0.0,0,0
120246363710980167,tw_meta_standard_ios_tw-en_pros_trial_ongoing_scaling2,facebook_notification,2.94,519,4,0,0,0,0.0,0,0,0.0,0,0
120246363710980167,tw_meta_standard_ios_tw-en_pros_trial_ongoing_scaling2,facebook_profile_feed,5.41,1323,6,0,0,0,0.0,0,0,0.0,163,3
120246363710980167,tw_meta_standard_ios_tw-en_pros_trial_ongoing_scaling2,facebook_reels,444.18,126921,521,7,4,0,0.0,0,0,0.0,14833,1053
120246363710980167,tw_meta_standard_ios_tw-en_pros_trial_ongoing_scaling2,facebook_reels_overlay,12.92,7240,35,0,0,0,0.0,0,0,0.0,0,0
120246363710980167,tw_meta_standard_ios_tw-en_pros_trial_ongoing_scaling2,facebook_stories,274.49,32729,782,8,4,0,0.0,0,0,0.0,4470,1258
120246363710980167,tw_meta_standard_ios_tw-en_pros_trial_ongoing_scaling2,feed,1013.04,307674,2313,14,10,4,9.06,0,0,0.0,37867,3044
120246363710980167,tw_meta_standard_ios_tw-en_pros_trial_ongoing_scaling2,instagram_explore_grid_home,0.05,80,0,0,0,0,0.0,0,0,0.0,58,4
120246363710980167,tw_meta_standard_ios_tw-en_pros_trial_ongoing_scaling2,instagram_reels,206.1,47796,77,12,8,4,8.36,0,0,0.0,3552,285
120246363710980167,tw_meta_standard_ios_tw-en_pros_trial_ongoing_scaling2,instagram_stories,366.56,104437,913,11,4,5,9.86,0,0,0.0,4128,936
120246363710980167,tw_meta_standard_ios_tw-en_pros_trial_ongoing_scaling2,instream_video,162.98,31359,621,3,3,0,0.0,0,0,0.0,13637,1402
120246363710980167,tw_meta_standard_ios_tw-en_pros_trial_ongoing_scaling2,marketplace,4.63,1996,17,0,0,0,0.0,0,0,0.0,360,28
120246363710980167,tw_meta_standard_ios_tw-en_pros_trial_ongoing_scaling2,rewarded_video,9.3,820,104,1,0,1,2.24,0,0,0.0,801,783
120246363710980167,tw_meta_standard_ios_tw-en_pros_trial_ongoing_scaling2,search,1.15,142,2,0,0,0,0.0,0,0,0.0,20,0
120246363710980167,tw_meta_standard_ios_tw-en_pros_trial_ongoing_scaling2,threads_feed,177.0,172163,69,0,0,0,0.0,0,0,0.0,4209,326
120246363710990167,tw_meta_standard_ios_tw-en_pros_trial_ongoing_scaling2,an_classic,54.39,5780,1591,11,3,5,9.15,0,0,0.0,4541,256
120246363710990167,tw_meta_standard_ios_tw-en_pros_trial_ongoing_scaling2,biz_disco_feed,0.0,1,0,0,0,0,0.0,0,0,0.0,0,0
120246363710990167,tw_meta_standard_ios_tw-en_pros_trial_ongoing_scaling2,facebook_notification,11.96,850,12,0,0,0,0.0,0,0,0.0,0,0
120246363710990167,tw_meta_standard_ios_tw-en_pros_trial_ongoing_scaling2,facebook_profile_feed,70.08,16576,77,1,0,0,0.0,0,0,0.0,1839,26
120246363710990167,tw_meta_standard_ios_tw-en_pros_trial_ongoing_scaling2,facebook_reels,5776.77,1153551,6626,456,244,71,112.07,0,10,0.0,195847,7905
120246363710990167,tw_meta_standard_ios_tw-en_pros_trial_ongoing_scaling2,facebook_reels_overlay,16.72,14149,99,0,0,0,0.0,0,0,0.0,1,0
120246363710990167,tw_meta_standard_ios_tw-en_pros_trial_ongoing_scaling2,facebook_stories,1042.43,92338,2485,47,17,5,8.92,0,0,0.0,19167,2524
120246363710990167,tw_meta_standard_ios_tw-en_pros_trial_ongoing_scaling2,feed,4048.97,798315,6233,209,130,68,112.02,0,6,0.0,124453,4005
120246363710990167,tw_meta_standard_ios_tw-en_pros_trial_ongoing_scaling2,instagram_explore_grid_home,0.76,599,0,0,0,0,0.0,0,0,0.0,384,4
120246363710990167,tw_meta_standard_ios_tw-en_pros_trial_ongoing_scaling2,instagram_reels,2658.57,516258,1377,118,59,27,43.08,0,1,0.0,56877,1567
120246363710990167,tw_meta_standard_ios_tw-en_pros_trial_ongoing_scaling2,instagram_search,0.0,4,0,0,0,0,0.0,0,0,0.0,0,0
120246363710990167,tw_meta_standard_ios_tw-en_pros_trial_ongoing_scaling2,instagram_stories,1070.08,269114,3228,39,22,10,16.31,0,0,0.0,12995,1444
120246363710990167,tw_meta_standard_ios_tw-en_pros_trial_ongoing_scaling2,instream_video,585.5,94481,2132,48,23,13,19.72,0,5,0.0,49803,503
120246363710990167,tw_meta_standard_ios_tw-en_pros_trial_ongoing_scaling2,marketplace,6.3,3049,16,0,0,0,0.0,0,0,0.0,455,10
120246363710990167,tw_meta_standard_ios_tw-en_pros_trial_ongoing_scaling2,rewarded_video,188.49,22009,5762,17,9,2,3.58,0,0,0.0,21621,8171
120246363710990167,tw_meta_standard_ios_tw-en_pros_trial_ongoing_scaling2,search,19.9,2574,35,1,0,0,0.0,0,0,0.0,685,6
120246363710990167,tw_meta_standard_ios_tw-en_pros_trial_ongoing_scaling2,threads_feed,618.82,548211,332,18,9,5,8.24,0,0,0.0,27898,442
120246363711040167,tw_meta_standard_ios_tw-en_pros_trial_ongoing_scaling2,an_classic,24.07,17170,412,2,0,0,0.0,0,0,0.0,0,0
120246363711040167,tw_meta_standard_ios_tw-en_pros_trial_ongoing_scaling2,biz_disco_feed,0.01,2,0,0,0,0,0.0,0,0,0.0,0,0
120246363711040167,tw_meta_standard_ios_tw-en_pros_trial_ongoing_scaling2,facebook_notification,8.37,1259,11,0,0,0,0.0,0,0,0.0,0,0
120246363711040167,tw_meta_standard_ios_tw-en_pros_trial_ongoing_scaling2,facebook_profile_feed,16.15,6924,23,0,0,0,0.0,0,0,0.0,0,0
120246363711040167,tw_meta_standard_ios_tw-en_pros_trial_ongoing_scaling2,facebook_reels,151.26,68398,346,9,5,5,9.68,0,2,0.0,0,0
120246363711040167,tw_meta_standard_ios_tw-en_pros_trial_ongoing_scaling2,facebook_reels_overlay,7.23,6350,39,0,0,0,0.0,0,0,0.0,0,0
120246363711040167,tw_meta_standard_ios_tw-en_pros_trial_ongoing_scaling2,facebook_stories,338.56,103640,1410,18,12,9,16.53,0,3,0.0,0,0
120246363711040167,tw_meta_standard_ios_tw-en_pros_trial_ongoing_scaling2,feed,1794.48,604246,6004,69,36,32,50.0,0,6,0.0,0,0
120246363711040167,tw_meta_standard_ios_tw-en_pros_trial_ongoing_scaling2,instagram_reels,1006.7,403583,12978,26,23,8,14.89,0,0,0.0,0,0
120246363711040167,tw_meta_standard_ios_tw-en_pros_trial_ongoing_scaling2,instagram_stories,3054.41,1092898,31497,44,22,10,16.53,0,0,0.0,0,0
120246363711040167,tw_meta_standard_ios_tw-en_pros_trial_ongoing_scaling2,instream_video,24.54,9348,133,0,0,0,0.0,0,0,0.0,0,0
120246363711040167,tw_meta_standard_ios_tw-en_pros_trial_ongoing_scaling2,marketplace,1.53,1460,5,0,0,0,0.0,0,0,0.0,0,0
120246363711040167,tw_meta_standard_ios_tw-en_pros_trial_ongoing_scaling2,messenger_stories,0.0,1,0,0,0,0,0.0,0,0,0.0,0,0
120246363711040167,tw_meta_standard_ios_tw-en_pros_trial_ongoing_scaling2,search,6.72,3932,36,0,0,0,0.0,0,0,0.0,0,0
120246363711040167,tw_meta_standard_ios_tw-en_pros_trial_ongoing_scaling2,threads_feed,838.36,1687413,3554,15,13,2,2.87,0,2,0.0,0,0
120246363711040167,tw_meta_standard_ios_tw-en_pros_trial_ongoing_scaling2,unknown,0.0,1,0,0,0,0,0.0,0,0,0.0,0,0
120246363711050167,tw_meta_standard_ios_tw-en_pros_trial_ongoing_scaling2,an_classic,38.86,11901,407,1,0,0,0.0,0,0,0.0,0,0
120246363711050167,tw_meta_standard_ios_tw-en_pros_trial_ongoing_scaling2,biz_disco_feed,0.0,4,0,0,0,0,0.0,0,0,0.0,0,0
120246363711050167,tw_meta_standard_ios_tw-en_pros_trial_ongoing_scaling2,facebook_notification,0.52,137,0,0,0,0,0.0,0,0,0.0,0,0
120246363711050167,tw_meta_standard_ios_tw-en_pros_trial_ongoing_scaling2,facebook_profile_feed,7.75,2452,10,0,0,0,0.0,0,0,0.0,0,0
120246363711050167,tw_meta_standard_ios_tw-en_pros_trial_ongoing_scaling2,facebook_reels,42.76,13431,31,3,0,0,0.0,0,0,0.0,0,0
120246363711050167,tw_meta_standard_ios_tw-en_pros_trial_ongoing_scaling2,facebook_reels_overlay,7.13,5902,40,0,0,0,0.0,0,0,0.0,0,0
120246363711050167,tw_meta_standard_ios_tw-en_pros_trial_ongoing_scaling2,facebook_stories,120.88,25823,295,1,0,0,0.0,0,0,0.0,0,0
120246363711050167,tw_meta_standard_ios_tw-en_pros_trial_ongoing_scaling2,feed,411.03,146011,767,10,3,1,1.58,0,0,0.0,34,0
120246363711050167,tw_meta_standard_ios_tw-en_pros_trial_ongoing_scaling2,instagram_reels,19.97,5238,49,0,0,0,0.0,0,0,0.0,0,0
120246363711050167,tw_meta_standard_ios_tw-en_pros_trial_ongoing_scaling2,instagram_stories,403.45,150650,1578,3,2,2,3.16,0,0,0.0,0,0
120246363711050167,tw_meta_standard_ios_tw-en_pros_trial_ongoing_scaling2,instream_video,53.95,13314,277,0,0,0,0.0,0,0,0.0,0,0
120246363711050167,tw_meta_standard_ios_tw-en_pros_trial_ongoing_scaling2,marketplace,4.37,4259,6,0,0,0,0.0,0,0,0.0,0,0
120246363711050167,tw_meta_standard_ios_tw-en_pros_trial_ongoing_scaling2,search,2.46,1556,4,0,0,0,0.0,0,0,0.0,0,0
120246363711050167,tw_meta_standard_ios_tw-en_pros_trial_ongoing_scaling2,threads_feed,353.44,687105,1144,1,0,1,1.58,0,0,0.0,0,0
120246438347130167,tw_meta_standard_ios_tw-en_pros_purchase_ongoing_no-disc_testing,an_classic,0.6,42,9,0,0,0,0.0,0,0,0.0,34,5
120246438347130167,tw_meta_standard_ios_tw-en_pros_purchase_ongoing_no-disc_testing,facebook_notification,1.88,267,2,0,0,0,0.0,0,0,0.0,0,0
120246438347130167,tw_meta_standard_ios_tw-en_pros_purchase_ongoing_no-disc_testing,facebook_reels,51.63,10354,88,0,0,0,0.0,0,0,0.0,2398,88
120246438347130167,tw_meta_standard_ios_tw-en_pros_purchase_ongoing_no-disc_testing,facebook_reels_overlay,0.81,396,2,0,0,0,0.0,0,0,0.0,0,0
120246438347130167,tw_meta_standard_ios_tw-en_pros_purchase_ongoing_no-disc_testing,facebook_stories,62.25,7352,136,2,2,0,0.0,0,0,0.0,1336,179
120246438347130167,tw_meta_standard_ios_tw-en_pros_purchase_ongoing_no-disc_testing,feed,131.44,24703,506,0,0,0,0.0,0,0,0.0,5177,209
120246438347130167,tw_meta_standard_ios_tw-en_pros_purchase_ongoing_no-disc_testing,instagram_explore_grid_home,0.67,428,2,0,0,0,0.0,0,0,0.0,284,5
120246438347130167,tw_meta_standard_ios_tw-en_pros_purchase_ongoing_no-disc_testing,instagram_reels,95.04,13784,375,3,2,1,2.53,0,0,0.0,3493,76
120246438347130167,tw_meta_standard_ios_tw-en_pros_purchase_ongoing_no-disc_testing,instagram_stories,42.32,7185,152,0,0,0,0.0,0,0,0.0,773,13
120246438347130167,tw_meta_standard_ios_tw-en_pros_purchase_ongoing_no-disc_testing,instream_video,6.27,1057,25,0,0,0,0.0,0,0,0.0,482,5
120246438347130167,tw_meta_standard_ios_tw-en_pros_purchase_ongoing_no-disc_testing,marketplace,0.35,147,2,0,0,0,0.0,0,0,0.0,34,2
120246438347130167,tw_meta_standard_ios_tw-en_pros_purchase_ongoing_no-disc_testing,rewarded_video,7.02,395,108,1,0,0,0.0,0,0,0.0,391,109
120246438347130167,tw_meta_standard_ios_tw-en_pros_purchase_ongoing_no-disc_testing,search,0.0,4,0,0,0,0,0.0,,0,0.0,1,0
120246694232680167,tw_meta_standard_ios_tw-en_pros_trial_ongoing_winning3,facebook_reels,0.4,126,10,0,0,0,0.0,0,0,0.0,0,0
120246694232680167,tw_meta_standard_ios_tw-en_pros_trial_ongoing_winning3,facebook_reels_overlay,0.51,388,1,0,0,0,0.0,0,0,0.0,0,0
120246694232680167,tw_meta_standard_ios_tw-en_pros_trial_ongoing_winning3,facebook_stories,0.48,116,0,0,0,0,0.0,0,0,0.0,0,0
120246694232680167,tw_meta_standard_ios_tw-en_pros_trial_ongoing_winning3,feed,0.47,109,2,0,0,0,0.0,0,0,0.0,4,0
120246694232680167,tw_meta_standard_ios_tw-en_pros_trial_ongoing_winning3,instagram_explore_grid_home,0.0,1,0,0,0,0,0.0,0,0,0.0,0,0
120246694232680167,tw_meta_standard_ios_tw-en_pros_trial_ongoing_winning3,instagram_reels,0.01,8,0,0,0,0,0.0,0,0,0.0,0,0
120246694232680167,tw_meta_standard_ios_tw-en_pros_trial_ongoing_winning3,instagram_stories,0.14,27,4,0,0,0,0.0,0,0,0.0,0,0
120246694232680167,tw_meta_standard_ios_tw-en_pros_trial_ongoing_winning3,instream_video,0.09,19,2,0,0,0,0.0,0,0,0.0,0,0
120246694232680167,tw_meta_standard_ios_tw-en_pros_trial_ongoing_winning3,marketplace,0.03,62,0,0,0,0,0.0,0,0,0.0,0,0
120246694232680167,tw_meta_standard_ios_tw-en_pros_trial_ongoing_winning3,search,0.23,70,1,0,0,0,0.0,0,0,0.0,0,0
120246694232840167,tw_meta_standard_ios_tw-en_pros_trial_ongoing_winning3,an_classic,0.73,81,17,0,0,0,0.0,0,0,0.0,57,3
120246694232840167,tw_meta_standard_ios_tw-en_pros_trial_ongoing_winning3,facebook_notification,0.17,23,0,0,0,0,0.0,0,0,0.0,0,0
120246694232840167,tw_meta_standard_ios_tw-en_pros_trial_ongoing_winning3,facebook_profile_feed,1.75,617,3,0,0,0,0.0,0,0,0.0,70,1
120246694232840167,tw_meta_standard_ios_tw-en_pros_trial_ongoing_winning3,facebook_reels,336.37,83432,431,23,12,7,19.85,0,0,0.0,11361,444
120246694232840167,tw_meta_standard_ios_tw-en_pros_trial_ongoing_winning3,facebook_reels_overlay,0.09,46,0,0,0,0,0.0,0,0,0.0,0,0
120246694232840167,tw_meta_standard_ios_tw-en_pros_trial_ongoing_winning3,facebook_stories,28.5,3014,64,0,0,0,0.0,0,0,0.0,577,66
120246694232840167,tw_meta_standard_ios_tw-en_pros_trial_ongoing_winning3,feed,123.68,21231,223,8,2,3,9.42,0,0,0.0,3653,128
120246694232840167,tw_meta_standard_ios_tw-en_pros_trial_ongoing_winning3,instagram_explore_grid_home,0.05,57,0,0,0,0,0.0,0,0,0.0,34,1
120246694232840167,tw_meta_standard_ios_tw-en_pros_trial_ongoing_winning3,instagram_reels,104.94,21707,70,11,8,1,3.2,0,0,0.0,2072,62
120246694232840167,tw_meta_standard_ios_tw-en_pros_trial_ongoing_winning3,instagram_stories,225.74,57054,4484,3,1,0,0.0,0,0,0.0,1307,142
120246694232840167,tw_meta_standard_ios_tw-en_pros_trial_ongoing_winning3,instream_video,9.95,1289,26,1,2,0,0.0,0,0,0.0,770,19
120246694232840167,tw_meta_standard_ios_tw-en_pros_trial_ongoing_winning3,marketplace,0.06,36,0,0,0,0,0.0,0,0,0.0,4,0
120246694232840167,tw_meta_standard_ios_tw-en_pros_trial_ongoing_winning3,rewarded_video,3.73,264,52,0,0,0,0.0,0,0,0.0,261,99
120246694232840167,tw_meta_standard_ios_tw-en_pros_trial_ongoing_winning3,search,0.86,179,5,0,0,0,0.0,0,0,0.0,39,0
120246694232840167,tw_meta_standard_ios_tw-en_pros_trial_ongoing_winning3,threads_feed,53.51,69157,31,1,0,0,0.0,0,0,0.0,2858,38
120246694233280167,tw_meta_standard_ios_tw-en_pros_trial_ongoing_winning3,an_classic,0.02,5,1,0,0,0,0.0,0,0,0.0,4,1
120246694233280167,tw_meta_standard_ios_tw-en_pros_trial_ongoing_winning3,facebook_notification,0.68,84,2,0,0,0,0.0,0,0,0.0,0,0
120246694233280167,tw_meta_standard_ios_tw-en_pros_trial_ongoing_winning3,facebook_profile_feed,0.26,77,2,0,0,0,0.0,0,0,0.0,10,0
120246694233280167,tw_meta_standard_ios_tw-en_pros_trial_ongoing_winning3,facebook_reels,11.19,4450,30,0,0,0,0.0,0,0,0.0,844,12
120246694233280167,tw_meta_standard_ios_tw-en_pros_trial_ongoing_winning3,facebook_reels_overlay,0.06,30,0,0,0,0,0.0,0,0,0.0,0,0
120246694233280167,tw_meta_standard_ios_tw-en_pros_trial_ongoing_winning3,facebook_stories,10.19,1174,43,0,0,0,0.0,0,0,0.0,273,22
120246694233280167,tw_meta_standard_ios_tw-en_pros_trial_ongoing_winning3,feed,20.15,4197,86,0,0,0,0.0,0,0,0.0,748,11
120246694233280167,tw_meta_standard_ios_tw-en_pros_trial_ongoing_winning3,instagram_explore_grid_home,0.0,5,0,0,0,0,0.0,0,0,0.0,2,0
120246694233280167,tw_meta_standard_ios_tw-en_pros_trial_ongoing_winning3,instagram_reels,10.32,2312,5,0,0,0,0.0,0,0,0.0,355,5
120246694233280167,tw_meta_standard_ios_tw-en_pros_trial_ongoing_winning3,instagram_stories,5.62,1285,16,0,0,0,0.0,0,0,0.0,71,7
120246694233280167,tw_meta_standard_ios_tw-en_pros_trial_ongoing_winning3,instream_video,2.55,474,13,0,0,0,0.0,0,0,0.0,245,4
120246694233280167,tw_meta_standard_ios_tw-en_pros_trial_ongoing_winning3,marketplace,0.06,57,0,0,0,0,0.0,0,0,0.0,15,0
120246694233280167,tw_meta_standard_ios_tw-en_pros_trial_ongoing_winning3,rewarded_video,0.44,53,7,0,0,0,0.0,0,0,0.0,53,26
120246694233280167,tw_meta_standard_ios_tw-en_pros_trial_ongoing_winning3,search,0.04,20,0,0,0,0,0.0,0,0,0.0,4,0
120246694233280167,tw_meta_standard_ios_tw-en_pros_trial_ongoing_winning3,threads_feed,12.22,29838,19,0,0,0,0.0,0,0,0.0,1117,20
120246694233300167,tw_meta_standard_ios_tw-en_pros_trial_ongoing_winning3,an_classic,0.07,3,1,0,0,0,0.0,0,0,0.0,3,0
120246694233300167,tw_meta_standard_ios_tw-en_pros_trial_ongoing_winning3,facebook_notification,0.01,3,0,0,0,0,0.0,0,0,0.0,0,0
120246694233300167,tw_meta_standard_ios_tw-en_pros_trial_ongoing_winning3,facebook_reels,4.17,840,9,0,0,0,0.0,0,0,0.0,148,13
120246694233300167,tw_meta_standard_ios_tw-en_pros_trial_ongoing_winning3,facebook_reels_overlay,0.05,53,1,0,0,0,0.0,0,0,0.0,0,0
120246694233300167,tw_meta_standard_ios_tw-en_pros_trial_ongoing_winning3,facebook_stories,1.63,189,6,0,0,0,0.0,0,0,0.0,30,8
120246694233300167,tw_meta_standard_ios_tw-en_pros_trial_ongoing_winning3,feed,10.0,4093,57,0,0,0,0.0,0,0,0.0,604,34
120246694233300167,tw_meta_standard_ios_tw-en_pros_trial_ongoing_winning3,instagram_explore_grid_home,0.07,35,0,0,0,0,0.0,0,0,0.0,20,0
120246694233300167,tw_meta_standard_ios_tw-en_pros_trial_ongoing_winning3,instagram_reels,3.45,562,12,1,0,0,0.0,0,0,0.0,78,6
120246694233300167,tw_meta_standard_ios_tw-en_pros_trial_ongoing_winning3,instagram_stories,36.47,11306,614,0,0,0,0.0,0,0,0.0,247,37
120246694233300167,tw_meta_standard_ios_tw-en_pros_trial_ongoing_winning3,instream_video,1.65,325,17,0,0,0,0.0,0,0,0.0,185,4
120246694233300167,tw_meta_standard_ios_tw-en_pros_trial_ongoing_winning3,marketplace,0.05,18,0,0,0,0,0.0,0,0,0.0,1,0
120246694233300167,tw_meta_standard_ios_tw-en_pros_trial_ongoing_winning3,rewarded_video,0.28,31,4,0,0,0,0.0,0,0,0.0,31,31
120246694233300167,tw_meta_standard_ios_tw-en_pros_trial_ongoing_winning3,search,0.1,71,1,0,0,0,0.0,0,0,0.0,18,0
120246694233510167,tw_meta_standard_ios_tw-en_pros_trial_ongoing_winning3,an_classic,0.13,145,1,0,0,0,0.0,0,0,0.0,0,0
120246694233510167,tw_meta_standard_ios_tw-en_pros_trial_ongoing_winning3,facebook_notification,0.53,99,1,0,0,0,0.0,0,0,0.0,0,0
120246694233510167,tw_meta_standard_ios_tw-en_pros_trial_ongoing_winning3,facebook_reels,0.84,225,1,0,0,0,0.0,0,0,0.0,0,0
120246694233510167,tw_meta_standard_ios_tw-en_pros_trial_ongoing_winning3,facebook_reels_overlay,6.99,3708,57,0,0,0,0.0,0,0,0.0,0,0
120246694233510167,tw_meta_standard_ios_tw-en_pros_trial_ongoing_winning3,facebook_stories,6.78,1474,27,0,0,0,0.0,0,0,0.0,0,0
120246694233510167,tw_meta_standard_ios_tw-en_pros_trial_ongoing_winning3,feed,52.74,18173,342,0,0,0,0.0,0,0,0.0,0,0
120246694233510167,tw_meta_standard_ios_tw-en_pros_trial_ongoing_winning3,instagram_reels,1.99,447,13,0,0,0,0.0,0,0,0.0,0,0
120246694233510167,tw_meta_standard_ios_tw-en_pros_trial_ongoing_winning3,instagram_stories,12.64,2787,111,0,0,0,0.0,0,0,0.0,0,0
120246694233510167,tw_meta_standard_ios_tw-en_pros_trial_ongoing_winning3,instream_video,1.36,631,5,0,0,0,0.0,0,0,0.0,0,0
120246694233510167,tw_meta_standard_ios_tw-en_pros_trial_ongoing_winning3,marketplace,0.02,5,0,0,0,0,0.0,0,0,0.0,0,0
120246694233510167,tw_meta_standard_ios_tw-en_pros_trial_ongoing_winning3,search,0.15,38,0,0,0,0,0.0,0,0,0.0,0,0
120246694233530167,tw_meta_standard_ios_tw-en_pros_trial_ongoing_winning3,an_classic,0.2,18,5,0,0,0,0.0,0,0,0.0,15,3
120246694233530167,tw_meta_standard_ios_tw-en_pros_trial_ongoing_winning3,facebook_notification,0.51,56,2,0,0,0,0.0,0,0,0.0,0,0
120246694233530167,tw_meta_standard_ios_tw-en_pros_trial_ongoing_winning3,facebook_profile_feed,0.35,82,0,0,0,0,0.0,0,0,0.0,14,0
120246694233530167,tw_meta_standard_ios_tw-en_pros_trial_ongoing_winning3,facebook_reels,24.78,7776,42,2,1,0,0.0,0,0,0.0,1254,34
120246694233530167,tw_meta_standard_ios_tw-en_pros_trial_ongoing_winning3,facebook_reels_overlay,0.26,163,1,0,0,0,0.0,0,0,0.0,0,0
120246694233530167,tw_meta_standard_ios_tw-en_pros_trial_ongoing_winning3,facebook_stories,21.69,2960,67,0,0,0,0.0,0,0,0.0,503,91
120246694233530167,tw_meta_standard_ios_tw-en_pros_trial_ongoing_winning3,feed,46.76,7120,85,4,3,1,2.9,0,0,0.0,1251,57
120246694233530167,tw_meta_standard_ios_tw-en_pros_trial_ongoing_winning3,instagram_explore_grid_home,0.0,2,0,0,0,0,0.0,0,0,0.0,2,0
120246694233530167,tw_meta_standard_ios_tw-en_pros_trial_ongoing_winning3,instagram_reels,4.23,530,2,1,2,1,2.9,0,0,0.0,77,6
120246694233530167,tw_meta_standard_ios_tw-en_pros_trial_ongoing_winning3,instagram_stories,2.49,470,9,0,0,0,0.0,0,0,0.0,35,8
120246694233530167,tw_meta_standard_ios_tw-en_pros_trial_ongoing_winning3,instream_video,7.58,1365,22,0,0,0,0.0,0,0,0.0,670,20
120246694233530167,tw_meta_standard_ios_tw-en_pros_trial_ongoing_winning3,marketplace,0.07,56,0,0,0,0,0.0,0,0,0.0,13,1
120246694233530167,tw_meta_standard_ios_tw-en_pros_trial_ongoing_winning3,rewarded_video,0.12,18,3,0,0,0,0.0,0,0,0.0,18,17
120246694233530167,tw_meta_standard_ios_tw-en_pros_trial_ongoing_winning3,search,0.5,81,1,0,0,0,0.0,0,0,0.0,20,2
120246694233530167,tw_meta_standard_ios_tw-en_pros_trial_ongoing_winning3,threads_feed,23.09,30132,23,0,0,0,0.0,0,0,0.0,1337,45
120246694233580167,tw_meta_standard_ios_tw-en_pros_trial_ongoing_winning3,facebook_profile_feed,0.09,38,1,0,0,0,0.0,0,0,0.0,4,0
120246694233580167,tw_meta_standard_ios_tw-en_pros_trial_ongoing_winning3,facebook_reels,1.42,683,2,0,0,0,0.0,0,0,0.0,43,4
120246694233580167,tw_meta_standard_ios_tw-en_pros_trial_ongoing_winning3,facebook_reels_overlay,0.0,2,0,0,0,0,0.0,0,0,0.0,0,0
120246694233580167,tw_meta_standard_ios_tw-en_pros_trial_ongoing_winning3,facebook_stories,0.79,212,1,0,0,0,0.0,0,0,0.0,19,8
120246694233580167,tw_meta_standard_ios_tw-en_pros_trial_ongoing_winning3,feed,4.6,1197,12,0,0,0,0.0,0,0,0.0,186,29
120246694233580167,tw_meta_standard_ios_tw-en_pros_trial_ongoing_winning3,instagram_reels,1.33,313,4,0,0,0,0.0,0,0,0.0,25,1
120246694233580167,tw_meta_standard_ios_tw-en_pros_trial_ongoing_winning3,instagram_stories,42.08,17464,639,0,0,0,0.0,0,0,0.0,342,124
120246694233580167,tw_meta_standard_ios_tw-en_pros_trial_ongoing_winning3,instream_video,1.82,519,14,0,0,0,0.0,0,0,0.0,190,111
120246694233580167,tw_meta_standard_ios_tw-en_pros_trial_ongoing_winning3,marketplace,0.0,1,0,0,0,0,0.0,0,0,0.0,0,0
120246694233580167,tw_meta_standard_ios_tw-en_pros_trial_ongoing_winning3,search,0.06,32,0,0,0,0,0.0,0,0,0.0,9,2
120246694233580167,tw_meta_standard_ios_tw-en_pros_trial_ongoing_winning3,threads_feed,5.52,7526,3,0,0,0,0.0,0,0,0.0,297,79
120246694266000167,tw_meta_standard_ios_tw-en_pros_trial_ongoing_winning3,an_classic,2.71,245,31,0,0,0,0.0,0,0,0.0,195,6
120246694266000167,tw_meta_standard_ios_tw-en_pros_trial_ongoing_winning3,facebook_notification,9.91,1209,36,0,0,0,0.0,0,0,0.0,0,0
120246694266000167,tw_meta_standard_ios_tw-en_pros_trial_ongoing_winning3,facebook_reels,187.33,37514,543,12,10,2,6.4,0,0,0.0,10303,194
120246694266000167,tw_meta_standard_ios_tw-en_pros_trial_ongoing_winning3,facebook_reels_overlay,5.0,3259,21,0,0,0,0.0,0,0,0.0,0,0
120246694266000167,tw_meta_standard_ios_tw-en_pros_trial_ongoing_winning3,facebook_stories,79.0,8549,246,4,1,1,2.56,0,0,0.0,1756,57
120246694266000167,tw_meta_standard_ios_tw-en_pros_trial_ongoing_winning3,feed,215.41,36246,425,5,2,0,0.0,0,0,0.0,7871,153
120246694266000167,tw_meta_standard_ios_tw-en_pros_trial_ongoing_winning3,instagram_explore_grid_home,0.32,120,1,0,0,0,0.0,0,0,0.0,76,1
120246694266000167,tw_meta_standard_ios_tw-en_pros_trial_ongoing_winning3,instagram_reels,186.42,23453,227,19,13,2,6.33,0,0,0.0,5679,73
120246694266000167,tw_meta_standard_ios_tw-en_pros_trial_ongoing_winning3,instagram_stories,34.31,3555,63,9,3,1,3.05,0,0,0.0,495,59
120246694266000167,tw_meta_standard_ios_tw-en_pros_trial_ongoing_winning3,instream_video,32.37,5808,150,1,1,0,0.0,0,0,0.0,2918,34
120246694266000167,tw_meta_standard_ios_tw-en_pros_trial_ongoing_winning3,marketplace,0.87,333,1,0,0,0,0.0,0,0,0.0,48,0
120246694266000167,tw_meta_standard_ios_tw-en_pros_trial_ongoing_winning3,search,0.83,123,1,0,0,0,0.0,0,0,0.0,28,0
120246694266050167,tw_meta_standard_ios_tw-en_pros_trial_ongoing_winning3,facebook_notification,0.37,48,0,0,0,0,0.0,0,0,0.0,0,0
120246694266050167,tw_meta_standard_ios_tw-en_pros_trial_ongoing_winning3,facebook_reels,179.47,36540,508,5,3,2,6.4,0,0,0.0,6408,15
120246694266050167,tw_meta_standard_ios_tw-en_pros_trial_ongoing_winning3,facebook_reels_overlay,0.86,508,1,0,0,0,0.0,0,0,0.0,0,0
120246694266050167,tw_meta_standard_ios_tw-en_pros_trial_ongoing_winning3,feed,59.11,8553,133,2,3,0,0.0,0,0,0.0,2812,8
120246694266050167,tw_meta_standard_ios_tw-en_pros_trial_ongoing_winning3,instagram_reels,39.65,6390,64,0,0,0,0.0,0,0,0.0,900,2
120246694266050167,tw_meta_standard_ios_tw-en_pros_trial_ongoing_winning3,instagram_stories,69.66,14375,768,0,0,0,0.0,0,0,0.0,515,0
120246694266050167,tw_meta_standard_ios_tw-en_pros_trial_ongoing_winning3,instream_video,0.77,126,2,0,0,0,0.0,0,0,0.0,64,1
120246694266050167,tw_meta_standard_ios_tw-en_pros_trial_ongoing_winning3,marketplace,0.13,68,0,0,0,0,0.0,0,0,0.0,14,0
120246694266050167,tw_meta_standard_ios_tw-en_pros_trial_ongoing_winning3,search,0.02,9,0,0,0,0,0.0,0,0,0.0,3,0
120246912412500167,tw_meta_standard_ios_tw-en_pros_trial_ongoing_winning,an_classic,1.65,161,29,1,0,0,0.0,0,0,0.0,140,7
120246912412500167,tw_meta_standard_ios_tw-en_pros_trial_ongoing_winning,facebook_notification,5.25,501,13,0,0,0,0.0,0,0,0.0,0,0
120246912412500167,tw_meta_standard_ios_tw-en_pros_trial_ongoing_winning,facebook_profile_feed,36.98,6817,39,0,0,0,0.0,0,0,0.0,1182,11
120246912412500167,tw_meta_standard_ios_tw-en_pros_trial_ongoing_winning,facebook_reels,1412.56,323229,1789,66,42,11,19.16,2,4,0.0,100669,999
120246912412500167,tw_meta_standard_ios_tw-en_pros_trial_ongoing_winning,facebook_reels_overlay,5.33,4161,16,0,0,0,0.0,0,0,0.0,0,0
120246912412500167,tw_meta_standard_ios_tw-en_pros_trial_ongoing_winning,facebook_stories,385.79,45587,1013,13,8,3,5.3,0,0,0.0,10124,245
120246912412500167,tw_meta_standard_ios_tw-en_pros_trial_ongoing_winning,feed,925.15,162906,1910,44,28,7,11.99,0,1,0.0,45550,628
120246912412500167,tw_meta_standard_ios_tw-en_pros_trial_ongoing_winning,instagram_reels,268.64,38093,146,16,8,2,3.61,0,1,0.0,8774,92
120246912412500167,tw_meta_standard_ios_tw-en_pros_trial_ongoing_winning,instagram_search,0.0,1,0,0,0,0,0.0,0,0,0.0,0,0
120246912412500167,tw_meta_standard_ios_tw-en_pros_trial_ongoing_winning,instagram_stories,196.68,26050,315,3,4,0,0.0,0,0,0.0,3683,461
120246912412500167,tw_meta_standard_ios_tw-en_pros_trial_ongoing_winning,instream_video,75.91,14554,373,3,2,0,0.0,0,0,0.0,7129,85
120246912412500167,tw_meta_standard_ios_tw-en_pros_trial_ongoing_winning,marketplace,4.53,1664,20,0,0,0,0.0,0,0,0.0,335,1
120246912412500167,tw_meta_standard_ios_tw-en_pros_trial_ongoing_winning,search,3.98,269,7,0,0,0,0.0,0,0,0.0,51,1
120246912412500167,tw_meta_standard_ios_tw-en_pros_trial_ongoing_winning,unknown,0.01,3,0,0,0,0,0.0,0,0,0.0,0,0
120246913718270167,tw_meta_standard_ios_tw-en_pros_trial_ongoing_winning,an_classic,4.56,698,201,0,0,0,0.0,0,0,0.0,578,37
120246913718270167,tw_meta_standard_ios_tw-en_pros_trial_ongoing_winning,facebook_notification,3.39,414,4,0,0,0,0.0,0,0,0.0,0,0
120246913718270167,tw_meta_standard_ios_tw-en_pros_trial_ongoing_winning,facebook_profile_feed,10.73,2180,12,0,0,0,0.0,0,0,0.0,431,10
120246913718270167,tw_meta_standard_ios_tw-en_pros_trial_ongoing_winning,facebook_reels,1533.73,384106,2282,61,32,16,27.66,0,4,0.0,75400,2180
120246913718270167,tw_meta_standard_ios_tw-en_pros_trial_ongoing_winning,facebook_reels_overlay,7.65,5535,30,0,0,0,0.0,0,0,0.0,0,0
120246913718270167,tw_meta_standard_ios_tw-en_pros_trial_ongoing_winning,facebook_stories,186.5,29849,382,1,0,0,0.0,0,0,0.0,3550,552
120246913718270167,tw_meta_standard_ios_tw-en_pros_trial_ongoing_winning,feed,526.21,78421,632,17,5,5,8.76,0,0,0.0,24524,708
120246913718270167,tw_meta_standard_ios_tw-en_pros_trial_ongoing_winning,instagram_reels,704.23,186538,907,21,11,3,5.12,0,0,0.0,33502,735
120246913718270167,tw_meta_standard_ios_tw-en_pros_trial_ongoing_winning,instagram_search,0.02,7,0,0,0,0,0.0,0,0,0.0,0,0
120246913718270167,tw_meta_standard_ios_tw-en_pros_trial_ongoing_winning,instagram_stories,229.74,42118,698,10,5,4,6.93,0,0,0.0,3838,290
120246913718270167,tw_meta_standard_ios_tw-en_pros_trial_ongoing_winning,instream_video,41.56,8001,155,0,0,0,0.0,0,0,0.0,3795,82
120246913718270167,tw_meta_standard_ios_tw-en_pros_trial_ongoing_winning,marketplace,1.27,525,0,0,0,0,0.0,0,0,0.0,82,2
120246913718270167,tw_meta_standard_ios_tw-en_pros_trial_ongoing_winning,rewarded_video,14.43,2510,688,0,0,0,0.0,0,0,0.0,2476,811
120246913718270167,tw_meta_standard_ios_tw-en_pros_trial_ongoing_winning,search,4.73,1083,13,0,0,0,0.0,0,0,0.0,208,1
120246913718270167,tw_meta_standard_ios_tw-en_pros_trial_ongoing_winning,unknown,0.01,4,0,1,0,0,0.0,0,0,0.0,0,0
120246913787420167,tw_meta_standard_ios_tw-en_pros_trial_ongoing_winning,an_classic,309.66,42342,9126,5,3,3,5.61,0,0,0.0,0,0
120246913787420167,tw_meta_standard_ios_tw-en_pros_trial_ongoing_winning,biz_disco_feed,0.16,33,0,0,0,0,0.0,0,0,0.0,0,0
120246913787420167,tw_meta_standard_ios_tw-en_pros_trial_ongoing_winning,facebook_notification,31.59,4432,65,0,0,0,0.0,0,0,0.0,0,0
120246913787420167,tw_meta_standard_ios_tw-en_pros_trial_ongoing_winning,facebook_profile_feed,47.25,15045,88,0,0,0,0.0,0,0,0.0,0,0
120246913787420167,tw_meta_standard_ios_tw-en_pros_trial_ongoing_winning,facebook_reels,3781.15,1101189,5322,286,164,64,105.03,0,5,0.0,0,0
120246913787420167,tw_meta_standard_ios_tw-en_pros_trial_ongoing_winning,facebook_reels_overlay,78.21,64691,545,1,0,0,0.0,0,0,0.0,0,0
120246913787420167,tw_meta_standard_ios_tw-en_pros_trial_ongoing_winning,facebook_stories,1344.89,280129,3874,73,38,15,31.71,1,1,0.0,0,0
120246913787420167,tw_meta_standard_ios_tw-en_pros_trial_ongoing_winning,feed,2018.45,548029,2762,83,48,33,61.77,1,3,0.0,0,0
120246913787420167,tw_meta_standard_ios_tw-en_pros_trial_ongoing_winning,instagram_reels,2576.47,771805,22561,171,82,34,59.23,2,3,0.0,0,0
120246913787420167,tw_meta_standard_ios_tw-en_pros_trial_ongoing_winning,instagram_search,0.0,3,0,0,0,0,0.0,0,0,0.0,0,0
120246913787420167,tw_meta_standard_ios_tw-en_pros_trial_ongoing_winning,instagram_stories,4140.87,1071598,22948,236,106,46,84.19,4,4,0.0,0,0
120246913787420167,tw_meta_standard_ios_tw-en_pros_trial_ongoing_winning,instream_video,219.28,42150,1053,0,0,0,0.0,0,0,0.0,0,0
120246913787420167,tw_meta_standard_ios_tw-en_pros_trial_ongoing_winning,marketplace,34.54,31140,99,0,0,0,0.0,0,0,0.0,0,0
120246913787420167,tw_meta_standard_ios_tw-en_pros_trial_ongoing_winning,search,38.18,22224,178,0,0,0,0.0,0,0,0.0,0,0
120246913787420167,tw_meta_standard_ios_tw-en_pros_trial_ongoing_winning,threads_feed,29.47,32185,560,1,0,1,1.41,0,0,0.0,0,0
120246913787420167,tw_meta_standard_ios_tw-en_pros_trial_ongoing_winning,unknown,0.11,18,0,0,0,0,0.0,0,0,0.0,0,0
120246981244000167,tw_meta_standard_ios_tw-en_pros_trial_ongoing_winning,an_classic,54.9,7699,2034,4,3,2,3.24,0,0,0.0,6281,138
120246981244000167,tw_meta_standard_ios_tw-en_pros_trial_ongoing_winning,biz_disco_feed,0.0,1,0,0,0,0,0.0,0,0,0.0,0,0
120246981244000167,tw_meta_standard_ios_tw-en_pros_trial_ongoing_winning,facebook_notification,3.09,419,3,0,0,0,0.0,0,0,0.0,0,0
120246981244000167,tw_meta_standard_ios_tw-en_pros_trial_ongoing_winning,facebook_profile_feed,70.24,13760,81,2,0,0,0.0,0,0,0.0,2053,15
120246981244000167,tw_meta_standard_ios_tw-en_pros_trial_ongoing_winning,facebook_reels,3242.11,643264,3766,234,129,61,102.16,1,3,0.0,110203,2033
120246981244000167,tw_meta_standard_ios_tw-en_pros_trial_ongoing_winning,facebook_reels_overlay,7.23,5177,41,0,0,0,0.0,0,0,0.0,0,0
120246981244000167,tw_meta_standard_ios_tw-en_pros_trial_ongoing_winning,facebook_stories,366.77,41520,813,9,2,3,4.64,0,1,0.0,7267,222
120246981244000167,tw_meta_standard_ios_tw-en_pros_trial_ongoing_winning,feed,3127.45,400062,3812,186,102,52,85.76,2,5,0.0,75405,1667
120246981244000167,tw_meta_standard_ios_tw-en_pros_trial_ongoing_winning,instagram_reels,884.68,116857,537,73,33,14,23.08,0,1,0.0,14680,215
120246981244000167,tw_meta_standard_ios_tw-en_pros_trial_ongoing_winning,instagram_search,0.0,1,0,0,0,0,0.0,0,0,0.0,0,0
120246981244000167,tw_meta_standard_ios_tw-en_pros_trial_ongoing_winning,instagram_stories,709.61,94191,1217,40,17,10,16.1,0,0,0.0,8959,1334
120246981244000167,tw_meta_standard_ios_tw-en_pros_trial_ongoing_winning,instream_video,175.43,32909,743,8,6,4,6.19,0,1,0.0,15297,215
120246981244000167,tw_meta_standard_ios_tw-en_pros_trial_ongoing_winning,marketplace,1.94,711,6,0,0,0,0.0,0,0,0.0,135,0
120246981244000167,tw_meta_standard_ios_tw-en_pros_trial_ongoing_winning,search,15.98,1016,19,1,1,0,0.0,0,0,0.0,181,0
120246981244000167,tw_meta_standard_ios_tw-en_pros_trial_ongoing_winning,threads_feed,5.06,3204,2,0,0,0,0.0,0,0,0.0,1023,1
120246981244000167,tw_meta_standard_ios_tw-en_pros_trial_ongoing_winning,unknown,0.0,3,0,0,0,0,0.0,0,0,0.0,3,0
120246997845950167,tw_meta_standard_ios_tw-en_pros_purchase_ongoing_no-disc_testing,an_classic,0.08,60,0,0,0,0,0.0,0,0,0.0,0,0
120246997845950167,tw_meta_standard_ios_tw-en_pros_purchase_ongoing_no-disc_testing,facebook_notification,0.0,2,0,0,0,0,0.0,0,0,0.0,0,0
120246997845950167,tw_meta_standard_ios_tw-en_pros_purchase_ongoing_no-disc_testing,facebook_profile_feed,0.06,11,0,0,0,0,0.0,0,0,0.0,0,0
120246997845950167,tw_meta_standard_ios_tw-en_pros_purchase_ongoing_no-disc_testing,facebook_reels,0.96,221,1,0,0,0,0.0,0,0,0.0,0,0
120246997845950167,tw_meta_standard_ios_tw-en_pros_purchase_ongoing_no-disc_testing,facebook_reels_overlay,0.43,229,2,0,0,0,0.0,0,0,0.0,0,0
120246997845950167,tw_meta_standard_ios_tw-en_pros_purchase_ongoing_no-disc_testing,facebook_stories,1.84,538,7,0,0,0,0.0,0,0,0.0,0,0
120246997845950167,tw_meta_standard_ios_tw-en_pros_purchase_ongoing_no-disc_testing,feed,19.37,8931,60,0,0,0,0.0,0,0,0.0,0,0
120246997845950167,tw_meta_standard_ios_tw-en_pros_purchase_ongoing_no-disc_testing,instagram_reels,3.43,952,15,0,0,0,0.0,0,0,0.0,0,0
120246997845950167,tw_meta_standard_ios_tw-en_pros_purchase_ongoing_no-disc_testing,instagram_stories,12.04,3987,30,0,0,0,0.0,0,0,0.0,0,0
120246997845950167,tw_meta_standard_ios_tw-en_pros_purchase_ongoing_no-disc_testing,instream_video,2.21,513,9,0,0,0,0.0,0,0,0.0,0,0
120246997845950167,tw_meta_standard_ios_tw-en_pros_purchase_ongoing_no-disc_testing,marketplace,0.06,67,1,0,0,0,0.0,0,0,0.0,0,0
120246997845950167,tw_meta_standard_ios_tw-en_pros_purchase_ongoing_no-disc_testing,search,0.03,6,0,0,0,0,0.0,0,0,0.0,0,0
120246997845950167,tw_meta_standard_ios_tw-en_pros_purchase_ongoing_no-disc_testing,threads_feed,10.64,20274,44,0,0,0,0.0,0,0,0.0,0,0
120246997845970167,tw_meta_standard_ios_tw-en_pros_purchase_ongoing_no-disc_testing,an_classic,0.34,230,3,0,0,0,0.0,0,0,0.0,0,0
120246997845970167,tw_meta_standard_ios_tw-en_pros_purchase_ongoing_no-disc_testing,facebook_profile_feed,0.15,41,1,0,0,0,0.0,0,0,0.0,0,0
120246997845970167,tw_meta_standard_ios_tw-en_pros_purchase_ongoing_no-disc_testing,facebook_reels,0.92,199,1,0,0,0,0.0,0,0,0.0,0,0
120246997845970167,tw_meta_standard_ios_tw-en_pros_purchase_ongoing_no-disc_testing,facebook_reels_overlay,2.28,1776,14,0,0,0,0.0,0,0,0.0,0,0
120246997845970167,tw_meta_standard_ios_tw-en_pros_purchase_ongoing_no-disc_testing,facebook_stories,10.16,3111,30,0,0,0,0.0,0,0,0.0,0,0
120246997845970167,tw_meta_standard_ios_tw-en_pros_purchase_ongoing_no-disc_testing,feed,12.09,5489,36,0,0,0,0.0,0,0,0.0,0,0
120246997845970167,tw_meta_standard_ios_tw-en_pros_purchase_ongoing_no-disc_testing,instagram_reels,1.69,423,10,0,0,0,0.0,0,0,0.0,0,0
120246997845970167,tw_meta_standard_ios_tw-en_pros_purchase_ongoing_no-disc_testing,instagram_stories,13.75,3702,41,0,0,0,0.0,0,0,0.0,0,0
120246997845970167,tw_meta_standard_ios_tw-en_pros_purchase_ongoing_no-disc_testing,instream_video,4.18,1732,33,0,0,0,0.0,0,0,0.0,0,0
120246997845970167,tw_meta_standard_ios_tw-en_pros_purchase_ongoing_no-disc_testing,marketplace,0.24,318,2,0,0,0,0.0,0,0,0.0,0,0
120246997845970167,tw_meta_standard_ios_tw-en_pros_purchase_ongoing_no-disc_testing,search,0.02,14,0,0,0,0,0.0,0,0,0.0,0,0
120246997845970167,tw_meta_standard_ios_tw-en_pros_purchase_ongoing_no-disc_testing,threads_feed,10.03,25662,38,0,0,0,0.0,0,0,0.0,0,0
120246997845970167,tw_meta_standard_ios_tw-en_pros_purchase_ongoing_no-disc_testing,unknown,0.0,1,0,0,0,0,0.0,0,0,0.0,0,0
120246997847200167,tw_meta_standard_ios_tw-en_pros_purchase_ongoing_no-disc_testing,an_classic,1.01,542,8,0,0,0,0.0,0,0,0.0,0,0
120246997847200167,tw_meta_standard_ios_tw-en_pros_purchase_ongoing_no-disc_testing,facebook_notification,0.01,3,0,0,0,0,0.0,0,0,0.0,0,0
120246997847200167,tw_meta_standard_ios_tw-en_pros_purchase_ongoing_no-disc_testing,facebook_profile_feed,0.08,23,0,0,0,0,0.0,0,0,0.0,0,0
120246997847200167,tw_meta_standard_ios_tw-en_pros_purchase_ongoing_no-disc_testing,facebook_reels,0.19,125,0,0,0,0,0.0,0,0,0.0,0,0
120246997847200167,tw_meta_standard_ios_tw-en_pros_purchase_ongoing_no-disc_testing,facebook_reels_overlay,1.95,1569,6,0,0,0,0.0,0,0,0.0,0,0
120246997847200167,tw_meta_standard_ios_tw-en_pros_purchase_ongoing_no-disc_testing,facebook_stories,14.47,4443,49,0,0,0,0.0,0,0,0.0,0,0
120246997847200167,tw_meta_standard_ios_tw-en_pros_purchase_ongoing_no-disc_testing,feed,6.32,2165,14,0,0,0,0.0,0,0,0.0,0,0
120246997847200167,tw_meta_standard_ios_tw-en_pros_purchase_ongoing_no-disc_testing,instagram_reels,2.41,730,5,0,0,0,0.0,0,0,0.0,0,0
120246997847200167,tw_meta_standard_ios_tw-en_pros_purchase_ongoing_no-disc_testing,instagram_stories,17.51,4943,64,1,1,2,5.29,0,0,0.0,0,0
120246997847200167,tw_meta_standard_ios_tw-en_pros_purchase_ongoing_no-disc_testing,instream_video,5.43,1219,21,0,0,0,0.0,0,0,0.0,0,0
120246997847200167,tw_meta_standard_ios_tw-en_pros_purchase_ongoing_no-disc_testing,marketplace,0.05,94,0,0,0,0,0.0,0,0,0.0,0,0
120246997847200167,tw_meta_standard_ios_tw-en_pros_purchase_ongoing_no-disc_testing,search,0.0,2,0,0,0,0,0.0,0,0,0.0,0,0
120246997847200167,tw_meta_standard_ios_tw-en_pros_purchase_ongoing_no-disc_testing,threads_feed,5.68,11668,14,0,0,0,0.0,0,0,0.0,0,0
120246997847200167,tw_meta_standard_ios_tw-en_pros_purchase_ongoing_no-disc_testing,unknown,0.0,1,0,0,0,0,0.0,0,0,0.0,0,0
120246997861740167,tw_meta_standard_ios_tw-en_pros_purchase_ongoing_no-disc_testing,an_classic,0.07,10,5,0,0,0,0.0,0,0,0.0,9,1
120246997861740167,tw_meta_standard_ios_tw-en_pros_purchase_ongoing_no-disc_testing,facebook_notification,0.0,2,0,0,0,0,0.0,0,0,0.0,0,0
120246997861740167,tw_meta_standard_ios_tw-en_pros_purchase_ongoing_no-disc_testing,facebook_profile_feed,0.08,30,0,0,0,0,0.0,0,0,0.0,4,0
120246997861740167,tw_meta_standard_ios_tw-en_pros_purchase_ongoing_no-disc_testing,facebook_reels,1004.53,246028,1422,56,30,5,12.99,0,0,0.0,60561,2189
120246997861740167,tw_meta_standard_ios_tw-en_pros_purchase_ongoing_no-disc_testing,facebook_reels_overlay,0.05,16,0,0,0,0,0.0,0,0,0.0,0,0
120246997861740167,tw_meta_standard_ios_tw-en_pros_purchase_ongoing_no-disc_testing,facebook_stories,21.89,2118,37,0,0,0,0.0,0,0,0.0,465,63
120246997861740167,tw_meta_standard_ios_tw-en_pros_purchase_ongoing_no-disc_testing,feed,153.51,30986,304,6,5,5,12.97,0,0,0.0,7989,315
120246997861740167,tw_meta_standard_ios_tw-en_pros_purchase_ongoing_no-disc_testing,instagram_explore_grid_home,0.01,6,0,0,0,0,0.0,0,0,0.0,4,0
120246997861740167,tw_meta_standard_ios_tw-en_pros_purchase_ongoing_no-disc_testing,instagram_reels,180.44,37106,121,11,10,6,15.19,0,0,0.0,6936,189
120246997861740167,tw_meta_standard_ios_tw-en_pros_purchase_ongoing_no-disc_testing,instagram_stories,16.71,2812,22,0,0,0,0.0,0,0,0.0,274,28
120246997861740167,tw_meta_standard_ios_tw-en_pros_purchase_ongoing_no-disc_testing,instream_video,3.17,606,12,0,0,0,0.0,0,0,0.0,292,7
120246997861740167,tw_meta_standard_ios_tw-en_pros_purchase_ongoing_no-disc_testing,marketplace,0.0,5,0,0,0,0,0.0,0,0,0.0,2,0
120246997861740167,tw_meta_standard_ios_tw-en_pros_purchase_ongoing_no-disc_testing,rewarded_video,0.79,90,15,0,0,0,0.0,0,0,0.0,89,87
120246997861740167,tw_meta_standard_ios_tw-en_pros_purchase_ongoing_no-disc_testing,search,0.15,38,1,0,0,0,0.0,0,0,0.0,10,1
120246997861740167,tw_meta_standard_ios_tw-en_pros_purchase_ongoing_no-disc_testing,threads_feed,11.5,11439,7,0,0,0,0.0,0,0,0.0,396,8
120246997862210167,tw_meta_standard_ios_tw-en_pros_purchase_ongoing_no-disc_testing,an_classic,0.26,28,3,0,0,0,0.0,0,0,0.0,23,2
120246997862210167,tw_meta_standard_ios_tw-en_pros_purchase_ongoing_no-disc_testing,biz_disco_feed,0.0,1,0,0,0,0,0.0,0,0,0.0,1,0
120246997862210167,tw_meta_standard_ios_tw-en_pros_purchase_ongoing_no-disc_testing,facebook_notification,0.01,3,0,0,0,0,0.0,0,0,0.0,0,0
120246997862210167,tw_meta_standard_ios_tw-en_pros_purchase_ongoing_no-disc_testing,facebook_profile_feed,0.5,100,2,0,0,0,0.0,0,0,0.0,6,0
120246997862210167,tw_meta_standard_ios_tw-en_pros_purchase_ongoing_no-disc_testing,facebook_reels,23.06,6646,35,0,0,0,0.0,0,0,0.0,640,40
120246997862210167,tw_meta_standard_ios_tw-en_pros_purchase_ongoing_no-disc_testing,facebook_reels_overlay,2.97,2656,15,0,0,0,0.0,0,0,0.0,0,0
120246997862210167,tw_meta_standard_ios_tw-en_pros_purchase_ongoing_no-disc_testing,facebook_stories,31.63,4106,103,0,0,0,0.0,0,0,0.0,358,79
120246997862210167,tw_meta_standard_ios_tw-en_pros_purchase_ongoing_no-disc_testing,feed,54.4,27574,196,0,0,0,0.0,0,0,0.0,1664,62
120246997862210167,tw_meta_standard_ios_tw-en_pros_purchase_ongoing_no-disc_testing,instagram_explore_grid_home,0.0,1,0,0,0,0,0.0,0,0,0.0,0,0
120246997862210167,tw_meta_standard_ios_tw-en_pros_purchase_ongoing_no-disc_testing,instagram_reels,5.77,790,3,0,0,0,0.0,0,0,0.0,76,4
120246997862210167,tw_meta_standard_ios_tw-en_pros_purchase_ongoing_no-disc_testing,instagram_stories,14.52,4030,53,0,0,0,0.0,0,0,0.0,205,37
120246997862210167,tw_meta_standard_ios_tw-en_pros_purchase_ongoing_no-disc_testing,instream_video,21.82,4829,113,0,0,0,0.0,0,0,0.0,2023,26
120246997862210167,tw_meta_standard_ios_tw-en_pros_purchase_ongoing_no-disc_testing,marketplace,0.37,206,2,0,0,0,0.0,0,0,0.0,34,0
120246997862210167,tw_meta_standard_ios_tw-en_pros_purchase_ongoing_no-disc_testing,rewarded_video,1.95,175,27,0,0,0,0.0,0,0,0.0,173,64
120246997862210167,tw_meta_standard_ios_tw-en_pros_purchase_ongoing_no-disc_testing,search,0.09,29,0,0,0,0,0.0,0,0,0.0,2,1
120246997862210167,tw_meta_standard_ios_tw-en_pros_purchase_ongoing_no-disc_testing,threads_feed,0.87,1136,0,0,0,0,0.0,0,0,0.0,25,0
120246997871260167,tw_meta_standard_ios_tw-en_pros_purchase_ongoing_no-disc_testing,an_classic,0.03,1,0,0,0,0,0.0,0,0,0.0,1,0
120246997871260167,tw_meta_standard_ios_tw-en_pros_purchase_ongoing_no-disc_testing,facebook_notification,0.0,1,0,0,0,0,0.0,0,0,0.0,0,0
120246997871260167,tw_meta_standard_ios_tw-en_pros_purchase_ongoing_no-disc_testing,facebook_profile_feed,0.02,6,0,0,0,0,0.0,0,0,0.0,0,0
120246997871260167,tw_meta_standard_ios_tw-en_pros_purchase_ongoing_no-disc_testing,facebook_reels,76.72,21323,113,3,1,0,0.0,0,0,0.0,1661,72
120246997871260167,tw_meta_standard_ios_tw-en_pros_purchase_ongoing_no-disc_testing,facebook_reels_overlay,0.04,40,1,0,0,0,0.0,0,0,0.0,0,0
120246997871260167,tw_meta_standard_ios_tw-en_pros_purchase_ongoing_no-disc_testing,facebook_stories,19.68,2458,54,0,0,0,0.0,0,0,0.0,255,35
120246997871260167,tw_meta_standard_ios_tw-en_pros_purchase_ongoing_no-disc_testing,feed,49.54,14520,149,1,1,0,0.0,0,0,0.0,1446,46
120246997871260167,tw_meta_standard_ios_tw-en_pros_purchase_ongoing_no-disc_testing,instagram_reels,32.96,6957,16,0,0,0,0.0,0,0,0.0,449,13
120246997871260167,tw_meta_standard_ios_tw-en_pros_purchase_ongoing_no-disc_testing,instagram_stories,9.1,2183,23,0,0,0,0.0,0,0,0.0,116,18
120246997871260167,tw_meta_standard_ios_tw-en_pros_purchase_ongoing_no-disc_testing,instream_video,13.95,2974,73,0,0,0,0.0,0,0,0.0,1270,23
120246997871260167,tw_meta_standard_ios_tw-en_pros_purchase_ongoing_no-disc_testing,marketplace,0.05,26,0,0,0,0,0.0,0,0,0.0,6,0
120246997871260167,tw_meta_standard_ios_tw-en_pros_purchase_ongoing_no-disc_testing,rewarded_video,0.06,6,1,0,0,0,0.0,0,0,0.0,6,3
120246997871260167,tw_meta_standard_ios_tw-en_pros_purchase_ongoing_no-disc_testing,threads_feed,1.77,2186,0,0,0,0,0.0,0,0,0.0,71,1
120246997871260167,tw_meta_standard_ios_tw-en_pros_purchase_ongoing_no-disc_testing,unknown,0.0,4,0,0,0,0,0.0,0,0,0.0,0,0
120247011565580167,tw_meta_standard_ios_tw-en_pros_purchase_ongoing_no-disc_testing,an_classic,0.62,201,1,0,0,0,0.0,0,0,0.0,0,0
120247011565580167,tw_meta_standard_ios_tw-en_pros_purchase_ongoing_no-disc_testing,facebook_profile_feed,0.12,28,0,0,0,0,0.0,0,0,0.0,0,0
120247011565580167,tw_meta_standard_ios_tw-en_pros_purchase_ongoing_no-disc_testing,facebook_reels,2.1,432,1,0,0,0,0.0,0,0,0.0,0,0
120247011565580167,tw_meta_standard_ios_tw-en_pros_purchase_ongoing_no-disc_testing,facebook_reels_overlay,0.6,435,4,0,0,0,0.0,0,0,0.0,0,0
120247011565580167,tw_meta_standard_ios_tw-en_pros_purchase_ongoing_no-disc_testing,facebook_stories,2.33,726,8,0,0,0,0.0,0,0,0.0,0,0
120247011565580167,tw_meta_standard_ios_tw-en_pros_purchase_ongoing_no-disc_testing,feed,3.61,1167,5,0,0,0,0.0,0,0,0.0,0,0
120247011565580167,tw_meta_standard_ios_tw-en_pros_purchase_ongoing_no-disc_testing,instagram_reels,1.37,351,5,0,0,0,0.0,0,0,0.0,0,0
120247011565580167,tw_meta_standard_ios_tw-en_pros_purchase_ongoing_no-disc_testing,instagram_stories,14.15,3622,34,0,0,0,0.0,0,0,0.0,0,0
120247011565580167,tw_meta_standard_ios_tw-en_pros_purchase_ongoing_no-disc_testing,instream_video,4.81,1101,27,0,0,0,0.0,0,0,0.0,0,0
120247011565580167,tw_meta_standard_ios_tw-en_pros_purchase_ongoing_no-disc_testing,marketplace,0.02,27,0,0,0,0,0.0,0,0,0.0,0,0
120247011565580167,tw_meta_standard_ios_tw-en_pros_purchase_ongoing_no-disc_testing,search,0.0,2,0,0,0,0,0.0,0,0,0.0,0,0
120247011565580167,tw_meta_standard_ios_tw-en_pros_purchase_ongoing_no-disc_testing,threads_feed,2.17,4061,6,0,0,0,0.0,0,0,0.0,0,0
120247011565610167,tw_meta_standard_ios_tw-en_pros_purchase_ongoing_no-disc_testing,an_classic,0.3,182,5,0,0,0,0.0,0,0,0.0,0,0
120247011565610167,tw_meta_standard_ios_tw-en_pros_purchase_ongoing_no-disc_testing,facebook_profile_feed,0.01,6,0,0,0,0,0.0,0,0,0.0,0,0
120247011565610167,tw_meta_standard_ios_tw-en_pros_purchase_ongoing_no-disc_testing,facebook_reels,0.11,45,0,0,0,0,0.0,0,0,0.0,0,0
120247011565610167,tw_meta_standard_ios_tw-en_pros_purchase_ongoing_no-disc_testing,facebook_reels_overlay,0.6,583,1,0,0,0,0.0,0,0,0.0,0,0
120247011565610167,tw_meta_standard_ios_tw-en_pros_purchase_ongoing_no-disc_testing,facebook_stories,1.11,270,3,0,0,0,0.0,0,0,0.0,0,0
120247011565610167,tw_meta_standard_ios_tw-en_pros_purchase_ongoing_no-disc_testing,feed,2.81,935,4,0,0,0,0.0,0,0,0.0,0,0
120247011565610167,tw_meta_standard_ios_tw-en_pros_purchase_ongoing_no-disc_testing,instagram_reels,0.69,230,4,0,0,0,0.0,0,0,0.0,0,0
120247011565610167,tw_meta_standard_ios_tw-en_pros_purchase_ongoing_no-disc_testing,instagram_stories,12.1,2934,24,0,0,0,0.0,0,0,0.0,0,0
120247011565610167,tw_meta_standard_ios_tw-en_pros_purchase_ongoing_no-disc_testing,instream_video,2.47,613,15,0,0,0,0.0,0,0,0.0,0,0
120247011565610167,tw_meta_standard_ios_tw-en_pros_purchase_ongoing_no-disc_testing,marketplace,0.02,16,0,0,0,0,0.0,0,0,0.0,0,0
120247011565610167,tw_meta_standard_ios_tw-en_pros_purchase_ongoing_no-disc_testing,search,0.0,1,0,0,0,0,0.0,0,0,0.0,0,0
120247011565610167,tw_meta_standard_ios_tw-en_pros_purchase_ongoing_no-disc_testing,threads_feed,5.92,14929,14,0,0,0,0.0,0,0,0.0,0,0
120247011566490167,tw_meta_standard_ios_tw-en_pros_purchase_ongoing_no-disc_testing,an_classic,0.79,731,6,0,0,0,0.0,0,0,0.0,0,0
120247011566490167,tw_meta_standard_ios_tw-en_pros_purchase_ongoing_no-disc_testing,facebook_profile_feed,0.05,10,0,0,0,0,0.0,0,0,0.0,0,0
120247011566490167,tw_meta_standard_ios_tw-en_pros_purchase_ongoing_no-disc_testing,facebook_reels,0.22,81,0,0,0,0,0.0,0,0,0.0,0,0
120247011566490167,tw_meta_standard_ios_tw-en_pros_purchase_ongoing_no-disc_testing,facebook_reels_overlay,0.07,68,0,0,0,0,0.0,0,0,0.0,0,0
120247011566490167,tw_meta_standard_ios_tw-en_pros_purchase_ongoing_no-disc_testing,facebook_stories,1.96,552,6,0,0,0,0.0,0,0,0.0,0,0
120247011566490167,tw_meta_standard_ios_tw-en_pros_purchase_ongoing_no-disc_testing,feed,13.71,4237,29,0,0,0,0.0,0,0,0.0,0,0
120247011566490167,tw_meta_standard_ios_tw-en_pros_purchase_ongoing_no-disc_testing,instagram_reels,1.56,531,7,0,0,0,0.0,0,0,0.0,0,0
120247011566490167,tw_meta_standard_ios_tw-en_pros_purchase_ongoing_no-disc_testing,instagram_stories,17.57,3413,45,0,0,0,0.0,0,0,0.0,0,0
120247011566490167,tw_meta_standard_ios_tw-en_pros_purchase_ongoing_no-disc_testing,instream_video,1.72,817,8,0,0,0,0.0,0,0,0.0,0,0
120247011566490167,tw_meta_standard_ios_tw-en_pros_purchase_ongoing_no-disc_testing,marketplace,0.0,8,0,0,0,0,0.0,0,0,0.0,0,0
120247011566490167,tw_meta_standard_ios_tw-en_pros_purchase_ongoing_no-disc_testing,search,0.02,4,0,0,0,0,0.0,0,0,0.0,0,0
120247011566490167,tw_meta_standard_ios_tw-en_pros_purchase_ongoing_no-disc_testing,threads_feed,10.13,27381,49,2,1,0,0.0,0,0,0.0,0,0
120247011566490167,tw_meta_standard_ios_tw-en_pros_purchase_ongoing_no-disc_testing,unknown,0.0,1,0,0,0,0,0.0,0,0,0.0,0,0
120247011569420167,tw_meta_standard_ios_tw-en_pros_purchase_ongoing_no-disc_testing,an_classic,1.52,727,6,0,0,0,0.0,0,0,0.0,0,0
120247011569420167,tw_meta_standard_ios_tw-en_pros_purchase_ongoing_no-disc_testing,facebook_notification,0.04,5,0,0,0,0,0.0,0,0,0.0,0,0
120247011569420167,tw_meta_standard_ios_tw-en_pros_purchase_ongoing_no-disc_testing,facebook_profile_feed,0.35,66,0,0,0,0,0.0,0,0,0.0,0,0
120247011569420167,tw_meta_standard_ios_tw-en_pros_purchase_ongoing_no-disc_testing,facebook_reels,6.83,3541,7,0,0,0,0.0,0,0,0.0,0,0
120247011569420167,tw_meta_standard_ios_tw-en_pros_purchase_ongoing_no-disc_testing,facebook_reels_overlay,5.65,5074,29,0,0,0,0.0,0,0,0.0,0,0
120247011569420167,tw_meta_standard_ios_tw-en_pros_purchase_ongoing_no-disc_testing,facebook_stories,12.36,3656,36,0,0,0,0.0,0,0,0.0,0,0
120247011569420167,tw_meta_standard_ios_tw-en_pros_purchase_ongoing_no-disc_testing,feed,32.02,15362,75,0,0,0,0.0,0,0,0.0,0,0
120247011569420167,tw_meta_standard_ios_tw-en_pros_purchase_ongoing_no-disc_testing,instagram_reels,8.15,2984,29,0,0,0,0.0,0,0,0.0,0,0
120247011569420167,tw_meta_standard_ios_tw-en_pros_purchase_ongoing_no-disc_testing,instagram_stories,53.23,17202,153,1,1,1,2.72,0,0,0.0,0,0
120247011569420167,tw_meta_standard_ios_tw-en_pros_purchase_ongoing_no-disc_testing,instream_video,10.42,5041,42,0,0,0,0.0,0,0,0.0,0,0
120247011569420167,tw_meta_standard_ios_tw-en_pros_purchase_ongoing_no-disc_testing,marketplace,0.61,499,1,0,0,0,0.0,0,0,0.0,0,0
120247011569420167,tw_meta_standard_ios_tw-en_pros_purchase_ongoing_no-disc_testing,search,0.22,128,0,0,0,0,0.0,0,0,0.0,0,0
120247011569420167,tw_meta_standard_ios_tw-en_pros_purchase_ongoing_no-disc_testing,threads_feed,26.45,66664,74,0,0,0,0.0,0,0,0.0,0,0
120247011569420167,tw_meta_standard_ios_tw-en_pros_purchase_ongoing_no-disc_testing,unknown,0.01,4,0,0,0,0,0.0,0,0,0.0,0,0
120247011578560167,tw_meta_standard_ios_tw-en_pros_purchase_ongoing_no-disc_testing,an_classic,0.03,4,0,0,0,0,0.0,0,0,0.0,3,0
120247011578560167,tw_meta_standard_ios_tw-en_pros_purchase_ongoing_no-disc_testing,facebook_notification,0.0,3,0,0,0,0,0.0,0,0,0.0,0,0
120247011578560167,tw_meta_standard_ios_tw-en_pros_purchase_ongoing_no-disc_testing,facebook_profile_feed,0.19,47,1,0,0,0,0.0,0,0,0.0,4,0
120247011578560167,tw_meta_standard_ios_tw-en_pros_purchase_ongoing_no-disc_testing,facebook_reels,43.62,11356,74,0,0,0,0.0,0,0,0.0,3180,79
120247011578560167,tw_meta_standard_ios_tw-en_pros_purchase_ongoing_no-disc_testing,facebook_reels_overlay,0.56,464,3,0,0,0,0.0,0,0,0.0,0,0
120247011578560167,tw_meta_standard_ios_tw-en_pros_purchase_ongoing_no-disc_testing,facebook_stories,20.31,2559,90,0,0,0,0.0,0,0,0.0,437,63
120247011578560167,tw_meta_standard_ios_tw-en_pros_purchase_ongoing_no-disc_testing,feed,54.97,19178,171,4,5,1,3.04,1,0,0.0,2847,87
120247011578560167,tw_meta_standard_ios_tw-en_pros_purchase_ongoing_no-disc_testing,instagram_explore_grid_home,0.01,3,0,0,0,0,0.0,0,0,0.0,3,0
120247011578560167,tw_meta_standard_ios_tw-en_pros_purchase_ongoing_no-disc_testing,instagram_reels,9.9,1398,3,0,0,0,0.0,0,0,0.0,255,11
120247011578560167,tw_meta_standard_ios_tw-en_pros_purchase_ongoing_no-disc_testing,instagram_stories,15.01,3558,53,0,0,0,0.0,0,0,0.0,209,44
120247011578560167,tw_meta_standard_ios_tw-en_pros_purchase_ongoing_no-disc_testing,instream_video,18.79,4282,102,0,0,0,0.0,0,0,0.0,2002,24
120247011578560167,tw_meta_standard_ios_tw-en_pros_purchase_ongoing_no-disc_testing,marketplace,0.07,55,0,0,0,0,0.0,0,0,0.0,14,0
120247011578560167,tw_meta_standard_ios_tw-en_pros_purchase_ongoing_no-disc_testing,rewarded_video,0.43,53,5,0,0,0,0.0,0,0,0.0,52,44
120247011578560167,tw_meta_standard_ios_tw-en_pros_purchase_ongoing_no-disc_testing,search,0.31,92,0,0,0,0,0.0,0,0,0.0,20,0
120247011578560167,tw_meta_standard_ios_tw-en_pros_purchase_ongoing_no-disc_testing,threads_feed,1.15,1301,0,0,0,0,0.0,0,0,0.0,46,1
120247011578560167,tw_meta_standard_ios_tw-en_pros_purchase_ongoing_no-disc_testing,unknown,0.0,1,0,0,0,0,0.0,0,0,0.0,0,0
120247011579390167,tw_meta_standard_ios_tw-en_pros_purchase_ongoing_no-disc_testing,an_classic,0.05,8,0,0,0,0,0.0,0,0,0.0,8,0
120247011579390167,tw_meta_standard_ios_tw-en_pros_purchase_ongoing_no-disc_testing,facebook_notification,0.01,5,0,0,0,0,0.0,0,0,0.0,0,0
120247011579390167,tw_meta_standard_ios_tw-en_pros_purchase_ongoing_no-disc_testing,facebook_profile_feed,0.05,25,0,0,0,0,0.0,0,0,0.0,3,0
120247011579390167,tw_meta_standard_ios_tw-en_pros_purchase_ongoing_no-disc_testing,facebook_reels,16.59,6377,33,0,0,0,0.0,0,0,0.0,1598,38
120247011579390167,tw_meta_standard_ios_tw-en_pros_purchase_ongoing_no-disc_testing,facebook_reels_overlay,0.94,862,8,0,0,0,0.0,0,0,0.0,0,0
120247011579390167,tw_meta_standard_ios_tw-en_pros_purchase_ongoing_no-disc_testing,facebook_stories,22.5,2816,98,0,0,0,0.0,0,0,0.0,471,76
120247011579390167,tw_meta_standard_ios_tw-en_pros_purchase_ongoing_no-disc_testing,feed,77.47,26969,263,2,2,0,0.0,0,0,0.0,3552,107
120247011579390167,tw_meta_standard_ios_tw-en_pros_purchase_ongoing_no-disc_testing,instagram_explore_grid_home,0.0,3,0,0,0,0,0.0,0,0,0.0,3,0
120247011579390167,tw_meta_standard_ios_tw-en_pros_purchase_ongoing_no-disc_testing,instagram_reels,2.52,339,0,0,0,0,0.0,0,0,0.0,63,1
120247011579390167,tw_meta_standard_ios_tw-en_pros_purchase_ongoing_no-disc_testing,instagram_stories,7.97,2019,25,0,0,0,0.0,0,0,0.0,136,27
120247011579390167,tw_meta_standard_ios_tw-en_pros_purchase_ongoing_no-disc_testing,instream_video,21.45,4687,104,0,0,0,0.0,0,0,0.0,2141,30
120247011579390167,tw_meta_standard_ios_tw-en_pros_purchase_ongoing_no-disc_testing,marketplace,0.22,78,0,0,0,0,0.0,0,0,0.0,10,1
120247011579390167,tw_meta_standard_ios_tw-en_pros_purchase_ongoing_no-disc_testing,rewarded_video,0.69,89,11,0,0,0,0.0,0,0,0.0,88,66
120247011579390167,tw_meta_standard_ios_tw-en_pros_purchase_ongoing_no-disc_testing,search,0.4,74,0,0,0,0,0.0,0,0,0.0,16,1
120247011579390167,tw_meta_standard_ios_tw-en_pros_purchase_ongoing_no-disc_testing,threads_feed,0.94,905,1,0,0,0,0.0,0,0,0.0,35,1
120247011580490167,tw_meta_standard_ios_tw-en_pros_purchase_ongoing_no-disc_testing,an_classic,1.93,176,36,0,0,0,0.0,0,0,0.0,137,9
120247011580490167,tw_meta_standard_ios_tw-en_pros_purchase_ongoing_no-disc_testing,facebook_notification,0.1,15,1,0,0,0,0.0,0,0,0.0,0,0
120247011580490167,tw_meta_standard_ios_tw-en_pros_purchase_ongoing_no-disc_testing,facebook_profile_feed,1.27,310,2,0,0,0,0.0,0,0,0.0,31,1
120247011580490167,tw_meta_standard_ios_tw-en_pros_purchase_ongoing_no-disc_testing,facebook_reels,149.58,38499,217,12,12,6,14.52,0,0,0.0,8711,222
120247011580490167,tw_meta_standard_ios_tw-en_pros_purchase_ongoing_no-disc_testing,facebook_reels_overlay,1.45,1070,6,0,0,0,0.0,0,0,0.0,0,0
120247011580490167,tw_meta_standard_ios_tw-en_pros_purchase_ongoing_no-disc_testing,facebook_stories,45.96,5353,156,0,1,0,0.0,0,0,0.0,898,141
120247011580490167,tw_meta_standard_ios_tw-en_pros_purchase_ongoing_no-disc_testing,feed,196.04,41055,389,13,8,5,12.52,0,0,0.0,8374,290
120247011580490167,tw_meta_standard_ios_tw-en_pros_purchase_ongoing_no-disc_testing,instagram_explore_grid_home,0.03,39,0,0,0,0,0.0,0,0,0.0,25,0
120247011580490167,tw_meta_standard_ios_tw-en_pros_purchase_ongoing_no-disc_testing,instagram_reels,226.23,38393,128,11,10,2,5.32,0,0,0.0,6745,162
120247011580490167,tw_meta_standard_ios_tw-en_pros_purchase_ongoing_no-disc_testing,instagram_stories,37.08,7952,90,0,0,0,0.0,0,0,0.0,539,63
120247011580490167,tw_meta_standard_ios_tw-en_pros_purchase_ongoing_no-disc_testing,instream_video,39.05,8169,171,0,0,0,0.0,0,0,0.0,3827,51
120247011580490167,tw_meta_standard_ios_tw-en_pros_purchase_ongoing_no-disc_testing,marketplace,0.42,206,0,0,0,0,0.0,0,0,0.0,32,1
120247011580490167,tw_meta_standard_ios_tw-en_pros_purchase_ongoing_no-disc_testing,rewarded_video,1.88,205,28,0,0,0,0.0,0,0,0.0,202,196
120247011580490167,tw_meta_standard_ios_tw-en_pros_purchase_ongoing_no-disc_testing,search,2.59,652,3,0,0,0,0.0,0,0,0.0,136,5
120247011580490167,tw_meta_standard_ios_tw-en_pros_purchase_ongoing_no-disc_testing,threads_feed,13.39,15956,14,1,0,0,0.0,0,0,0.0,500,11
120247187088560167,tw_meta_standard_ios_tw-en_pros_purchase_ongoing_no-disc_testing,facebook_notification,0.18,12,1,0,0,0,0.0,,0,0.0,0,0
120247187088560167,tw_meta_standard_ios_tw-en_pros_purchase_ongoing_no-disc_testing,facebook_reels,71.85,18302,167,0,0,0,0.0,,0,0.0,2893,21
120247187088560167,tw_meta_standard_ios_tw-en_pros_purchase_ongoing_no-disc_testing,facebook_reels_overlay,0.02,37,0,0,0,0,0.0,,0,0.0,0,0
120247187088560167,tw_meta_standard_ios_tw-en_pros_purchase_ongoing_no-disc_testing,feed,44.51,12027,78,1,2,2,4.99,,0,0.0,3170,9
120247187088560167,tw_meta_standard_ios_tw-en_pros_purchase_ongoing_no-disc_testing,instagram_reels,27.59,6361,25,0,0,0,0.0,,0,0.0,583,0
120247187088560167,tw_meta_standard_ios_tw-en_pros_purchase_ongoing_no-disc_testing,instagram_stories,67.58,16606,408,0,0,0,0.0,,0,0.0,617,18
120247187088560167,tw_meta_standard_ios_tw-en_pros_purchase_ongoing_no-disc_testing,instream_video,3.85,732,26,0,0,0,0.0,,0,0.0,319,7
120247187088560167,tw_meta_standard_ios_tw-en_pros_purchase_ongoing_no-disc_testing,marketplace,0.03,29,0,0,0,0,0.0,,0,0.0,5,0
120247187088560167,tw_meta_standard_ios_tw-en_pros_purchase_ongoing_no-disc_testing,search,0.72,190,1,0,0,0,0.0,,0,0.0,33,0
120247189268040167,tw_meta_standard_ios_tw-en_pros_purchase_ongoing_no-disc_testing,biz_disco_feed,0.0,1,0,0,0,0,0.0,0,0,0.0,0,0
120247189268040167,tw_meta_standard_ios_tw-en_pros_purchase_ongoing_no-disc_testing,facebook_notification,4.52,616,8,0,0,0,0.0,0,0,0.0,0,0
120247189268040167,tw_meta_standard_ios_tw-en_pros_purchase_ongoing_no-disc_testing,facebook_profile_feed,6.27,1557,12,0,0,0,0.0,0,0,0.0,218,0
120247189268040167,tw_meta_standard_ios_tw-en_pros_purchase_ongoing_no-disc_testing,facebook_reels,791.62,200602,1204,22,14,4,10.26,0,0,0.0,33703,430
120247189268040167,tw_meta_standard_ios_tw-en_pros_purchase_ongoing_no-disc_testing,facebook_reels_overlay,31.97,30868,168,2,1,0,0.0,0,0,0.0,0,0
120247189268040167,tw_meta_standard_ios_tw-en_pros_purchase_ongoing_no-disc_testing,facebook_stories,325.85,57769,997,2,3,0,0.0,0,0,0.0,5589,299
120247189268040167,tw_meta_standard_ios_tw-en_pros_purchase_ongoing_no-disc_testing,feed,930.96,180270,914,28,15,4,10.25,0,0,0.0,42757,244
120247189268040167,tw_meta_standard_ios_tw-en_pros_purchase_ongoing_no-disc_testing,instagram_reels,257.93,43180,128,3,3,1,2.71,0,0,0.0,5626,55
120247189268040167,tw_meta_standard_ios_tw-en_pros_purchase_ongoing_no-disc_testing,instream_video,118.55,35209,596,0,0,0,0.0,0,0,0.0,10143,12
120247189268040167,tw_meta_standard_ios_tw-en_pros_purchase_ongoing_no-disc_testing,marketplace,15.11,8882,26,0,0,0,0.0,0,0,0.0,1084,3
120247189268040167,tw_meta_standard_ios_tw-en_pros_purchase_ongoing_no-disc_testing,search,20.42,5954,33,1,0,0,0.0,0,0,0.0,1083,6
120247189268040167,tw_meta_standard_ios_tw-en_pros_purchase_ongoing_no-disc_testing,threads_feed,73.42,113310,89,1,1,1,2.55,0,0,0.0,2579,6
120247235137270167,tw_meta_standard_ios_tw-en_pros_purchase_ongoing_no-disc_testing,an_classic,0.02,1,1,0,0,0,0.0,,0,0.0,1,0
120247235137270167,tw_meta_standard_ios_tw-en_pros_purchase_ongoing_no-disc_testing,facebook_notification,0.05,7,0,0,0,0,0.0,,0,0.0,0,0
120247235137270167,tw_meta_standard_ios_tw-en_pros_purchase_ongoing_no-disc_testing,facebook_reels,141.69,28034,719,2,2,0,0.0,,0,0.0,8640,189
120247235137270167,tw_meta_standard_ios_tw-en_pros_purchase_ongoing_no-disc_testing,facebook_reels_overlay,0.02,6,0,0,0,0,0.0,,0,0.0,0,0
120247235137270167,tw_meta_standard_ios_tw-en_pros_purchase_ongoing_no-disc_testing,facebook_stories,10.1,891,28,0,0,0,0.0,,0,0.0,266,4
120247235137270167,tw_meta_standard_ios_tw-en_pros_purchase_ongoing_no-disc_testing,feed,40.87,10300,135,0,0,0,0.0,,0,0.0,2493,39
120247235137270167,tw_meta_standard_ios_tw-en_pros_purchase_ongoing_no-disc_testing,instagram_explore_grid_home,0.02,10,0,0,0,0,0.0,,0,0.0,6,0
120247235137270167,tw_meta_standard_ios_tw-en_pros_purchase_ongoing_no-disc_testing,instagram_reels,38.66,7266,288,2,1,0,0.0,,0,0.0,2150,25
120247235137270167,tw_meta_standard_ios_tw-en_pros_purchase_ongoing_no-disc_testing,instagram_stories,10.6,1706,27,0,0,0,0.0,,0,0.0,241,22
120247235137270167,tw_meta_standard_ios_tw-en_pros_purchase_ongoing_no-disc_testing,instream_video,1.85,258,8,0,0,0,0.0,,0,0.0,111,1
120247235137270167,tw_meta_standard_ios_tw-en_pros_purchase_ongoing_no-disc_testing,marketplace,0.01,3,0,0,0,0,0.0,,0,0.0,1,0
120247235137270167,tw_meta_standard_ios_tw-en_pros_purchase_ongoing_no-disc_testing,search,0.02,7,0,0,0,0,0.0,,0,0.0,3,0
120247235677870167,tw_meta_standard_ios_tw-en_pros_purchase_ongoing_no-disc_testing,an_classic,1.37,143,24,0,0,0,0.0,0,0,0.0,114,6
120247235677870167,tw_meta_standard_ios_tw-en_pros_purchase_ongoing_no-disc_testing,facebook_notification,0.56,59,2,0,0,0,0.0,0,0,0.0,0,0
120247235677870167,tw_meta_standard_ios_tw-en_pros_purchase_ongoing_no-disc_testing,facebook_reels,54.1,13728,107,1,1,1,2.53,0,0,0.0,1785,40
120247235677870167,tw_meta_standard_ios_tw-en_pros_purchase_ongoing_no-disc_testing,facebook_reels_overlay,14.15,11563,64,0,0,0,0.0,0,0,0.0,0,0
120247235677870167,tw_meta_standard_ios_tw-en_pros_purchase_ongoing_no-disc_testing,facebook_stories,142.71,14475,518,0,0,0,0.0,0,0,0.0,2852,114
120247235677870167,tw_meta_standard_ios_tw-en_pros_purchase_ongoing_no-disc_testing,feed,119.23,48400,373,2,2,0,0.0,0,0,0.0,6443,69
120247235677870167,tw_meta_standard_ios_tw-en_pros_purchase_ongoing_no-disc_testing,instagram_reels,1.48,224,4,0,0,0,0.0,,0,0.0,49,0
120247235677870167,tw_meta_standard_ios_tw-en_pros_purchase_ongoing_no-disc_testing,instagram_stories,0.93,117,2,0,0,0,0.0,,0,0.0,17,1
120247235677870167,tw_meta_standard_ios_tw-en_pros_purchase_ongoing_no-disc_testing,instream_video,43.8,9906,239,0,0,0,0.0,0,0,0.0,4016,24
120247235677870167,tw_meta_standard_ios_tw-en_pros_purchase_ongoing_no-disc_testing,marketplace,2.79,1373,8,0,0,0,0.0,0,0,0.0,172,5
120247235677870167,tw_meta_standard_ios_tw-en_pros_purchase_ongoing_no-disc_testing,search,1.38,411,6,0,0,0,0.0,0,0,0.0,74,0
120247254596060167,tw_meta_standard_ios_tw-en_pros_purchase_ongoing_no-disc_testing,an_classic,0.16,34,2,0,0,0,0.0,0,0,0.0,20,1
120247254596060167,tw_meta_standard_ios_tw-en_pros_purchase_ongoing_no-disc_testing,facebook_profile_feed,0.03,10,0,0,0,0,0.0,0,0,0.0,1,0
120247254596060167,tw_meta_standard_ios_tw-en_pros_purchase_ongoing_no-disc_testing,facebook_reels,5.48,1374,10,1,0,0,0.0,0,0,0.0,175,7
120247254596060167,tw_meta_standard_ios_tw-en_pros_purchase_ongoing_no-disc_testing,facebook_reels_overlay,0.78,569,3,0,0,0,0.0,0,0,0.0,0,0
120247254596060167,tw_meta_standard_ios_tw-en_pros_purchase_ongoing_no-disc_testing,facebook_stories,5.58,764,24,2,2,1,2.73,0,0,0.0,76,7
120247254596060167,tw_meta_standard_ios_tw-en_pros_purchase_ongoing_no-disc_testing,feed,5.86,1399,10,0,0,0,0.0,0,0,0.0,236,7
120247254596060167,tw_meta_standard_ios_tw-en_pros_purchase_ongoing_no-disc_testing,instagram_reels,1.04,109,1,0,0,0,0.0,0,0,0.0,13,1
120247254596060167,tw_meta_standard_ios_tw-en_pros_purchase_ongoing_no-disc_testing,instream_video,11.04,2296,42,0,0,0,0.0,0,0,0.0,877,3
120247254596060167,tw_meta_standard_ios_tw-en_pros_purchase_ongoing_no-disc_testing,marketplace,0.0,4,0,0,0,0,0.0,0,0,0.0,1,0
120247254596060167,tw_meta_standard_ios_tw-en_pros_purchase_ongoing_no-disc_testing,search,0.62,110,1,0,0,0,0.0,0,0,0.0,22,0
120247254596060167,tw_meta_standard_ios_tw-en_pros_purchase_ongoing_no-disc_testing,threads_feed,0.95,1383,3,0,0,0,0.0,0,0,0.0,16,0
120247256194240167,tw_meta_standard_ios_tw-en_pros_purchase_ongoing_no-disc_testing,an_classic,0.21,35,6,0,0,0,0.0,0,0,0.0,26,1
120247256194240167,tw_meta_standard_ios_tw-en_pros_purchase_ongoing_no-disc_testing,facebook_notification,0.41,19,1,0,0,0,0.0,0,0,0.0,0,0
120247256194240167,tw_meta_standard_ios_tw-en_pros_purchase_ongoing_no-disc_testing,facebook_profile_feed,0.22,61,0,0,0,0,0.0,0,0,0.0,6,0
120247256194240167,tw_meta_standard_ios_tw-en_pros_purchase_ongoing_no-disc_testing,facebook_reels,39.41,9153,58,4,2,1,2.36,0,0,0.0,865,56
120247256194240167,tw_meta_standard_ios_tw-en_pros_purchase_ongoing_no-disc_testing,facebook_reels_overlay,1.62,1304,7,0,0,0,0.0,0,0,0.0,0,0
120247256194240167,tw_meta_standard_ios_tw-en_pros_purchase_ongoing_no-disc_testing,facebook_stories,20.64,2197,74,0,0,0,0.0,0,0,0.0,310,64
120247256194240167,tw_meta_standard_ios_tw-en_pros_purchase_ongoing_no-disc_testing,feed,71.28,17426,162,5,3,1,3.04,0,0,0.0,1445,80
120247256194240167,tw_meta_standard_ios_tw-en_pros_purchase_ongoing_no-disc_testing,instagram_explore_grid_home,0.0,2,0,0,0,0,0.0,0,0,0.0,1,0
120247256194240167,tw_meta_standard_ios_tw-en_pros_purchase_ongoing_no-disc_testing,instagram_reels,21.87,4225,14,0,0,0,0.0,0,0,0.0,292,7
120247256194240167,tw_meta_standard_ios_tw-en_pros_purchase_ongoing_no-disc_testing,instagram_stories,22.96,7798,123,2,3,2,5.35,0,0,0.0,229,29
120247256194240167,tw_meta_standard_ios_tw-en_pros_purchase_ongoing_no-disc_testing,instream_video,10.68,2666,77,1,0,0,0.0,0,0,0.0,1000,16
120247256194240167,tw_meta_standard_ios_tw-en_pros_purchase_ongoing_no-disc_testing,marketplace,0.3,142,0,0,0,0,0.0,0,0,0.0,18,0
120247256194240167,tw_meta_standard_ios_tw-en_pros_purchase_ongoing_no-disc_testing,rewarded_video,1.81,149,28,0,0,0,0.0,0,0,0.0,145,53
120247256194240167,tw_meta_standard_ios_tw-en_pros_purchase_ongoing_no-disc_testing,search,0.92,268,1,0,0,0,0.0,0,0,0.0,49,0
120247256194240167,tw_meta_standard_ios_tw-en_pros_purchase_ongoing_no-disc_testing,threads_feed,6.88,7092,9,1,0,0,0.0,0,0,0.0,180,4
120247333574270167,tw_meta_standard_ios_tw-en_pros_trial_ongoing_winning,an_classic,1.98,228,39,0,0,0,0.0,0,0,0.0,175,7
120247333574270167,tw_meta_standard_ios_tw-en_pros_trial_ongoing_winning,biz_disco_feed,0.0,2,0,0,0,0,0.0,0,0,0.0,0,0
120247333574270167,tw_meta_standard_ios_tw-en_pros_trial_ongoing_winning,facebook_notification,0.96,80,1,0,0,0,0.0,0,0,0.0,0,0
120247333574270167,tw_meta_standard_ios_tw-en_pros_trial_ongoing_winning,facebook_profile_feed,10.25,2444,19,0,0,0,0.0,0,0,0.0,293,8
120247333574270167,tw_meta_standard_ios_tw-en_pros_trial_ongoing_winning,facebook_reels,347.45,72858,399,17,5,3,5.36,0,0,0.0,15766,531
120247333574270167,tw_meta_standard_ios_tw-en_pros_trial_ongoing_winning,facebook_reels_overlay,2.79,2322,16,0,0,0,0.0,0,0,0.0,0,0
120247333574270167,tw_meta_standard_ios_tw-en_pros_trial_ongoing_winning,facebook_stories,47.13,4767,146,0,0,0,0.0,0,0,0.0,968,127
120247333574270167,tw_meta_standard_ios_tw-en_pros_trial_ongoing_winning,feed,362.43,61396,680,29,17,8,13.42,0,2,0.0,12698,485
120247333574270167,tw_meta_standard_ios_tw-en_pros_trial_ongoing_winning,instagram_explore_grid_home,0.07,89,0,0,0,0,0.0,0,0,0.0,48,1
120247333574270167,tw_meta_standard_ios_tw-en_pros_trial_ongoing_winning,instagram_reels,407.37,55616,240,28,16,9,16.1,0,0,0.0,10739,269
120247333574270167,tw_meta_standard_ios_tw-en_pros_trial_ongoing_winning,instagram_stories,48.97,7530,96,1,0,0,0.0,0,0,0.0,656,63
120247333574270167,tw_meta_standard_ios_tw-en_pros_trial_ongoing_winning,instream_video,61.22,14302,351,5,1,1,1.89,0,0,0.0,6355,46
120247333574270167,tw_meta_standard_ios_tw-en_pros_trial_ongoing_winning,marketplace,0.64,282,0,0,0,0,0.0,0,0,0.0,48,0
120247333574270167,tw_meta_standard_ios_tw-en_pros_trial_ongoing_winning,rewarded_video,18.87,2113,255,5,1,0,0.0,0,0,0.0,2067,1066
120247333574270167,tw_meta_standard_ios_tw-en_pros_trial_ongoing_winning,search,5.55,920,9,1,0,0,0.0,0,0,0.0,191,3
120247758597150167,tw_meta_standard_ios_tw-en_pros_trial_ongoing_scaling2,facebook_notification,26.77,2617,49,0,0,0,0.0,0,0,0.0,0,0
120247758597150167,tw_meta_standard_ios_tw-en_pros_trial_ongoing_scaling2,facebook_reels,1854.63,294774,3909,61,35,19,30.36,0,0,0.0,59337,121
120247758597150167,tw_meta_standard_ios_tw-en_pros_trial_ongoing_scaling2,facebook_reels_overlay,138.72,94015,455,0,0,0,0.0,0,0,0.0,0,0
120247758597150167,tw_meta_standard_ios_tw-en_pros_trial_ongoing_scaling2,feed,1195.84,219645,1722,18,13,5,7.92,0,0,0.0,61732,81
120247758597150167,tw_meta_standard_ios_tw-en_pros_trial_ongoing_scaling2,instagram_reels,643.94,109403,792,22,12,7,11.48,0,0,0.0,14292,20
120247758597150167,tw_meta_standard_ios_tw-en_pros_trial_ongoing_scaling2,instagram_stories,721.73,166077,3869,18,6,3,4.79,0,1,0.0,7092,0
120247758597150167,tw_meta_standard_ios_tw-en_pros_trial_ongoing_scaling2,marketplace,28.33,13347,51,0,0,0,0.0,0,0,0.0,2284,1
120247758597150167,tw_meta_standard_ios_tw-en_pros_trial_ongoing_scaling2,search,0.53,196,1,0,0,0,0.0,0,0,0.0,37,0
120247887628100167,tw_meta_standard_ios_tw-en_pros_trial_ongoing_scaling2,an_classic,3.82,434,88,0,0,0,0.0,0,0,0.0,324,32
120247887628100167,tw_meta_standard_ios_tw-en_pros_trial_ongoing_scaling2,biz_disco_feed,0.0,1,0,0,0,0,0.0,0,0,0.0,0,0
120247887628100167,tw_meta_standard_ios_tw-en_pros_trial_ongoing_scaling2,facebook_notification,1.85,158,4,0,0,0,0.0,0,0,0.0,0,0
120247887628100167,tw_meta_standard_ios_tw-en_pros_trial_ongoing_scaling2,facebook_profile_feed,10.0,2135,13,0,0,0,0.0,0,0,0.0,255,5
120247887628100167,tw_meta_standard_ios_tw-en_pros_trial_ongoing_scaling2,facebook_reels,1703.93,432971,1994,86,42,17,27.52,0,0,0.0,109020,2606
120247887628100167,tw_meta_standard_ios_tw-en_pros_trial_ongoing_scaling2,facebook_reels_overlay,5.0,4071,25,0,0,0,0.0,0,0,0.0,0,0
120247887628100167,tw_meta_standard_ios_tw-en_pros_trial_ongoing_scaling2,facebook_stories,226.14,24736,462,7,4,1,1.66,0,0,0.0,5535,786
120247887628100167,tw_meta_standard_ios_tw-en_pros_trial_ongoing_scaling2,feed,1375.65,295513,2419,48,32,11,17.82,0,0,0.0,69267,2043
120247887628100167,tw_meta_standard_ios_tw-en_pros_trial_ongoing_scaling2,instagram_explore_grid_home,0.47,331,0,0,0,0,0.0,0,0,0.0,226,5
120247887628100167,tw_meta_standard_ios_tw-en_pros_trial_ongoing_scaling2,instagram_reels,1304.16,248020,660,47,38,16,25.63,0,0,0.0,51135,1242
120247887628100167,tw_meta_standard_ios_tw-en_pros_trial_ongoing_scaling2,instagram_stories,266.36,39420,417,9,7,3,4.94,0,0,0.0,4256,510
120247887628100167,tw_meta_standard_ios_tw-en_pros_trial_ongoing_scaling2,instream_video,186.71,30288,643,15,5,5,7.89,0,0,0.0,15714,161
120247887628100167,tw_meta_standard_ios_tw-en_pros_trial_ongoing_scaling2,marketplace,10.79,4747,18,0,0,0,0.0,0,0,0.0,847,18
120247887628100167,tw_meta_standard_ios_tw-en_pros_trial_ongoing_scaling2,rewarded_video,8.95,772,196,1,0,1,1.78,0,0,0.0,750,712
120247887628100167,tw_meta_standard_ios_tw-en_pros_trial_ongoing_scaling2,search,5.26,374,7,0,0,0,0.0,0,0,0.0,74,0
120247887628100167,tw_meta_standard_ios_tw-en_pros_trial_ongoing_scaling2,threads_feed,176.29,125991,76,4,3,0,0.0,0,0,0.0,5535,170
120247887774070167,tw_meta_standard_ios_tw-en_pros_trial_ongoing_scaling2,an_classic,2.89,228,43,1,0,1,1.73,0,0,0.0,183,16
120247887774070167,tw_meta_standard_ios_tw-en_pros_trial_ongoing_scaling2,biz_disco_feed,0.0,1,0,0,0,0,0.0,0,0,0.0,0,0
120247887774070167,tw_meta_standard_ios_tw-en_pros_trial_ongoing_scaling2,facebook_notification,1.93,204,3,0,0,0,0.0,0,0,0.0,0,0
120247887774070167,tw_meta_standard_ios_tw-en_pros_trial_ongoing_scaling2,facebook_profile_feed,2.02,596,2,0,0,0,0.0,0,0,0.0,47,1
120247887774070167,tw_meta_standard_ios_tw-en_pros_trial_ongoing_scaling2,facebook_reels,283.51,80193,319,8,6,2,3.52,0,0,0.0,5928,262
120247887774070167,tw_meta_standard_ios_tw-en_pros_trial_ongoing_scaling2,facebook_reels_overlay,3.64,3446,17,0,0,0,0.0,0,0,0.0,0,0
120247887774070167,tw_meta_standard_ios_tw-en_pros_trial_ongoing_scaling2,facebook_stories,67.21,8390,274,2,2,1,1.76,0,0,0.0,1016,146
120247887774070167,tw_meta_standard_ios_tw-en_pros_trial_ongoing_scaling2,feed,570.13,141201,1014,24,13,4,6.82,0,0,0.0,11347,512
120247887774070167,tw_meta_standard_ios_tw-en_pros_trial_ongoing_scaling2,instagram_explore_grid_home,0.07,65,1,0,0,0,0.0,0,0,0.0,39,0
120247887774070167,tw_meta_standard_ios_tw-en_pros_trial_ongoing_scaling2,instagram_reels,477.15,128341,406,6,6,1,1.76,0,0,0.0,7768,248
120247887774070167,tw_meta_standard_ios_tw-en_pros_trial_ongoing_scaling2,instagram_stories,144.79,44806,531,6,5,3,5.15,0,0,0.0,1459,190
120247887774070167,tw_meta_standard_ios_tw-en_pros_trial_ongoing_scaling2,instream_video,61.79,14791,323,3,0,0,0.0,0,0,0.0,6168,47
120247887774070167,tw_meta_standard_ios_tw-en_pros_trial_ongoing_scaling2,marketplace,1.79,943,4,0,0,0,0.0,0,0,0.0,138,3
120247887774070167,tw_meta_standard_ios_tw-en_pros_trial_ongoing_scaling2,rewarded_video,14.68,1203,272,0,0,0,0.0,0,0,0.0,1183,406
120247887774070167,tw_meta_standard_ios_tw-en_pros_trial_ongoing_scaling2,search,11.3,2442,24,2,0,1,1.78,0,0,0.0,490,8
120247887774070167,tw_meta_standard_ios_tw-en_pros_trial_ongoing_scaling2,threads_feed,102.2,125401,95,4,1,0,0.0,0,0,0.0,4700,70
120247888457690167,tw_meta_standard_ios_tw-en_pros_trial_ongoing_winning,facebook_notification,1.49,242,1,0,0,0,0.0,0,0,0.0,0,0
120247888457690167,tw_meta_standard_ios_tw-en_pros_trial_ongoing_winning,facebook_reels,64.92,15024,297,0,0,0,0.0,0,0,0.0,3199,15
120247888457690167,tw_meta_standard_ios_tw-en_pros_trial_ongoing_winning,facebook_reels_overlay,3.77,3991,31,0,0,0,0.0,0,0,0.0,0,0
120247888457690167,tw_meta_standard_ios_tw-en_pros_trial_ongoing_winning,feed,60.03,13546,131,2,0,0,0.0,0,0,0.0,3552,10
120247888457690167,tw_meta_standard_ios_tw-en_pros_trial_ongoing_winning,instagram_reels,13.8,2453,25,0,0,0,0.0,0,0,0.0,274,4
120247888457690167,tw_meta_standard_ios_tw-en_pros_trial_ongoing_winning,instagram_stories,132.51,40752,988,1,1,0,0.0,0,0,0.0,1246,49
120247888457690167,tw_meta_standard_ios_tw-en_pros_trial_ongoing_winning,instream_video,16.42,6493,141,1,0,0,0.0,0,0,0.0,1748,1
120247888457690167,tw_meta_standard_ios_tw-en_pros_trial_ongoing_winning,marketplace,1.05,757,0,0,0,0,0.0,0,0,0.0,94,0
120247888457690167,tw_meta_standard_ios_tw-en_pros_trial_ongoing_winning,search,5.55,2675,18,0,0,0,0.0,0,0,0.0,562,2
120247888972120167,tw_meta_standard_ios_tw-en_pros_trial_ongoing_scaling2,an_classic,17.04,10582,120,0,0,0,0.0,0,0,0.0,0,0
120247888972120167,tw_meta_standard_ios_tw-en_pros_trial_ongoing_scaling2,biz_disco_feed,0.04,2,0,0,0,0,0.0,0,0,0.0,0,0
120247888972120167,tw_meta_standard_ios_tw-en_pros_trial_ongoing_scaling2,facebook_notification,0.2,31,0,0,0,0,0.0,0,0,0.0,0,0
120247888972120167,tw_meta_standard_ios_tw-en_pros_trial_ongoing_scaling2,facebook_profile_feed,4.06,1252,9,1,1,1,1.55,0,0,0.0,0,0
120247888972120167,tw_meta_standard_ios_tw-en_pros_trial_ongoing_scaling2,facebook_reels,15.99,6219,25,0,0,0,0.0,0,0,0.0,0,0
120247888972120167,tw_meta_standard_ios_tw-en_pros_trial_ongoing_scaling2,facebook_reels_overlay,15.99,13341,83,0,0,0,0.0,0,0,0.0,0,0
120247888972120167,tw_meta_standard_ios_tw-en_pros_trial_ongoing_scaling2,facebook_stories,71.16,20279,258,0,0,0,0.0,0,0,0.0,0,0
120247888972120167,tw_meta_standard_ios_tw-en_pros_trial_ongoing_scaling2,feed,92.59,24453,155,0,2,1,1.72,0,1,0.0,0,0
120247888972120167,tw_meta_standard_ios_tw-en_pros_trial_ongoing_scaling2,instagram_reels,21.97,7445,80,0,0,0,0.0,0,0,0.0,0,0
120247888972120167,tw_meta_standard_ios_tw-en_pros_trial_ongoing_scaling2,instagram_stories,60.44,18971,184,3,0,0,0.0,0,0,0.0,0,0
120247888972120167,tw_meta_standard_ios_tw-en_pros_trial_ongoing_scaling2,instream_video,25.77,14374,150,1,0,0,0.0,0,0,0.0,0,0
120247888972120167,tw_meta_standard_ios_tw-en_pros_trial_ongoing_scaling2,marketplace,4.24,4464,9,0,0,0,0.0,0,0,0.0,0,0
120247888972120167,tw_meta_standard_ios_tw-en_pros_trial_ongoing_scaling2,search,2.02,523,3,0,0,0,0.0,0,0,0.0,0,0
120247888972120167,tw_meta_standard_ios_tw-en_pros_trial_ongoing_scaling2,threads_feed,133.55,410020,563,3,4,4,7.25,0,1,0.0,0,0
120247889143360167,tw_meta_standard_ios_tw-en_pros_trial_ongoing_winning,an_classic,5.61,453,97,0,0,0,0.0,0,0,0.0,366,41
120247889143360167,tw_meta_standard_ios_tw-en_pros_trial_ongoing_winning,biz_disco_feed,0.0,1,0,0,0,0,0.0,0,0,0.0,0,0
120247889143360167,tw_meta_standard_ios_tw-en_pros_trial_ongoing_winning,facebook_notification,3.49,267,8,0,0,0,0.0,0,0,0.0,0,0
120247889143360167,tw_meta_standard_ios_tw-en_pros_trial_ongoing_winning,facebook_profile_feed,24.2,5462,41,2,2,0,0.0,0,0,0.0,758,12
120247889143360167,tw_meta_standard_ios_tw-en_pros_trial_ongoing_winning,facebook_reels,637.22,106245,642,41,16,7,11.88,0,0,0.0,32971,776
120247889143360167,tw_meta_standard_ios_tw-en_pros_trial_ongoing_winning,facebook_reels_overlay,5.01,4177,24,0,0,0,0.0,0,0,0.0,0,0
120247889143360167,tw_meta_standard_ios_tw-en_pros_trial_ongoing_winning,facebook_stories,171.03,13944,417,4,5,0,0.0,0,0,0.0,3243,432
120247889143360167,tw_meta_standard_ios_tw-en_pros_trial_ongoing_winning,feed,749.64,93363,1071,35,11,9,14.77,0,0,0.0,24201,820
120247889143360167,tw_meta_standard_ios_tw-en_pros_trial_ongoing_winning,instagram_explore_grid_home,0.45,284,0,0,0,0,0.0,0,0,0.0,192,3
120247889143360167,tw_meta_standard_ios_tw-en_pros_trial_ongoing_winning,instagram_reels,373.3,44966,205,16,11,8,13.58,0,0,0.0,9274,211
120247889143360167,tw_meta_standard_ios_tw-en_pros_trial_ongoing_winning,instagram_stories,200.4,28683,330,5,2,0,0.0,0,0,0.0,2587,294
120247889143360167,tw_meta_standard_ios_tw-en_pros_trial_ongoing_winning,instream_video,110.3,15794,356,9,4,3,4.76,0,0,0.0,8867,100
120247889143360167,tw_meta_standard_ios_tw-en_pros_trial_ongoing_winning,marketplace,3.36,1245,19,0,0,0,0.0,0,0,0.0,245,10
120247889143360167,tw_meta_standard_ios_tw-en_pros_trial_ongoing_winning,rewarded_video,28.44,2020,491,2,0,0,0.0,0,0,0.0,1968,1642
120247889143360167,tw_meta_standard_ios_tw-en_pros_trial_ongoing_winning,search,11.7,1720,21,1,0,0,0.0,0,0,0.0,340,9
120247889446440167,tw_meta_standard_ios_tw-en_pros_trial_ongoing_scaling2,an_classic,31.33,16876,714,2,2,0,0.0,0,0,0.0,0,0
120247889446440167,tw_meta_standard_ios_tw-en_pros_trial_ongoing_scaling2,biz_disco_feed,0.0,1,0,0,0,0,0.0,0,0,0.0,0,0
120247889446440167,tw_meta_standard_ios_tw-en_pros_trial_ongoing_scaling2,facebook_notification,0.14,23,0,0,0,0,0.0,0,0,0.0,0,0
120247889446440167,tw_meta_standard_ios_tw-en_pros_trial_ongoing_scaling2,facebook_profile_feed,21.45,6146,32,0,0,0,0.0,0,0,0.0,0,0
120247889446440167,tw_meta_standard_ios_tw-en_pros_trial_ongoing_scaling2,facebook_reels,1677.31,444251,2129,118,73,44,73.24,0,1,0.0,0,0
120247889446440167,tw_meta_standard_ios_tw-en_pros_trial_ongoing_scaling2,facebook_reels_overlay,5.36,4149,41,0,0,0,0.0,0,0,0.0,0,0
120247889446440167,tw_meta_standard_ios_tw-en_pros_trial_ongoing_scaling2,facebook_stories,529.67,116236,1511,20,8,4,6.63,0,0,0.0,0,0
120247889446440167,tw_meta_standard_ios_tw-en_pros_trial_ongoing_scaling2,feed,512.1,121248,590,21,21,8,13.5,0,2,0.0,0,0
120247889446440167,tw_meta_standard_ios_tw-en_pros_trial_ongoing_scaling2,instagram_reels,1754.19,574670,16496,79,50,23,38.61,0,1,0.0,0,0
120247889446440167,tw_meta_standard_ios_tw-en_pros_trial_ongoing_scaling2,instagram_stories,2102.26,561283,13368,68,38,17,29.36,2,3,0.0,0,0
120247889446440167,tw_meta_standard_ios_tw-en_pros_trial_ongoing_scaling2,instream_video,35.17,7947,186,1,0,0,0.0,0,0,0.0,0,0
120247889446440167,tw_meta_standard_ios_tw-en_pros_trial_ongoing_scaling2,marketplace,2.42,2432,14,0,0,0,0.0,0,0,0.0,0,0
120247889446440167,tw_meta_standard_ios_tw-en_pros_trial_ongoing_scaling2,search,6.3,4073,19,0,0,0,0.0,0,0,0.0,0,0
120247889446440167,tw_meta_standard_ios_tw-en_pros_trial_ongoing_scaling2,threads_feed,2347.29,2347025,26335,103,49,22,37.78,0,2,0.0,0,0
120248324906930167,tw_meta_standard_ios_tw-en_pros_trial_ongoing_scaling2,an_classic,1.13,106,16,0,0,0,0.0,0,0,0.0,77,6
120248324906930167,tw_meta_standard_ios_tw-en_pros_trial_ongoing_scaling2,biz_disco_feed,0.0,1,0,0,0,0,0.0,0,0,0.0,0,0
120248324906930167,tw_meta_standard_ios_tw-en_pros_trial_ongoing_scaling2,facebook_notification,3.43,390,5,0,0,0,0.0,0,0,0.0,0,0
120248324906930167,tw_meta_standard_ios_tw-en_pros_trial_ongoing_scaling2,facebook_profile_feed,9.46,2542,14,0,0,0,0.0,0,0,0.0,304,2
120248324906930167,tw_meta_standard_ios_tw-en_pros_trial_ongoing_scaling2,facebook_reels,652.1,177512,782,17,5,1,1.78,0,0,0.0,45987,998
120248324906930167,tw_meta_standard_ios_tw-en_pros_trial_ongoing_scaling2,facebook_reels_overlay,10.88,7818,50,0,0,0,0.0,0,0,0.0,0,0
120248324906930167,tw_meta_standard_ios_tw-en_pros_trial_ongoing_scaling2,facebook_stories,282.85,29664,1011,1,0,0,0.0,0,0,0.0,5381,791
120248324906930167,tw_meta_standard_ios_tw-en_pros_trial_ongoing_scaling2,feed,1046.2,296494,2075,22,14,7,11.78,0,0,0.0,54687,1403
120248324906930167,tw_meta_standard_ios_tw-en_pros_trial_ongoing_scaling2,instagram_explore_grid_home,0.29,218,0,0,0,0,0.0,0,0,0.0,139,4
120248324906930167,tw_meta_standard_ios_tw-en_pros_trial_ongoing_scaling2,instagram_reels,313.76,55433,124,6,5,3,5.11,0,0,0.0,10671,211
120248324906930167,tw_meta_standard_ios_tw-en_pros_trial_ongoing_scaling2,instagram_search,0.0,1,0,0,0,0,0.0,0,0,0.0,0,0
120248324906930167,tw_meta_standard_ios_tw-en_pros_trial_ongoing_scaling2,instagram_stories,205.06,38930,479,2,2,1,1.68,0,0,0.0,3050,369
120248324906930167,tw_meta_standard_ios_tw-en_pros_trial_ongoing_scaling2,instream_video,137.48,28465,615,9,4,0,0.0,0,0,0.0,13031,126
120248324906930167,tw_meta_standard_ios_tw-en_pros_trial_ongoing_scaling2,marketplace,11.34,5336,32,0,0,0,0.0,0,0,0.0,919,14
120248324906930167,tw_meta_standard_ios_tw-en_pros_trial_ongoing_scaling2,rewarded_video,4.4,349,91,0,0,0,0.0,0,0,0.0,342,263
120248324906930167,tw_meta_standard_ios_tw-en_pros_trial_ongoing_scaling2,search,5.02,974,5,0,0,0,0.0,0,0,0.0,170,5
120248324906930167,tw_meta_standard_ios_tw-en_pros_trial_ongoing_scaling2,threads_feed,105.17,90101,36,0,0,0,0.0,0,0,0.0,4169,102
120248325927700167,tw_meta_standard_ios_tw-en_pros_trial_ongoing_scaling2,facebook_reels,0.0,1,1,0,0,0,0.0,0,0,0.0,1,0
120248325927700167,tw_meta_standard_ios_tw-en_pros_trial_ongoing_scaling2,instream_video,0.0,1,0,0,0,0,0.0,0,0,0.0,1,0
120248334930940167,tw_meta_standard_ios_tw-en_pros_purchase_ongoing_no-disc_testing,an_classic,0.87,500,6,0,0,0,0.0,0,0,0.0,0,0
120248334930940167,tw_meta_standard_ios_tw-en_pros_purchase_ongoing_no-disc_testing,facebook_profile_feed,0.15,42,0,0,0,0,0.0,0,0,0.0,0,0
120248334930940167,tw_meta_standard_ios_tw-en_pros_purchase_ongoing_no-disc_testing,facebook_reels,0.23,107,1,0,0,0,0.0,0,0,0.0,0,0
120248334930940167,tw_meta_standard_ios_tw-en_pros_purchase_ongoing_no-disc_testing,facebook_reels_overlay,0.54,552,3,0,0,0,0.0,0,0,0.0,0,0
120248334930940167,tw_meta_standard_ios_tw-en_pros_purchase_ongoing_no-disc_testing,facebook_stories,8.7,2658,27,0,0,0,0.0,0,0,0.0,0,0
120248334930940167,tw_meta_standard_ios_tw-en_pros_purchase_ongoing_no-disc_testing,feed,4.34,1302,12,0,0,0,0.0,0,0,0.0,0,0
120248334930940167,tw_meta_standard_ios_tw-en_pros_purchase_ongoing_no-disc_testing,instagram_reels,1.36,434,9,0,0,0,0.0,0,0,0.0,0,0
120248334930940167,tw_meta_standard_ios_tw-en_pros_purchase_ongoing_no-disc_testing,instagram_stories,7.71,1632,29,0,0,0,0.0,0,0,0.0,0,0
120248334930940167,tw_meta_standard_ios_tw-en_pros_purchase_ongoing_no-disc_testing,instream_video,1.47,374,14,0,0,0,0.0,0,0,0.0,0,0
120248334930940167,tw_meta_standard_ios_tw-en_pros_purchase_ongoing_no-disc_testing,marketplace,0.03,36,0,0,0,0,0.0,0,0,0.0,0,0
120248334930940167,tw_meta_standard_ios_tw-en_pros_purchase_ongoing_no-disc_testing,search,0.0,1,0,0,0,0,0.0,0,0,0.0,0,0
120248334930940167,tw_meta_standard_ios_tw-en_pros_purchase_ongoing_no-disc_testing,threads_feed,15.84,38912,74,0,0,0,0.0,0,0,0.0,0,0
120248334931480167,tw_meta_standard_ios_tw-en_pros_purchase_ongoing_no-disc_testing,an_classic,0.44,325,3,0,0,0,0.0,0,0,0.0,0,0
120248334931480167,tw_meta_standard_ios_tw-en_pros_purchase_ongoing_no-disc_testing,facebook_notification,0.0,1,0,0,0,0,0.0,0,0,0.0,0,0
120248334931480167,tw_meta_standard_ios_tw-en_pros_purchase_ongoing_no-disc_testing,facebook_profile_feed,0.1,46,0,0,0,0,0.0,0,0,0.0,0,0
120248334931480167,tw_meta_standard_ios_tw-en_pros_purchase_ongoing_no-disc_testing,facebook_reels,0.12,28,1,0,0,0,0.0,0,0,0.0,0,0
120248334931480167,tw_meta_standard_ios_tw-en_pros_purchase_ongoing_no-disc_testing,facebook_reels_overlay,0.3,195,1,0,0,0,0.0,0,0,0.0,0,0
120248334931480167,tw_meta_standard_ios_tw-en_pros_purchase_ongoing_no-disc_testing,facebook_stories,3.61,916,11,0,0,0,0.0,0,0,0.0,0,0
120248334931480167,tw_meta_standard_ios_tw-en_pros_purchase_ongoing_no-disc_testing,feed,6.04,2012,17,0,0,0,0.0,0,0,0.0,0,0
120248334931480167,tw_meta_standard_ios_tw-en_pros_purchase_ongoing_no-disc_testing,instagram_reels,0.56,139,2,0,0,0,0.0,0,0,0.0,0,0
120248334931480167,tw_meta_standard_ios_tw-en_pros_purchase_ongoing_no-disc_testing,instagram_stories,3.75,830,9,0,0,0,0.0,0,0,0.0,0,0
120248334931480167,tw_meta_standard_ios_tw-en_pros_purchase_ongoing_no-disc_testing,instream_video,0.89,624,4,0,0,0,0.0,0,0,0.0,0,0
120248334931480167,tw_meta_standard_ios_tw-en_pros_purchase_ongoing_no-disc_testing,marketplace,0.01,18,0,0,0,0,0.0,0,0,0.0,0,0
120248334931480167,tw_meta_standard_ios_tw-en_pros_purchase_ongoing_no-disc_testing,search,0.01,6,0,0,0,0,0.0,0,0,0.0,0,0
120248334931480167,tw_meta_standard_ios_tw-en_pros_purchase_ongoing_no-disc_testing,threads_feed,7.73,18415,37,0,0,0,0.0,0,0,0.0,0,0
120248334932420167,tw_meta_standard_ios_tw-en_pros_purchase_ongoing_no-disc_testing,an_classic,1.44,909,4,0,0,0,0.0,0,0,0.0,0,0
120248334932420167,tw_meta_standard_ios_tw-en_pros_purchase_ongoing_no-disc_testing,facebook_profile_feed,0.24,62,0,0,0,0,0.0,0,0,0.0,0,0
120248334932420167,tw_meta_standard_ios_tw-en_pros_purchase_ongoing_no-disc_testing,facebook_reels,0.02,26,0,0,0,0,0.0,0,0,0.0,0,0
120248334932420167,tw_meta_standard_ios_tw-en_pros_purchase_ongoing_no-disc_testing,facebook_reels_overlay,0.3,247,1,0,0,0,0.0,0,0,0.0,0,0
120248334932420167,tw_meta_standard_ios_tw-en_pros_purchase_ongoing_no-disc_testing,facebook_stories,8.45,2563,27,0,0,0,0.0,0,0,0.0,0,0
120248334932420167,tw_meta_standard_ios_tw-en_pros_purchase_ongoing_no-disc_testing,feed,8.26,2518,18,0,0,0,0.0,0,0,0.0,0,0
120248334932420167,tw_meta_standard_ios_tw-en_pros_purchase_ongoing_no-disc_testing,instagram_reels,0.64,124,7,0,0,0,0.0,0,0,0.0,0,0
120248334932420167,tw_meta_standard_ios_tw-en_pros_purchase_ongoing_no-disc_testing,instagram_stories,1.79,371,9,0,0,0,0.0,0,0,0.0,0,0
120248334932420167,tw_meta_standard_ios_tw-en_pros_purchase_ongoing_no-disc_testing,instream_video,1.94,1317,6,0,0,0,0.0,0,0,0.0,0,0
120248334932420167,tw_meta_standard_ios_tw-en_pros_purchase_ongoing_no-disc_testing,marketplace,0.01,12,0,0,0,0,0.0,0,0,0.0,0,0
120248334932420167,tw_meta_standard_ios_tw-en_pros_purchase_ongoing_no-disc_testing,search,0.01,5,0,0,0,0,0.0,0,0,0.0,0,0
120248334932420167,tw_meta_standard_ios_tw-en_pros_purchase_ongoing_no-disc_testing,threads_feed,11.58,26130,66,0,0,0,0.0,0,0,0.0,0,0
120248334933310167,tw_meta_standard_ios_tw-en_pros_purchase_ongoing_no-disc_testing,an_classic,0.7,294,3,0,0,0,0.0,0,0,0.0,0,0
120248334933310167,tw_meta_standard_ios_tw-en_pros_purchase_ongoing_no-disc_testing,facebook_notification,0.0,1,0,0,0,0,0.0,0,0,0.0,0,0
120248334933310167,tw_meta_standard_ios_tw-en_pros_purchase_ongoing_no-disc_testing,facebook_profile_feed,0.16,58,0,0,0,0,0.0,0,0,0.0,0,0
120248334933310167,tw_meta_standard_ios_tw-en_pros_purchase_ongoing_no-disc_testing,facebook_reels,0.09,21,0,0,0,0,0.0,0,0,0.0,0,0
120248334933310167,tw_meta_standard_ios_tw-en_pros_purchase_ongoing_no-disc_testing,facebook_reels_overlay,0.17,157,0,0,0,0,0.0,0,0,0.0,0,0
120248334933310167,tw_meta_standard_ios_tw-en_pros_purchase_ongoing_no-disc_testing,facebook_stories,1.89,554,10,0,0,0,0.0,0,0,0.0,0,0
120248334933310167,tw_meta_standard_ios_tw-en_pros_purchase_ongoing_no-disc_testing,feed,6.67,1331,20,0,0,0,0.0,0,0,0.0,0,0
120248334933310167,tw_meta_standard_ios_tw-en_pros_purchase_ongoing_no-disc_testing,instagram_reels,1.14,320,4,0,0,0,0.0,0,0,0.0,0,0
120248334933310167,tw_meta_standard_ios_tw-en_pros_purchase_ongoing_no-disc_testing,instagram_stories,2.34,543,10,0,0,0,0.0,0,0,0.0,0,0
120248334933310167,tw_meta_standard_ios_tw-en_pros_purchase_ongoing_no-disc_testing,instream_video,0.88,499,5,0,0,0,0.0,0,0,0.0,0,0
120248334933310167,tw_meta_standard_ios_tw-en_pros_purchase_ongoing_no-disc_testing,marketplace,0.01,15,0,0,0,0,0.0,0,0,0.0,0,0
120248334933310167,tw_meta_standard_ios_tw-en_pros_purchase_ongoing_no-disc_testing,search,0.03,3,0,0,0,0,0.0,0,0,0.0,0,0
120248334933310167,tw_meta_standard_ios_tw-en_pros_purchase_ongoing_no-disc_testing,threads_feed,16.27,42334,81,0,0,0,0.0,0,0,0.0,0,0
120248334960360167,tw_meta_standard_ios_tw-en_pros_purchase_ongoing_no-disc_testing,an_classic,0.11,11,2,0,0,0,0.0,0,0,0.0,11,1
120248334960360167,tw_meta_standard_ios_tw-en_pros_purchase_ongoing_no-disc_testing,facebook_notification,0.1,24,0,0,0,0,0.0,0,0,0.0,0,0
120248334960360167,tw_meta_standard_ios_tw-en_pros_purchase_ongoing_no-disc_testing,facebook_profile_feed,0.6,188,1,0,0,0,0.0,0,0,0.0,10,0
120248334960360167,tw_meta_standard_ios_tw-en_pros_purchase_ongoing_no-disc_testing,facebook_reels,26.09,9071,35,1,1,1,2.63,0,0,0.0,672,20
120248334960360167,tw_meta_standard_ios_tw-en_pros_purchase_ongoing_no-disc_testing,facebook_reels_overlay,0.06,59,0,0,0,0,0.0,0,0,0.0,0,0
120248334960360167,tw_meta_standard_ios_tw-en_pros_purchase_ongoing_no-disc_testing,facebook_stories,10.66,1553,49,0,0,0,0.0,0,0,0.0,167,39
120248334960360167,tw_meta_standard_ios_tw-en_pros_purchase_ongoing_no-disc_testing,feed,75.82,38851,203,1,0,1,2.15,0,0,0.0,2275,101
120248334960360167,tw_meta_standard_ios_tw-en_pros_purchase_ongoing_no-disc_testing,instagram_explore_grid_home,0.0,3,0,0,0,0,0.0,0,0,0.0,3,0
120248334960360167,tw_meta_standard_ios_tw-en_pros_purchase_ongoing_no-disc_testing,instagram_reels,28.86,6554,16,0,0,0,0.0,0,0,0.0,388,7
120248334960360167,tw_meta_standard_ios_tw-en_pros_purchase_ongoing_no-disc_testing,instagram_stories,32.72,11400,107,1,1,0,0.0,0,0,0.0,422,64
120248334960360167,tw_meta_standard_ios_tw-en_pros_purchase_ongoing_no-disc_testing,instream_video,4.99,1170,23,0,0,0,0.0,0,0,0.0,486,5
120248334960360167,tw_meta_standard_ios_tw-en_pros_purchase_ongoing_no-disc_testing,marketplace,0.05,16,0,0,0,0,0.0,0,0,0.0,4,0
120248334960360167,tw_meta_standard_ios_tw-en_pros_purchase_ongoing_no-disc_testing,rewarded_video,0.3,28,1,0,0,0,0.0,0,0,0.0,28,10
120248334960360167,tw_meta_standard_ios_tw-en_pros_purchase_ongoing_no-disc_testing,search,0.1,36,0,0,0,0,0.0,0,0,0.0,8,1
120248334960360167,tw_meta_standard_ios_tw-en_pros_purchase_ongoing_no-disc_testing,threads_feed,6.97,7044,4,0,0,0,0.0,0,0,0.0,254,4
120248334979440167,tw_meta_standard_ios_tw-en_pros_purchase_ongoing_no-disc_testing,an_classic,3.6,245,69,0,0,0,0.0,0,0,0.0,178,10
120248334979440167,tw_meta_standard_ios_tw-en_pros_purchase_ongoing_no-disc_testing,facebook_notification,0.01,2,0,0,0,0,0.0,0,0,0.0,0,0
120248334979440167,tw_meta_standard_ios_tw-en_pros_purchase_ongoing_no-disc_testing,facebook_reels,285.63,95957,554,14,6,2,3.76,0,0,0.0,29567,373
120248334979440167,tw_meta_standard_ios_tw-en_pros_purchase_ongoing_no-disc_testing,facebook_reels_overlay,0.1,63,1,0,0,0,0.0,0,0,0.0,0,0
120248334979440167,tw_meta_standard_ios_tw-en_pros_purchase_ongoing_no-disc_testing,facebook_stories,37.95,4996,106,0,0,0,0.0,0,0,0.0,1202,118
120248334979440167,tw_meta_standard_ios_tw-en_pros_purchase_ongoing_no-disc_testing,feed,156.61,35649,307,9,4,1,2.0,0,0,0.0,9814,150
120248334979440167,tw_meta_standard_ios_tw-en_pros_purchase_ongoing_no-disc_testing,instagram_explore_grid_home,0.01,19,0,0,0,0,0.0,0,0,0.0,11,1
120248334979440167,tw_meta_standard_ios_tw-en_pros_purchase_ongoing_no-disc_testing,instagram_reels,712.47,161772,684,51,28,16,32.03,0,0,0.0,58128,594
120248334979440167,tw_meta_standard_ios_tw-en_pros_purchase_ongoing_no-disc_testing,instagram_stories,209.11,44957,530,6,3,1,2.02,0,0,0.0,5131,269
120248334979440167,tw_meta_standard_ios_tw-en_pros_purchase_ongoing_no-disc_testing,instream_video,4.24,862,26,0,0,0,0.0,0,0,0.0,377,4
120248334979440167,tw_meta_standard_ios_tw-en_pros_purchase_ongoing_no-disc_testing,marketplace,0.0,2,0,0,0,0,0.0,0,0,0.0,0,0
120248334979440167,tw_meta_standard_ios_tw-en_pros_purchase_ongoing_no-disc_testing,rewarded_video,13.53,1149,257,0,0,0,0.0,0,0,0.0,1133,248
120248334979440167,tw_meta_standard_ios_tw-en_pros_purchase_ongoing_no-disc_testing,search,0.03,10,0,0,0,0,0.0,0,0,0.0,4,0
120248334979440167,tw_meta_standard_ios_tw-en_pros_purchase_ongoing_no-disc_testing,threads_feed,14.63,10250,18,2,0,1,1.78,0,0,0.0,265,7
120248334982400167,tw_meta_standard_ios_tw-en_pros_purchase_ongoing_no-disc_testing,an_classic,0.04,7,2,0,0,0,0.0,0,0,0.0,7,0
120248334982400167,tw_meta_standard_ios_tw-en_pros_purchase_ongoing_no-disc_testing,facebook_notification,0.09,6,0,0,0,0,0.0,0,0,0.0,0,0
120248334982400167,tw_meta_standard_ios_tw-en_pros_purchase_ongoing_no-disc_testing,facebook_profile_feed,0.84,261,1,0,0,0,0.0,0,0,0.0,43,3
120248334982400167,tw_meta_standard_ios_tw-en_pros_purchase_ongoing_no-disc_testing,facebook_reels,595.57,164650,2685,52,36,12,27.2,0,0,0.0,68102,1162
120248334982400167,tw_meta_standard_ios_tw-en_pros_purchase_ongoing_no-disc_testing,facebook_reels_overlay,0.05,28,0,0,0,0,0.0,0,0,0.0,0,0
120248334982400167,tw_meta_standard_ios_tw-en_pros_purchase_ongoing_no-disc_testing,facebook_stories,10.75,1238,51,0,0,0,0.0,0,0,0.0,402,37
120248334982400167,tw_meta_standard_ios_tw-en_pros_purchase_ongoing_no-disc_testing,feed,454.05,121129,3426,20,12,6,13.84,0,0,0.0,36268,998
120248334982400167,tw_meta_standard_ios_tw-en_pros_purchase_ongoing_no-disc_testing,instagram_explore_grid_home,0.12,57,0,0,0,0,0.0,0,0,0.0,40,1
120248334982400167,tw_meta_standard_ios_tw-en_pros_purchase_ongoing_no-disc_testing,instagram_reels,209.14,38643,424,17,10,5,12.19,0,0,0.0,16364,143
120248334982400167,tw_meta_standard_ios_tw-en_pros_purchase_ongoing_no-disc_testing,instagram_stories,26.13,4437,72,1,0,0,0.0,0,0,0.0,1062,48
120248334982400167,tw_meta_standard_ios_tw-en_pros_purchase_ongoing_no-disc_testing,instream_video,1.27,245,12,0,0,0,0.0,0,0,0.0,129,0
120248334982400167,tw_meta_standard_ios_tw-en_pros_purchase_ongoing_no-disc_testing,marketplace,0.08,50,1,0,0,0,0.0,0,0,0.0,13,0
120248334982400167,tw_meta_standard_ios_tw-en_pros_purchase_ongoing_no-disc_testing,rewarded_video,0.15,14,1,0,0,0,0.0,0,0,0.0,14,2
120248334982400167,tw_meta_standard_ios_tw-en_pros_purchase_ongoing_no-disc_testing,search,0.05,12,0,0,0,0,0.0,0,0,0.0,3,0
120248334982400167,tw_meta_standard_ios_tw-en_pros_purchase_ongoing_no-disc_testing,threads_feed,15.49,9050,16,2,1,0,0.0,0,0,0.0,362,1
120248335034210167,tw_meta_standard_ios_tw-en_pros_purchase_ongoing_no-disc_testing,an_classic,1.84,123,5,0,0,0,0.0,0,0,0.0,93,3
120248335034210167,tw_meta_standard_ios_tw-en_pros_purchase_ongoing_no-disc_testing,facebook_notification,0.07,11,0,0,0,0,0.0,0,0,0.0,0,0
120248335034210167,tw_meta_standard_ios_tw-en_pros_purchase_ongoing_no-disc_testing,facebook_reels,9.48,3137,16,0,0,0,0.0,0,0,0.0,354,9
120248335034210167,tw_meta_standard_ios_tw-en_pros_purchase_ongoing_no-disc_testing,facebook_reels_overlay,0.68,735,2,0,0,0,0.0,0,0,0.0,0,0
120248335034210167,tw_meta_standard_ios_tw-en_pros_purchase_ongoing_no-disc_testing,facebook_stories,23.51,3307,119,1,0,0,0.0,0,0,0.0,583,20
120248335034210167,tw_meta_standard_ios_tw-en_pros_purchase_ongoing_no-disc_testing,feed,58.2,30636,182,0,0,0,0.0,0,0,0.0,2783,29
120248335034210167,tw_meta_standard_ios_tw-en_pros_purchase_ongoing_no-disc_testing,instagram_reels,7.82,1374,4,0,0,0,0.0,0,0,0.0,177,6
120248335034210167,tw_meta_standard_ios_tw-en_pros_purchase_ongoing_no-disc_testing,instagram_stories,22.05,8309,88,0,0,0,0.0,0,0,0.0,465,62
120248335034210167,tw_meta_standard_ios_tw-en_pros_purchase_ongoing_no-disc_testing,instream_video,7.32,2259,65,0,0,0,0.0,0,0,0.0,867,2
120248335034210167,tw_meta_standard_ios_tw-en_pros_purchase_ongoing_no-disc_testing,marketplace,0.07,38,0,0,0,0,0.0,0,0,0.0,4,0
120248335034210167,tw_meta_standard_ios_tw-en_pros_purchase_ongoing_no-disc_testing,search,0.01,2,0,0,0,0,0.0,0,0,0.0,0,0
120248335034210167,tw_meta_standard_ios_tw-en_pros_purchase_ongoing_no-disc_testing,threads_feed,1.24,731,3,0,0,0,0.0,0,0,0.0,35,0
120248341533720167,tw_meta_standard_ios_tw-en_pros_purchase_ongoing_no-disc_testing,an_classic,2.33,650,20,0,0,0,0.0,0,0,0.0,0,0
120248341533720167,tw_meta_standard_ios_tw-en_pros_purchase_ongoing_no-disc_testing,facebook_profile_feed,0.17,47,0,0,0,0,0.0,0,0,0.0,0,0
120248341533720167,tw_meta_standard_ios_tw-en_pros_purchase_ongoing_no-disc_testing,facebook_reels,0.27,144,1,0,0,0,0.0,0,0,0.0,0,0
120248341533720167,tw_meta_standard_ios_tw-en_pros_purchase_ongoing_no-disc_testing,facebook_reels_overlay,0.2,149,0,0,0,0,0.0,0,0,0.0,0,0
120248341533720167,tw_meta_standard_ios_tw-en_pros_purchase_ongoing_no-disc_testing,facebook_stories,6.45,1888,16,0,0,0,0.0,0,0,0.0,0,0
120248341533720167,tw_meta_standard_ios_tw-en_pros_purchase_ongoing_no-disc_testing,feed,104.98,43359,215,0,0,0,0.0,0,0,0.0,0,0
120248341533720167,tw_meta_standard_ios_tw-en_pros_purchase_ongoing_no-disc_testing,instagram_explore_grid_home,0.0,4,0,0,0,0,0.0,0,0,0.0,0,0
120248341533720167,tw_meta_standard_ios_tw-en_pros_purchase_ongoing_no-disc_testing,instagram_reels,1.7,449,5,0,0,0,0.0,0,0,0.0,0,0
120248341533720167,tw_meta_standard_ios_tw-en_pros_purchase_ongoing_no-disc_testing,instagram_stories,12.62,4684,38,0,0,0,0.0,0,0,0.0,0,0
120248341533720167,tw_meta_standard_ios_tw-en_pros_purchase_ongoing_no-disc_testing,instream_video,1.68,959,12,0,0,0,0.0,0,0,0.0,0,0
120248341533720167,tw_meta_standard_ios_tw-en_pros_purchase_ongoing_no-disc_testing,marketplace,0.02,17,0,0,0,0,0.0,0,0,0.0,0,0
120248341533720167,tw_meta_standard_ios_tw-en_pros_purchase_ongoing_no-disc_testing,search,0.0,3,0,0,0,0,0.0,0,0,0.0,0,0
120248341533720167,tw_meta_standard_ios_tw-en_pros_purchase_ongoing_no-disc_testing,threads_feed,19.56,46677,92,0,0,0,0.0,0,0,0.0,0,0
120248341545680167,tw_meta_standard_ios_tw-en_pros_purchase_ongoing_no-disc_testing,an_classic,2.12,1092,18,0,0,0,0.0,0,0,0.0,0,0
120248341545680167,tw_meta_standard_ios_tw-en_pros_purchase_ongoing_no-disc_testing,facebook_profile_feed,0.55,149,2,0,0,0,0.0,0,0,0.0,0,0
120248341545680167,tw_meta_standard_ios_tw-en_pros_purchase_ongoing_no-disc_testing,facebook_reels,0.4,195,0,0,0,0,0.0,0,0,0.0,0,0
120248341545680167,tw_meta_standard_ios_tw-en_pros_purchase_ongoing_no-disc_testing,facebook_reels_overlay,1.38,1207,10,0,0,0,0.0,0,0,0.0,0,0
120248341545680167,tw_meta_standard_ios_tw-en_pros_purchase_ongoing_no-disc_testing,facebook_stories,9.44,2355,26,0,0,0,0.0,0,0,0.0,0,0
120248341545680167,tw_meta_standard_ios_tw-en_pros_purchase_ongoing_no-disc_testing,feed,9.74,4246,19,0,0,0,0.0,0,0,0.0,0,0
120248341545680167,tw_meta_standard_ios_tw-en_pros_purchase_ongoing_no-disc_testing,instagram_reels,2.29,475,3,0,0,0,0.0,0,0,0.0,0,0
120248341545680167,tw_meta_standard_ios_tw-en_pros_purchase_ongoing_no-disc_testing,instagram_stories,3.95,989,10,0,0,0,0.0,0,0,0.0,0,0
120248341545680167,tw_meta_standard_ios_tw-en_pros_purchase_ongoing_no-disc_testing,instream_video,6.57,3098,36,0,0,0,0.0,0,0,0.0,0,0
120248341545680167,tw_meta_standard_ios_tw-en_pros_purchase_ongoing_no-disc_testing,marketplace,0.12,81,0,0,0,0,0.0,0,0,0.0,0,0
120248341545680167,tw_meta_standard_ios_tw-en_pros_purchase_ongoing_no-disc_testing,search,0.11,75,0,0,0,0,0.0,0,0,0.0,0,0
120248341545680167,tw_meta_standard_ios_tw-en_pros_purchase_ongoing_no-disc_testing,threads_feed,20.32,44194,76,0,0,0,0.0,0,0,0.0,0,0
120248341547190167,tw_meta_standard_ios_tw-en_pros_purchase_ongoing_no-disc_testing,an_classic,7.17,2567,64,0,0,0,0.0,0,0,0.0,0,0
120248341547190167,tw_meta_standard_ios_tw-en_pros_purchase_ongoing_no-disc_testing,facebook_profile_feed,0.69,259,1,0,0,0,0.0,0,0,0.0,0,0
120248341547190167,tw_meta_standard_ios_tw-en_pros_purchase_ongoing_no-disc_testing,facebook_reels,4.3,1261,3,0,0,0,0.0,0,0,0.0,0,0
120248341547190167,tw_meta_standard_ios_tw-en_pros_purchase_ongoing_no-disc_testing,facebook_reels_overlay,2.0,1554,17,0,0,0,0.0,0,0,0.0,0,0
120248341547190167,tw_meta_standard_ios_tw-en_pros_purchase_ongoing_no-disc_testing,facebook_stories,31.79,8480,100,1,1,0,0.0,0,0,0.0,0,0
120248341547190167,tw_meta_standard_ios_tw-en_pros_purchase_ongoing_no-disc_testing,feed,15.75,5563,29,1,0,0,0.0,0,0,0.0,0,0
120248341547190167,tw_meta_standard_ios_tw-en_pros_purchase_ongoing_no-disc_testing,instagram_reels,2.32,513,7,1,1,0,0.0,0,0,0.0,0,0
120248341547190167,tw_meta_standard_ios_tw-en_pros_purchase_ongoing_no-disc_testing,instagram_stories,14.76,3686,41,0,0,0,0.0,0,0,0.0,0,0
120248341547190167,tw_meta_standard_ios_tw-en_pros_purchase_ongoing_no-disc_testing,instream_video,11.21,5247,59,0,0,0,0.0,0,0,0.0,0,0
120248341547190167,tw_meta_standard_ios_tw-en_pros_purchase_ongoing_no-disc_testing,marketplace,0.23,195,0,0,0,0,0.0,0,0,0.0,0,0
120248341547190167,tw_meta_standard_ios_tw-en_pros_purchase_ongoing_no-disc_testing,search,0.09,47,0,0,0,0,0.0,0,0,0.0,0,0
120248341547190167,tw_meta_standard_ios_tw-en_pros_purchase_ongoing_no-disc_testing,threads_feed,20.57,46450,63,0,0,0,0.0,0,0,0.0,0,0
120248341548470167,tw_meta_standard_ios_tw-en_pros_purchase_ongoing_no-disc_testing,an_classic,1.62,1325,15,0,0,0,0.0,0,0,0.0,0,0
120248341548470167,tw_meta_standard_ios_tw-en_pros_purchase_ongoing_no-disc_testing,facebook_profile_feed,0.33,113,0,0,0,0,0.0,0,0,0.0,0,0
120248341548470167,tw_meta_standard_ios_tw-en_pros_purchase_ongoing_no-disc_testing,facebook_reels,1.2,273,3,0,0,0,0.0,0,0,0.0,0,0
120248341548470167,tw_meta_standard_ios_tw-en_pros_purchase_ongoing_no-disc_testing,facebook_reels_overlay,0.44,290,2,0,0,0,0.0,0,0,0.0,0,0
120248341548470167,tw_meta_standard_ios_tw-en_pros_purchase_ongoing_no-disc_testing,facebook_stories,8.78,1951,21,0,0,0,0.0,0,0,0.0,0,0
120248341548470167,tw_meta_standard_ios_tw-en_pros_purchase_ongoing_no-disc_testing,feed,3.39,2115,11,0,0,0,0.0,0,0,0.0,0,0
120248341548470167,tw_meta_standard_ios_tw-en_pros_purchase_ongoing_no-disc_testing,instagram_reels,2.85,764,15,0,0,0,0.0,0,0,0.0,0,0
120248341548470167,tw_meta_standard_ios_tw-en_pros_purchase_ongoing_no-disc_testing,instagram_stories,9.8,3015,37,0,0,0,0.0,0,0,0.0,0,0
120248341548470167,tw_meta_standard_ios_tw-en_pros_purchase_ongoing_no-disc_testing,instream_video,2.38,1061,11,0,0,0,0.0,0,0,0.0,0,0
120248341548470167,tw_meta_standard_ios_tw-en_pros_purchase_ongoing_no-disc_testing,marketplace,0.06,37,0,0,0,0,0.0,0,0,0.0,0,0
120248341548470167,tw_meta_standard_ios_tw-en_pros_purchase_ongoing_no-disc_testing,search,0.15,45,0,0,0,0,0.0,0,0,0.0,0,0
120248341548470167,tw_meta_standard_ios_tw-en_pros_purchase_ongoing_no-disc_testing,threads_feed,5.26,12048,22,0,0,0,0.0,0,0,0.0,0,0
120248341561120167,tw_meta_standard_ios_tw-en_pros_purchase_ongoing_no-disc_testing,an_classic,4.07,357,46,0,0,0,0.0,0,0,0.0,256,50
120248341561120167,tw_meta_standard_ios_tw-en_pros_purchase_ongoing_no-disc_testing,facebook_profile_feed,0.86,263,1,0,0,0,0.0,0,0,0.0,14,0
120248341561120167,tw_meta_standard_ios_tw-en_pros_purchase_ongoing_no-disc_testing,facebook_reels,5.9,1581,7,0,0,0,0.0,0,0,0.0,86,20
120248341561120167,tw_meta_standard_ios_tw-en_pros_purchase_ongoing_no-disc_testing,facebook_reels_overlay,0.71,619,6,0,0,0,0.0,0,0,0.0,0,0
120248341561120167,tw_meta_standard_ios_tw-en_pros_purchase_ongoing_no-disc_testing,facebook_stories,8.87,1970,21,1,0,0,0.0,0,0,0.0,111,58
120248341561120167,tw_meta_standard_ios_tw-en_pros_purchase_ongoing_no-disc_testing,feed,332.09,138257,719,18,8,6,12.43,0,0,0.0,8890,1384
120248341561120167,tw_meta_standard_ios_tw-en_pros_purchase_ongoing_no-disc_testing,instagram_explore_grid_home,0.03,13,0,0,0,0,0.0,0,0,0.0,13,1
120248341561120167,tw_meta_standard_ios_tw-en_pros_purchase_ongoing_no-disc_testing,instagram_reels,22.63,4142,6,1,0,0,0.0,0,0,0.0,114,18
120248341561120167,tw_meta_standard_ios_tw-en_pros_purchase_ongoing_no-disc_testing,instagram_stories,45.1,11148,48,1,1,1,1.97,0,0,0.0,237,84
120248341561120167,tw_meta_standard_ios_tw-en_pros_purchase_ongoing_no-disc_testing,instream_video,36.51,12820,186,1,1,0,0.0,0,0,0.0,4881,3251
120248341561120167,tw_meta_standard_ios_tw-en_pros_purchase_ongoing_no-disc_testing,marketplace,0.0,16,0,0,0,0,0.0,0,0,0.0,2,0
120248341561120167,tw_meta_standard_ios_tw-en_pros_purchase_ongoing_no-disc_testing,rewarded_video,3.63,292,18,0,0,0,0.0,0,0,0.0,283,279
120248341561120167,tw_meta_standard_ios_tw-en_pros_purchase_ongoing_no-disc_testing,search,0.08,5,0,0,0,0,0.0,0,0,0.0,1,0
120248341561120167,tw_meta_standard_ios_tw-en_pros_purchase_ongoing_no-disc_testing,threads_feed,27.49,23244,23,1,1,0,0.0,0,0,0.0,494,94
120248341577480167,tw_meta_standard_ios_tw-en_pros_purchase_ongoing_no-disc_testing,an_classic,0.15,26,3,0,0,0,0.0,0,0,0.0,18,1
120248341577480167,tw_meta_standard_ios_tw-en_pros_purchase_ongoing_no-disc_testing,biz_disco_feed,0.0,1,0,0,0,0,0.0,0,0,0.0,0,0
120248341577480167,tw_meta_standard_ios_tw-en_pros_purchase_ongoing_no-disc_testing,facebook_notification,0.02,2,0,0,0,0,0.0,0,0,0.0,0,0
120248341577480167,tw_meta_standard_ios_tw-en_pros_purchase_ongoing_no-disc_testing,facebook_profile_feed,0.65,206,4,0,0,0,0.0,0,0,0.0,32,0
120248341577480167,tw_meta_standard_ios_tw-en_pros_purchase_ongoing_no-disc_testing,facebook_reels,424.63,141762,937,10,12,5,9.74,0,0,0.0,27933,660
120248341577480167,tw_meta_standard_ios_tw-en_pros_purchase_ongoing_no-disc_testing,facebook_reels_overlay,0.02,17,0,0,0,0,0.0,0,0,0.0,0,0
120248341577480167,tw_meta_standard_ios_tw-en_pros_purchase_ongoing_no-disc_testing,facebook_stories,16.29,1905,55,0,0,0,0.0,0,0,0.0,377,49
120248341577480167,tw_meta_standard_ios_tw-en_pros_purchase_ongoing_no-disc_testing,feed,263.45,75301,992,19,8,7,13.33,0,0,0.0,16392,506
120248341577480167,tw_meta_standard_ios_tw-en_pros_purchase_ongoing_no-disc_testing,instagram_explore_grid_home,0.03,34,0,0,0,0,0.0,0,0,0.0,24,1
120248341577480167,tw_meta_standard_ios_tw-en_pros_purchase_ongoing_no-disc_testing,instagram_reels,212.1,48897,239,5,2,5,9.31,0,0,0.0,9040,168
120248341577480167,tw_meta_standard_ios_tw-en_pros_purchase_ongoing_no-disc_testing,instagram_stories,12.86,2348,18,2,2,1,1.99,0,0,0.0,212,27
120248341577480167,tw_meta_standard_ios_tw-en_pros_purchase_ongoing_no-disc_testing,instream_video,4.57,1231,25,0,0,0,0.0,0,0,0.0,491,2
120248341577480167,tw_meta_standard_ios_tw-en_pros_purchase_ongoing_no-disc_testing,marketplace,0.0,3,0,0,0,0,0.0,0,0,0.0,0,0
120248341577480167,tw_meta_standard_ios_tw-en_pros_purchase_ongoing_no-disc_testing,rewarded_video,1.78,230,32,0,0,0,0.0,0,0,0.0,228,81
120248341577480167,tw_meta_standard_ios_tw-en_pros_purchase_ongoing_no-disc_testing,search,0.05,21,0,0,0,0,0.0,0,0,0.0,5,0
120248341577480167,tw_meta_standard_ios_tw-en_pros_purchase_ongoing_no-disc_testing,threads_feed,5.67,5306,4,0,0,0,0.0,0,0,0.0,243,4
120248489704700167,tw_meta_standard_ios_tw-en_pros_trial_ongoing_winning,an_classic,2.3,169,35,0,0,0,0.0,0,0,0.0,134,7
120248489704700167,tw_meta_standard_ios_tw-en_pros_trial_ongoing_winning,facebook_notification,0.38,42,1,0,0,0,0.0,0,0,0.0,0,0
120248489704700167,tw_meta_standard_ios_tw-en_pros_trial_ongoing_winning,facebook_profile_feed,15.79,3623,28,0,0,0,0.0,0,0,0.0,509,9
120248489704700167,tw_meta_standard_ios_tw-en_pros_trial_ongoing_winning,facebook_reels,1242.25,302429,3332,70,36,14,22.6,1,1,0.0,108810,1876
120248489704700167,tw_meta_standard_ios_tw-en_pros_trial_ongoing_winning,facebook_reels_overlay,0.49,395,0,0,0,0,0.0,0,0,0.0,0,0
120248489704700167,tw_meta_standard_ios_tw-en_pros_trial_ongoing_winning,facebook_stories,109.55,9911,285,4,3,1,1.56,1,1,0.0,2854,263
120248489704700167,tw_meta_standard_ios_tw-en_pros_trial_ongoing_winning,feed,989.33,225471,6063,39,19,13,21.34,0,0,0.0,68613,1635
120248489704700167,tw_meta_standard_ios_tw-en_pros_trial_ongoing_winning,instagram_explore_grid_home,0.7,724,0,0,0,0,0.0,0,0,0.0,460,4
120248489704700167,tw_meta_standard_ios_tw-en_pros_trial_ongoing_winning,instagram_reels,1208.07,254111,4317,67,35,22,35.88,0,0,0.0,95062,771
120248489704700167,tw_meta_standard_ios_tw-en_pros_trial_ongoing_winning,instagram_search,0.0,5,0,0,0,0,0.0,0,0,0.0,0,0
120248489704700167,tw_meta_standard_ios_tw-en_pros_trial_ongoing_winning,instagram_stories,387.81,56482,747,27,19,11,17.76,0,2,0.0,12053,718
120248489704700167,tw_meta_standard_ios_tw-en_pros_trial_ongoing_winning,instream_video,5.27,550,21,0,0,0,0.0,0,0,0.0,256,0
120248489704700167,tw_meta_standard_ios_tw-en_pros_trial_ongoing_winning,marketplace,1.91,745,7,0,0,0,0.0,0,0,0.0,132,0
120248489704700167,tw_meta_standard_ios_tw-en_pros_trial_ongoing_winning,rewarded_video,10.51,686,186,1,0,0,0.0,0,0,0.0,679,128
120248489704700167,tw_meta_standard_ios_tw-en_pros_trial_ongoing_winning,search,1.21,182,1,0,0,0,0.0,0,0,0.0,34,0
120248526868210167,tw_meta_standard_ios_tw-en_pros_trial_ongoing_winning,an_classic,0.68,65,20,0,0,0,0.0,0,0,0.0,52,0
120248526868210167,tw_meta_standard_ios_tw-en_pros_trial_ongoing_winning,facebook_notification,1.25,168,1,0,0,0,0.0,0,0,0.0,0,0
120248526868210167,tw_meta_standard_ios_tw-en_pros_trial_ongoing_winning,facebook_profile_feed,7.67,1847,19,1,0,1,1.66,0,0,0.0,246,8
120248526868210167,tw_meta_standard_ios_tw-en_pros_trial_ongoing_winning,facebook_reels,845.64,221847,2101,40,24,14,22.51,0,0,0.0,69049,1187
120248526868210167,tw_meta_standard_ios_tw-en_pros_trial_ongoing_winning,facebook_reels_overlay,0.58,374,0,0,0,0,0.0,0,0,0.0,0,0
120248526868210167,tw_meta_standard_ios_tw-en_pros_trial_ongoing_winning,facebook_stories,77.18,8057,224,5,2,0,0.0,0,0,0.0,2136,205
120248526868210167,tw_meta_standard_ios_tw-en_pros_trial_ongoing_winning,feed,869.75,230973,7496,41,22,15,24.28,1,2,0.0,72850,1570
120248526868210167,tw_meta_standard_ios_tw-en_pros_trial_ongoing_winning,instagram_explore_grid_home,0.56,394,2,0,0,0,0.0,0,0,0.0,254,1
120248526868210167,tw_meta_standard_ios_tw-en_pros_trial_ongoing_winning,instagram_reels,869.23,169718,1804,57,28,14,22.08,0,0,0.0,65431,534
120248526868210167,tw_meta_standard_ios_tw-en_pros_trial_ongoing_winning,instagram_search,0.02,1,0,0,0,0,0.0,0,0,0.0,0,0
120248526868210167,tw_meta_standard_ios_tw-en_pros_trial_ongoing_winning,instagram_stories,469.26,77338,964,25,15,5,7.98,0,1,0.0,15038,810
120248526868210167,tw_meta_standard_ios_tw-en_pros_trial_ongoing_winning,instream_video,9.4,1270,43,0,0,0,0.0,0,0,0.0,568,7
120248526868210167,tw_meta_standard_ios_tw-en_pros_trial_ongoing_winning,marketplace,2.09,1124,6,0,0,0,0.0,0,0,0.0,202,1
120248526868210167,tw_meta_standard_ios_tw-en_pros_trial_ongoing_winning,rewarded_video,4.46,313,89,0,0,0,0.0,0,0,0.0,307,74
120248526868210167,tw_meta_standard_ios_tw-en_pros_trial_ongoing_winning,search,1.17,110,1,0,0,0,0.0,0,0,0.0,17,1
120248530261670167,tw_meta_standard_ios_tw-en_pros_purchase_ongoing_no-disc_testing,an_classic,1.04,57,7,0,0,0,0.0,0,0,0.0,51,1
120248530261670167,tw_meta_standard_ios_tw-en_pros_purchase_ongoing_no-disc_testing,facebook_notification,0.73,77,3,0,0,0,0.0,0,0,0.0,0,0
120248530261670167,tw_meta_standard_ios_tw-en_pros_purchase_ongoing_no-disc_testing,facebook_reels,225.27,41949,1057,40,19,5,10.1,0,0,0.0,11363,506
120248530261670167,tw_meta_standard_ios_tw-en_pros_purchase_ongoing_no-disc_testing,facebook_reels_overlay,0.04,26,0,0,0,0,0.0,0,0,0.0,0,0
120248530261670167,tw_meta_standard_ios_tw-en_pros_purchase_ongoing_no-disc_testing,facebook_stories,30.72,3076,72,4,2,2,4.1,0,0,0.0,578,18
120248530261670167,tw_meta_standard_ios_tw-en_pros_purchase_ongoing_no-disc_testing,feed,142.75,23079,406,14,9,5,10.49,0,0,0.0,8152,225
120248530261670167,tw_meta_standard_ios_tw-en_pros_purchase_ongoing_no-disc_testing,instagram_reels,86.14,17012,196,4,3,2,4.0,0,0,0.0,3529,84
120248530261670167,tw_meta_standard_ios_tw-en_pros_purchase_ongoing_no-disc_testing,instagram_stories,179.11,46551,1000,5,3,0,0.0,0,0,0.0,3236,179
120248530261670167,tw_meta_standard_ios_tw-en_pros_purchase_ongoing_no-disc_testing,instream_video,2.48,305,7,0,0,0,0.0,0,0,0.0,139,0
120248530261670167,tw_meta_standard_ios_tw-en_pros_purchase_ongoing_no-disc_testing,marketplace,0.37,130,1,0,0,0,0.0,0,0,0.0,28,0
120248530261670167,tw_meta_standard_ios_tw-en_pros_purchase_ongoing_no-disc_testing,search,0.17,42,1,0,0,0,0.0,0,0,0.0,11,0
120248612012470167,tw_meta_standard_ios_tw-en_pros_trial_ongoing_scaling2,an_classic,51.56,3295,302,5,0,0,0.0,0,0,0.0,2671,279
120248612012470167,tw_meta_standard_ios_tw-en_pros_trial_ongoing_scaling2,facebook_notification,1.42,215,3,0,0,0,0.0,0,0,0.0,0,0
120248612012470167,tw_meta_standard_ios_tw-en_pros_trial_ongoing_scaling2,facebook_reels,1715.64,249342,5167,127,67,22,38.67,0,0,0.0,71596,2604
120248612012470167,tw_meta_standard_ios_tw-en_pros_trial_ongoing_scaling2,facebook_reels_overlay,3.3,2362,19,1,0,0,0.0,0,0,0.0,0,0
120248612012470167,tw_meta_standard_ios_tw-en_pros_trial_ongoing_scaling2,facebook_stories,182.06,15157,300,8,6,1,1.63,0,0,0.0,2972,71
120248612012470167,tw_meta_standard_ios_tw-en_pros_trial_ongoing_scaling2,feed,4149.95,491190,6983,304,171,83,145.7,0,0,0.0,182402,4372
120248612012470167,tw_meta_standard_ios_tw-en_pros_trial_ongoing_scaling2,instagram_reels,675.25,110045,1451,42,23,10,18.02,0,0,0.0,25344,539
120248612012470167,tw_meta_standard_ios_tw-en_pros_trial_ongoing_scaling2,instagram_stories,959.59,223672,5101,34,22,5,8.56,0,0,0.0,12562,738
120248612012470167,tw_meta_standard_ios_tw-en_pros_trial_ongoing_scaling2,instream_video,47.28,6976,181,1,1,0,0.0,0,0,0.0,3119,5
120248612012470167,tw_meta_standard_ios_tw-en_pros_trial_ongoing_scaling2,marketplace,4.34,1499,16,0,0,0,0.0,0,0,0.0,280,3
120248612012470167,tw_meta_standard_ios_tw-en_pros_trial_ongoing_scaling2,search,14.3,6387,37,0,0,0,0.0,0,0,0.0,1397,14
120248612089090167,tw_meta_standard_ios_tw-en_pros_trial_ongoing_scaling2,an_classic,12.79,1350,252,2,0,2,3.28,0,0,0.0,960,36
120248612089090167,tw_meta_standard_ios_tw-en_pros_trial_ongoing_scaling2,biz_disco_feed,0.0,1,0,0,0,0,0.0,0,0,0.0,0,0
120248612089090167,tw_meta_standard_ios_tw-en_pros_trial_ongoing_scaling2,facebook_notification,0.15,37,0,0,0,0,0.0,0,0,0.0,0,0
120248612089090167,tw_meta_standard_ios_tw-en_pros_trial_ongoing_scaling2,facebook_profile_feed,69.07,15754,101,0,0,0,0.0,0,0,0.0,1936,36
120248612089090167,tw_meta_standard_ios_tw-en_pros_trial_ongoing_scaling2,facebook_reels,2427.79,661045,5862,134,93,29,49.19,0,1,0.0,195679,2703
120248612089090167,tw_meta_standard_ios_tw-en_pros_trial_ongoing_scaling2,facebook_reels_overlay,13.22,8906,47,0,0,0,0.0,0,0,0.0,2,0
120248612089090167,tw_meta_standard_ios_tw-en_pros_trial_ongoing_scaling2,facebook_stories,336.65,43384,1271,15,8,4,6.62,0,0,0.0,9293,799
120248612089090167,tw_meta_standard_ios_tw-en_pros_trial_ongoing_scaling2,feed,3579.12,970401,21412,132,77,41,68.98,0,1,0.0,237480,4739
120248612089090167,tw_meta_standard_ios_tw-en_pros_trial_ongoing_scaling2,instagram_explore_grid_home,0.46,690,2,0,0,0,0.0,0,0,0.0,444,3
120248612089090167,tw_meta_standard_ios_tw-en_pros_trial_ongoing_scaling2,instagram_reels,1990.31,382571,5010,79,48,16,27.01,0,1,0.0,134050,980
120248612089090167,tw_meta_standard_ios_tw-en_pros_trial_ongoing_scaling2,instagram_stories,872.03,162074,2034,36,26,13,21.82,0,2,0.0,24504,1396
120248612089090167,tw_meta_standard_ios_tw-en_pros_trial_ongoing_scaling2,instream_video,95.95,17689,433,1,0,0,0.0,0,0,0.0,8074,70
120248612089090167,tw_meta_standard_ios_tw-en_pros_trial_ongoing_scaling2,marketplace,4.21,2047,16,0,0,0,0.0,0,0,0.0,378,4
120248612089090167,tw_meta_standard_ios_tw-en_pros_trial_ongoing_scaling2,rewarded_video,63.84,6289,1173,4,1,0,0.0,0,0,0.0,6157,1282
120248612089090167,tw_meta_standard_ios_tw-en_pros_trial_ongoing_scaling2,search,1.97,322,3,0,0,0,0.0,0,0,0.0,63,0
120248612089090167,tw_meta_standard_ios_tw-en_pros_trial_ongoing_scaling2,threads_feed,380.18,360611,254,8,6,5,8.72,0,0,0.0,15020,143
120248612147470167,tw_meta_standard_ios_tw-en_pros_purchase_ongoing_no-disc_testing,facebook_reels,3.27,781,2,0,0,0,0.0,0,0,0.0,70,2
120248612147470167,tw_meta_standard_ios_tw-en_pros_purchase_ongoing_no-disc_testing,facebook_stories,76.47,10511,302,2,1,1,2.02,0,0,0.0,808,182
120248612147470167,tw_meta_standard_ios_tw-en_pros_purchase_ongoing_no-disc_testing,feed,37.55,17969,107,1,1,2,4.05,0,0,0.0,1059,25
120248612147470167,tw_meta_standard_ios_tw-en_pros_purchase_ongoing_no-disc_testing,instagram_explore_grid_home,0.0,3,0,0,0,0,0.0,0,0,0.0,2,0
120248612147470167,tw_meta_standard_ios_tw-en_pros_purchase_ongoing_no-disc_testing,instagram_reels,4.08,873,9,0,0,0,0.0,0,0,0.0,56,2
120248612147470167,tw_meta_standard_ios_tw-en_pros_purchase_ongoing_no-disc_testing,instagram_stories,40.79,15835,184,1,0,0,0.0,0,0,0.0,379,93
120248612260260167,tw_meta_standard_ios_tw-en_pros_purchase_ongoing_no-disc_testing,biz_disco_feed,0.0,2,0,0,0,0,0.0,0,0,0.0,0,0
120248612260260167,tw_meta_standard_ios_tw-en_pros_purchase_ongoing_no-disc_testing,facebook_notification,0.06,6,0,0,0,0,0.0,0,0,0.0,0,0
120248612260260167,tw_meta_standard_ios_tw-en_pros_purchase_ongoing_no-disc_testing,facebook_profile_feed,1.35,461,5,0,0,0,0.0,0,0,0.0,55,0
120248612260260167,tw_meta_standard_ios_tw-en_pros_purchase_ongoing_no-disc_testing,facebook_reels,24.16,4599,53,2,1,1,1.99,0,0,0.0,412,13
120248612260260167,tw_meta_standard_ios_tw-en_pros_purchase_ongoing_no-disc_testing,facebook_reels_overlay,0.93,868,8,0,0,0,0.0,0,0,0.0,0,0
120248612260260167,tw_meta_standard_ios_tw-en_pros_purchase_ongoing_no-disc_testing,feed,27.7,5049,35,5,3,2,3.56,0,0,0.0,1063,7
120248612260260167,tw_meta_standard_ios_tw-en_pros_purchase_ongoing_no-disc_testing,instagram_reels,2.87,352,0,0,0,0,0.0,0,0,0.0,26,0
120248612260260167,tw_meta_standard_ios_tw-en_pros_purchase_ongoing_no-disc_testing,instagram_stories,69.91,19083,450,0,0,0,0.0,0,0,0.0,620,40
120248612260260167,tw_meta_standard_ios_tw-en_pros_purchase_ongoing_no-disc_testing,instream_video,16.17,4537,98,0,0,0,0.0,0,0,0.0,1723,1
120248612260260167,tw_meta_standard_ios_tw-en_pros_purchase_ongoing_no-disc_testing,marketplace,0.1,89,0,0,0,0,0.0,0,0,0.0,7,0
120248612260260167,tw_meta_standard_ios_tw-en_pros_purchase_ongoing_no-disc_testing,search,0.87,247,1,0,0,0,0.0,0,0,0.0,38,0
120248612260260167,tw_meta_standard_ios_tw-en_pros_purchase_ongoing_no-disc_testing,threads_feed,13.44,16798,12,2,1,0,0.0,0,0,0.0,561,1
120248686842540167,tw_meta_standard_ios_tw-en_pros_trial_ongoing_winning,an_classic,1.98,235,63,0,2,1,1.71,0,1,0.0,165,14
120248686842540167,tw_meta_standard_ios_tw-en_pros_trial_ongoing_winning,biz_disco_feed,0.0,1,0,0,0,0,0.0,0,0,0.0,0,0
120248686842540167,tw_meta_standard_ios_tw-en_pros_trial_ongoing_winning,facebook_profile_feed,12.54,2863,18,0,0,0,0.0,0,0,0.0,381,11
120248686842540167,tw_meta_standard_ios_tw-en_pros_trial_ongoing_winning,facebook_reels,748.27,244551,1562,26,13,5,8.55,1,1,0.0,43576,954
120248686842540167,tw_meta_standard_ios_tw-en_pros_trial_ongoing_winning,facebook_reels_overlay,0.41,206,0,0,0,0,0.0,0,0,0.0,0,0
120248686842540167,tw_meta_standard_ios_tw-en_pros_trial_ongoing_winning,facebook_stories,51.63,6002,187,1,1,0,0.0,0,0,0.0,1013,127
120248686842540167,tw_meta_standard_ios_tw-en_pros_trial_ongoing_winning,feed,611.16,155256,1733,23,10,6,10.08,0,1,0.0,30893,937
120248686842540167,tw_meta_standard_ios_tw-en_pros_trial_ongoing_winning,instagram_explore_grid_home,0.14,185,0,0,0,0,0.0,0,0,0.0,114,3
120248686842540167,tw_meta_standard_ios_tw-en_pros_trial_ongoing_winning,instagram_reels,363.83,80867,353,9,6,1,1.71,0,0,0.0,13482,254
120248686842540167,tw_meta_standard_ios_tw-en_pros_trial_ongoing_winning,instagram_search,0.01,3,0,0,0,0,0.0,0,0,0.0,0,0
120248686842540167,tw_meta_standard_ios_tw-en_pros_trial_ongoing_winning,instagram_stories,35.75,6504,71,1,0,0,0.0,0,0,0.0,576,82
120248686842540167,tw_meta_standard_ios_tw-en_pros_trial_ongoing_winning,instream_video,16.76,4365,74,0,0,0,0.0,0,0,0.0,1866,14
120248686842540167,tw_meta_standard_ios_tw-en_pros_trial_ongoing_winning,marketplace,0.05,65,1,0,0,0,0.0,0,0,0.0,9,0
120248686842540167,tw_meta_standard_ios_tw-en_pros_trial_ongoing_winning,rewarded_video,8.66,773,187,2,0,0,0.0,0,0,0.0,756,287
120248686842540167,tw_meta_standard_ios_tw-en_pros_trial_ongoing_winning,search,0.66,276,5,0,0,0,0.0,0,0,0.0,81,0
120248715194060167,tw_meta_standard_ios_tw-en_pros_trial_ongoing_scaling2,an_classic,0.29,35,4,0,0,0,0.0,0,0,0.0,29,5
120248715194060167,tw_meta_standard_ios_tw-en_pros_trial_ongoing_scaling2,biz_disco_feed,0.0,1,0,0,0,0,0.0,0,0,0.0,0,0
120248715194060167,tw_meta_standard_ios_tw-en_pros_trial_ongoing_scaling2,facebook_profile_feed,1.82,532,3,0,0,0,0.0,0,0,0.0,64,2
120248715194060167,tw_meta_standard_ios_tw-en_pros_trial_ongoing_scaling2,facebook_reels,210.48,66062,416,9,2,2,3.57,0,0,0.0,12276,296
120248715194060167,tw_meta_standard_ios_tw-en_pros_trial_ongoing_scaling2,facebook_reels_overlay,0.49,405,2,0,0,0,0.0,0,0,0.0,0,0
120248715194060167,tw_meta_standard_ios_tw-en_pros_trial_ongoing_scaling2,facebook_stories,44.36,5486,175,2,2,0,0.0,0,0,0.0,791,113
120248715194060167,tw_meta_standard_ios_tw-en_pros_trial_ongoing_scaling2,feed,338.61,132462,1166,4,3,1,1.85,0,0,0.0,22846,644
120248715194060167,tw_meta_standard_ios_tw-en_pros_trial_ongoing_scaling2,instagram_explore_grid_home,0.04,49,0,0,0,0,0.0,0,0,0.0,31,1
120248715194060167,tw_meta_standard_ios_tw-en_pros_trial_ongoing_scaling2,instagram_reels,146.63,34193,178,4,1,2,3.57,0,0,0.0,6147,102
120248715194060167,tw_meta_standard_ios_tw-en_pros_trial_ongoing_scaling2,instagram_stories,30.1,6957,72,0,0,0,0.0,0,0,0.0,506,59
120248715194060167,tw_meta_standard_ios_tw-en_pros_trial_ongoing_scaling2,instream_video,34.45,9311,208,0,0,0,0.0,0,0,0.0,4499,28
120248715194060167,tw_meta_standard_ios_tw-en_pros_trial_ongoing_scaling2,marketplace,0.1,58,1,0,0,0,0.0,0,0,0.0,9,0
120248715194060167,tw_meta_standard_ios_tw-en_pros_trial_ongoing_scaling2,rewarded_video,1.94,214,45,0,0,0,0.0,0,0,0.0,210,65
120248715194060167,tw_meta_standard_ios_tw-en_pros_trial_ongoing_scaling2,search,0.31,113,1,0,0,0,0.0,0,0,0.0,31,0
120248715194060167,tw_meta_standard_ios_tw-en_pros_trial_ongoing_scaling2,threads_feed,7.99,8826,6,0,0,0,0.0,0,0,0.0,359,2
120248715237150167,tw_meta_standard_ios_tw-en_pros_trial_ongoing_scaling2,an_classic,16.33,1552,242,0,0,0,0.0,1,1,0.0,1174,40
120248715237150167,tw_meta_standard_ios_tw-en_pros_trial_ongoing_scaling2,facebook_reels,1904.24,554736,2757,79,44,24,42.48,0,2,0.0,148631,2004
120248715237150167,tw_meta_standard_ios_tw-en_pros_trial_ongoing_scaling2,facebook_reels_overlay,1.38,1030,11,0,0,0,0.0,0,0,0.0,1,0
120248715237150167,tw_meta_standard_ios_tw-en_pros_trial_ongoing_scaling2,facebook_stories,275.22,36393,814,7,3,4,6.99,0,0,0.0,6993,689
120248715237150167,tw_meta_standard_ios_tw-en_pros_trial_ongoing_scaling2,feed,735.61,154612,1094,24,13,6,10.96,0,0,0.0,35063,597
120248715237150167,tw_meta_standard_ios_tw-en_pros_trial_ongoing_scaling2,instagram_explore_grid_home,0.13,190,0,0,0,0,0.0,0,0,0.0,134,0
120248715237150167,tw_meta_standard_ios_tw-en_pros_trial_ongoing_scaling2,instagram_reels,3245.15,736686,2684,139,90,45,80.75,1,1,0.0,227001,2293
120248715237150167,tw_meta_standard_ios_tw-en_pros_trial_ongoing_scaling2,instagram_stories,678.78,123530,1445,24,20,12,21.5,0,0,0.0,13142,904
120248715237150167,tw_meta_standard_ios_tw-en_pros_trial_ongoing_scaling2,instream_video,28.88,6241,156,0,0,0,0.0,0,0,0.0,2533,15
120248715237150167,tw_meta_standard_ios_tw-en_pros_trial_ongoing_scaling2,marketplace,0.17,90,0,0,0,0,0.0,0,0,0.0,16,0
120248715237150167,tw_meta_standard_ios_tw-en_pros_trial_ongoing_scaling2,rewarded_video,83.84,7771,1369,8,2,2,3.74,0,0,0.0,7620,1738
120248715237150167,tw_meta_standard_ios_tw-en_pros_trial_ongoing_scaling2,search,1.27,220,3,0,0,0,0.0,0,0,0.0,41,1
120248715237150167,tw_meta_standard_ios_tw-en_pros_trial_ongoing_scaling2,threads_feed,120.79,82890,55,3,2,0,0.0,0,0,0.0,3051,32
120248718076390167,tw_meta_standard_ios_tw-en_pros_trial_ongoing_winning,biz_disco_feed,0.0,1,0,0,0,0,0.0,0,0,0.0,0,0
120248718076390167,tw_meta_standard_ios_tw-en_pros_trial_ongoing_winning,facebook_profile_feed,5.92,1849,17,0,0,0,0.0,0,0,0.0,228,2
120248718076390167,tw_meta_standard_ios_tw-en_pros_trial_ongoing_winning,facebook_reels,97.93,13527,154,5,2,0,0.0,0,0,0.0,1255,17
120248718076390167,tw_meta_standard_ios_tw-en_pros_trial_ongoing_winning,facebook_reels_overlay,2.13,1895,9,0,0,0,0.0,0,0,0.0,0,0
120248718076390167,tw_meta_standard_ios_tw-en_pros_trial_ongoing_winning,facebook_stories,7.32,1424,25,0,0,0,0.0,0,0,0.0,117,7
120248718076390167,tw_meta_standard_ios_tw-en_pros_trial_ongoing_winning,feed,124.56,13360,123,6,2,0,0.0,0,0,0.0,3302,14
120248718076390167,tw_meta_standard_ios_tw-en_pros_trial_ongoing_winning,instagram_reels,14.44,1879,13,1,0,0,0.0,0,0,0.0,111,1
120248718076390167,tw_meta_standard_ios_tw-en_pros_trial_ongoing_winning,instagram_stories,66.73,20483,428,2,0,0,0.0,0,0,0.0,589,35
120248718076390167,tw_meta_standard_ios_tw-en_pros_trial_ongoing_winning,instream_video,23.65,7614,133,0,0,0,0.0,0,0,0.0,2350,4
120248718076390167,tw_meta_standard_ios_tw-en_pros_trial_ongoing_winning,marketplace,0.49,356,0,0,0,0,0.0,0,0,0.0,58,0
120248718076390167,tw_meta_standard_ios_tw-en_pros_trial_ongoing_winning,search,5.53,1525,11,0,0,0,0.0,0,0,0.0,209,1
120248718399620167,tw_meta_standard_ios_tw-en_pros_purchase_ongoing_no-disc_testing,facebook_reels,456.11,114569,5748,61,22,6,11.77,0,0,0.0,29934,133
120248718399620167,tw_meta_standard_ios_tw-en_pros_purchase_ongoing_no-disc_testing,facebook_reels_overlay,0.1,91,1,0,0,0,0.0,0,0,0.0,0,0
120248718399620167,tw_meta_standard_ios_tw-en_pros_purchase_ongoing_no-disc_testing,feed,228.6,60688,1010,34,20,7,13.72,0,0,0.0,19670,103
120248718399620167,tw_meta_standard_ios_tw-en_pros_purchase_ongoing_no-disc_testing,instagram_reels,108.27,19195,507,14,5,4,7.8,0,0,0.0,3553,11
120248718399620167,tw_meta_standard_ios_tw-en_pros_purchase_ongoing_no-disc_testing,instagram_stories,296.39,65756,1745,23,11,4,7.92,0,0,0.0,4959,105
120248718399620167,tw_meta_standard_ios_tw-en_pros_purchase_ongoing_no-disc_testing,instream_video,3.25,710,15,0,0,0,0.0,0,0,0.0,267,0
120248718399620167,tw_meta_standard_ios_tw-en_pros_purchase_ongoing_no-disc_testing,marketplace,0.44,217,2,0,0,0,0.0,0,0,0.0,35,0
120248718399620167,tw_meta_standard_ios_tw-en_pros_purchase_ongoing_no-disc_testing,search,0.38,113,2,0,0,0,0.0,0,0,0.0,18,1
120248719356730167,tw_meta_standard_ios_tw-en_pros_purchase_ongoing_no-disc_testing,an_classic,2.33,205,21,0,0,0,0.0,0,0,0.0,157,4
120248719356730167,tw_meta_standard_ios_tw-en_pros_purchase_ongoing_no-disc_testing,facebook_reels,313.36,86509,1333,40,27,6,11.74,0,0,0.0,22006,509
120248719356730167,tw_meta_standard_ios_tw-en_pros_purchase_ongoing_no-disc_testing,facebook_reels_overlay,0.03,20,0,0,0,0,0.0,0,0,0.0,0,0
120248719356730167,tw_meta_standard_ios_tw-en_pros_purchase_ongoing_no-disc_testing,facebook_stories,30.56,3686,128,3,1,1,1.9,0,0,0.0,666,17
120248719356730167,tw_meta_standard_ios_tw-en_pros_purchase_ongoing_no-disc_testing,feed,186.79,63787,1034,17,9,5,9.75,0,0,0.0,13247,255
120248719356730167,tw_meta_standard_ios_tw-en_pros_purchase_ongoing_no-disc_testing,instagram_explore_grid_home,0.21,222,0,0,0,0,0.0,0,0,0.0,129,2
120248719356730167,tw_meta_standard_ios_tw-en_pros_purchase_ongoing_no-disc_testing,instagram_reels,94.9,24349,409,16,8,6,11.59,0,0,0.0,5165,46
120248719356730167,tw_meta_standard_ios_tw-en_pros_purchase_ongoing_no-disc_testing,instagram_stories,66.01,19900,327,8,3,2,3.94,0,0,0.0,1550,102
120248719356730167,tw_meta_standard_ios_tw-en_pros_purchase_ongoing_no-disc_testing,instream_video,3.44,771,18,0,0,0,0.0,0,0,0.0,380,1
120248719356730167,tw_meta_standard_ios_tw-en_pros_purchase_ongoing_no-disc_testing,marketplace,0.0,6,0,0,0,0,0.0,0,0,0.0,1,0
120248719356730167,tw_meta_standard_ios_tw-en_pros_purchase_ongoing_no-disc_testing,search,0.02,13,0,0,0,0,0.0,0,0,0.0,3,0
120248719873780167,tw_meta_standard_ios_tw-en_pros_purchase_ongoing_no-disc_testing,an_classic,6.87,1156,36,0,0,0,0.0,0,0,0.0,0,0
120248719873780167,tw_meta_standard_ios_tw-en_pros_purchase_ongoing_no-disc_testing,facebook_profile_feed,0.19,68,0,0,0,0,0.0,0,0,0.0,0,0
120248719873780167,tw_meta_standard_ios_tw-en_pros_purchase_ongoing_no-disc_testing,facebook_reels,2.48,1939,9,0,0,0,0.0,0,0,0.0,0,0
120248719873780167,tw_meta_standard_ios_tw-en_pros_purchase_ongoing_no-disc_testing,facebook_reels_overlay,0.05,38,1,0,0,0,0.0,0,0,0.0,0,0
120248719873780167,tw_meta_standard_ios_tw-en_pros_purchase_ongoing_no-disc_testing,facebook_stories,28.56,9844,91,0,0,0,0.0,0,0,0.0,0,0
120248719873780167,tw_meta_standard_ios_tw-en_pros_purchase_ongoing_no-disc_testing,feed,17.34,10915,58,0,0,0,0.0,0,0,0.0,0,0
120248719873780167,tw_meta_standard_ios_tw-en_pros_purchase_ongoing_no-disc_testing,instagram_reels,12.49,5915,117,0,0,0,0.0,0,0,0.0,0,0
120248719873780167,tw_meta_standard_ios_tw-en_pros_purchase_ongoing_no-disc_testing,instagram_stories,82.59,51305,610,0,0,0,0.0,0,0,0.0,0,0
120248719873780167,tw_meta_standard_ios_tw-en_pros_purchase_ongoing_no-disc_testing,instream_video,1.0,766,6,0,0,0,0.0,0,0,0.0,0,0
120248719873780167,tw_meta_standard_ios_tw-en_pros_purchase_ongoing_no-disc_testing,marketplace,0.02,6,0,0,0,0,0.0,0,0,0.0,0,0
120248719873780167,tw_meta_standard_ios_tw-en_pros_purchase_ongoing_no-disc_testing,search,0.0,7,0,0,0,0,0.0,0,0,0.0,0,0
120248719873780167,tw_meta_standard_ios_tw-en_pros_purchase_ongoing_no-disc_testing,threads_feed,12.29,36119,81,0,0,0,0.0,0,0,0.0,0,0
120248719893710167,tw_meta_standard_ios_tw-en_pros_purchase_ongoing_no-disc_testing,an_classic,2.38,292,29,0,0,0,0.0,0,0,0.0,211,58
120248719893710167,tw_meta_standard_ios_tw-en_pros_purchase_ongoing_no-disc_testing,facebook_profile_feed,0.19,83,1,0,0,0,0.0,0,0,0.0,5,0
120248719893710167,tw_meta_standard_ios_tw-en_pros_purchase_ongoing_no-disc_testing,facebook_reels,56.19,15201,94,3,4,2,3.94,0,0,0.0,1912,175
120248719893710167,tw_meta_standard_ios_tw-en_pros_purchase_ongoing_no-disc_testing,facebook_reels_overlay,0.09,11,0,0,0,0,0.0,0,0,0.0,0,0
120248719893710167,tw_meta_standard_ios_tw-en_pros_purchase_ongoing_no-disc_testing,facebook_stories,11.72,1636,61,0,0,0,0.0,0,0,0.0,116,44
120248719893710167,tw_meta_standard_ios_tw-en_pros_purchase_ongoing_no-disc_testing,feed,63.75,39585,244,0,0,0,0.0,0,0,0.0,3197,391
120248719893710167,tw_meta_standard_ios_tw-en_pros_purchase_ongoing_no-disc_testing,instagram_reels,239.27,55293,254,2,0,0,0.0,0,0,0.0,6777,541
120248719893710167,tw_meta_standard_ios_tw-en_pros_purchase_ongoing_no-disc_testing,instagram_stories,2.3,582,6,0,0,0,0.0,0,0,0.0,26,5
120248719893710167,tw_meta_standard_ios_tw-en_pros_purchase_ongoing_no-disc_testing,instream_video,10.1,3248,78,0,0,0,0.0,0,0,0.0,1558,1102
120248719893710167,tw_meta_standard_ios_tw-en_pros_purchase_ongoing_no-disc_testing,marketplace,0.0,1,0,0,0,0,0.0,0,0,0.0,0,0
120248719893710167,tw_meta_standard_ios_tw-en_pros_purchase_ongoing_no-disc_testing,rewarded_video,4.51,650,51,0,0,0,0.0,0,0,0.0,638,635
120248719893710167,tw_meta_standard_ios_tw-en_pros_purchase_ongoing_no-disc_testing,search,0.01,4,0,0,0,0,0.0,0,0,0.0,1,0
120248719893710167,tw_meta_standard_ios_tw-en_pros_purchase_ongoing_no-disc_testing,threads_feed,6.55,8491,4,0,0,0,0.0,0,0,0.0,221,39
120248719912650167,tw_meta_standard_ios_tw-en_pros_purchase_ongoing_no-disc_testing,an_classic,9.63,814,57,0,0,0,0.0,0,0,0.0,591,29
120248719912650167,tw_meta_standard_ios_tw-en_pros_purchase_ongoing_no-disc_testing,facebook_profile_feed,6.01,1556,6,0,0,0,0.0,0,0,0.0,365,3
120248719912650167,tw_meta_standard_ios_tw-en_pros_purchase_ongoing_no-disc_testing,facebook_reels,411.4,138473,1083,13,6,3,5.67,0,0,0.0,56704,514
120248719912650167,tw_meta_standard_ios_tw-en_pros_purchase_ongoing_no-disc_testing,facebook_reels_overlay,0.04,41,0,0,0,0,0.0,0,0,0.0,0,0
120248719912650167,tw_meta_standard_ios_tw-en_pros_purchase_ongoing_no-disc_testing,facebook_stories,93.03,12840,442,2,1,0,0.0,0,0,0.0,4374,68
120248719912650167,tw_meta_standard_ios_tw-en_pros_purchase_ongoing_no-disc_testing,feed,306.16,153162,1372,6,5,4,7.46,0,0,0.0,44021,503
120248719912650167,tw_meta_standard_ios_tw-en_pros_purchase_ongoing_no-disc_testing,instagram_explore_grid_home,0.02,17,0,0,0,0,0.0,0,0,0.0,14,0
120248719912650167,tw_meta_standard_ios_tw-en_pros_purchase_ongoing_no-disc_testing,instagram_reels,92.39,20884,76,5,2,2,3.8,0,0,0.0,8164,52
120248719912650167,tw_meta_standard_ios_tw-en_pros_purchase_ongoing_no-disc_testing,instagram_stories,93.91,26203,368,3,3,1,1.94,0,0,0.0,3896,195
120248719912650167,tw_meta_standard_ios_tw-en_pros_purchase_ongoing_no-disc_testing,instream_video,11.5,3770,78,0,0,0,0.0,0,0,0.0,1652,7
120248719912650167,tw_meta_standard_ios_tw-en_pros_purchase_ongoing_no-disc_testing,marketplace,0.46,320,0,0,0,0,0.0,0,0,0.0,55,1
120248719912650167,tw_meta_standard_ios_tw-en_pros_purchase_ongoing_no-disc_testing,search,0.19,68,1,0,0,0,0.0,0,0,0.0,23,0
120248719912650167,tw_meta_standard_ios_tw-en_pros_purchase_ongoing_no-disc_testing,threads_feed,16.17,16021,11,0,0,0,0.0,0,0,0.0,458,2
120248720012760167,tw_meta_standard_ios_tw-en_pros_purchase_ongoing_no-disc_testing,an_classic,6.71,1593,27,0,0,0,0.0,0,0,0.0,0,0
120248720012760167,tw_meta_standard_ios_tw-en_pros_purchase_ongoing_no-disc_testing,facebook_profile_feed,0.34,144,2,0,0,0,0.0,0,0,0.0,0,0
120248720012760167,tw_meta_standard_ios_tw-en_pros_purchase_ongoing_no-disc_testing,facebook_reels,7.45,3854,18,0,0,0,0.0,0,0,0.0,0,0
120248720012760167,tw_meta_standard_ios_tw-en_pros_purchase_ongoing_no-disc_testing,facebook_reels_overlay,0.03,11,0,0,0,0,0.0,0,0,0.0,0,0
120248720012760167,tw_meta_standard_ios_tw-en_pros_purchase_ongoing_no-disc_testing,facebook_stories,10.55,3015,19,0,0,0,0.0,0,0,0.0,0,0
120248720012760167,tw_meta_standard_ios_tw-en_pros_purchase_ongoing_no-disc_testing,feed,37.55,17748,87,0,0,0,0.0,0,0,0.0,0,0
120248720012760167,tw_meta_standard_ios_tw-en_pros_purchase_ongoing_no-disc_testing,instagram_reels,15.65,5918,117,1,1,0,0.0,0,0,0.0,0,0
120248720012760167,tw_meta_standard_ios_tw-en_pros_purchase_ongoing_no-disc_testing,instagram_stories,203.9,99741,1227,11,4,1,1.97,0,0,0.0,0,0
120248720012760167,tw_meta_standard_ios_tw-en_pros_purchase_ongoing_no-disc_testing,instream_video,0.58,492,4,0,0,0,0.0,0,0,0.0,0,0
120248720012760167,tw_meta_standard_ios_tw-en_pros_purchase_ongoing_no-disc_testing,marketplace,0.0,18,0,0,0,0,0.0,0,0,0.0,0,0
120248720012760167,tw_meta_standard_ios_tw-en_pros_purchase_ongoing_no-disc_testing,search,0.0,22,0,0,0,0,0.0,0,0,0.0,0,0
120248720012760167,tw_meta_standard_ios_tw-en_pros_purchase_ongoing_no-disc_testing,threads_feed,34.62,71461,269,0,0,0,0.0,0,0,0.0,0,0
120248720435220167,tw_meta_standard_ios_tw-en_pros_purchase_ongoing_no-disc_testing,facebook_reels,5.89,2194,26,0,0,0,0.0,0,0,0.0,16,2
120248720435220167,tw_meta_standard_ios_tw-en_pros_purchase_ongoing_no-disc_testing,facebook_stories,43.99,10314,139,0,0,0,0.0,0,0,0.0,310,98
120248720435220167,tw_meta_standard_ios_tw-en_pros_purchase_ongoing_no-disc_testing,feed,67.93,35753,269,0,0,0,0.0,0,0,0.0,2540,149
120248720435220167,tw_meta_standard_ios_tw-en_pros_purchase_ongoing_no-disc_testing,instagram_reels,11.41,3508,62,1,0,1,1.98,0,0,0.0,0,0
120248720435220167,tw_meta_standard_ios_tw-en_pros_purchase_ongoing_no-disc_testing,instagram_stories,138.93,56285,838,0,0,0,0.0,0,0,0.0,1058,266
120248789397960167,tw_meta_standard_ios_tw-en_pros_trial_ongoing_scaling2,an_classic,179.96,27979,8017,4,1,0,0.0,0,0,0.0,22574,537
120248789397960167,tw_meta_standard_ios_tw-en_pros_trial_ongoing_scaling2,biz_disco_feed,0.01,4,0,0,0,0,0.0,0,0,0.0,1,0
120248789397960167,tw_meta_standard_ios_tw-en_pros_trial_ongoing_scaling2,facebook_notification,18.53,3088,48,0,0,0,0.0,0,0,0.0,0,0
120248789397960167,tw_meta_standard_ios_tw-en_pros_trial_ongoing_scaling2,facebook_reels,9629.1,1664235,20833,849,532,154,236.53,0,0,0.0,378878,9164
120248789397960167,tw_meta_standard_ios_tw-en_pros_trial_ongoing_scaling2,facebook_reels_overlay,92.4,64158,445,0,0,0,0.0,0,0,0.0,0,0
120248789397960167,tw_meta_standard_ios_tw-en_pros_trial_ongoing_scaling2,facebook_stories,6006.96,617513,26091,118,66,25,35.24,0,0,0.0,92570,3757
120248789397960167,tw_meta_standard_ios_tw-en_pros_trial_ongoing_scaling2,feed,12975.57,2645030,35041,914,503,246,393.56,0,0,0.0,537319,9210
120248789397960167,tw_meta_standard_ios_tw-en_pros_trial_ongoing_scaling2,instagram_explore_grid_home,11.35,7895,18,0,0,0,0.0,0,0,0.0,4900,33
120248789397960167,tw_meta_standard_ios_tw-en_pros_trial_ongoing_scaling2,instagram_reels,10391.84,1844606,29986,710,411,187,281.34,0,0,0.0,397601,3432
120248789397960167,tw_meta_standard_ios_tw-en_pros_trial_ongoing_scaling2,instagram_stories,3577.07,599900,10266,184,88,44,70.1,0,0,0.0,50247,4725
120248789397960167,tw_meta_standard_ios_tw-en_pros_trial_ongoing_scaling2,instream_video,534.91,73816,2527,18,6,3,4.21,0,0,0.0,38913,1054
120248789397960167,tw_meta_standard_ios_tw-en_pros_trial_ongoing_scaling2,marketplace,29.31,13088,83,2,0,0,0.0,0,0,0.0,1914,24
120248789397960167,tw_meta_standard_ios_tw-en_pros_trial_ongoing_scaling2,search,37.12,9832,121,0,0,0,0.0,0,0,0.0,2139,19
120248790253970167,tw_meta_standard_ios_tw-en_pros_trial_ongoing_winning,biz_disco_feed,0.0,5,0,0,0,0,0.0,0,0,0.0,0,0
120248790253970167,tw_meta_standard_ios_tw-en_pros_trial_ongoing_winning,facebook_notification,1.0,159,2,0,0,0,0.0,0,0,0.0,0,0
120248790253970167,tw_meta_standard_ios_tw-en_pros_trial_ongoing_winning,facebook_reels,3571.62,807809,20550,332,169,45,74.24,0,0,0.0,158763,652
120248790253970167,tw_meta_standard_ios_tw-en_pros_trial_ongoing_winning,facebook_reels_overlay,8.18,5566,45,0,0,0,0.0,0,0,0.0,0,0
120248790253970167,tw_meta_standard_ios_tw-en_pros_trial_ongoing_winning,facebook_stories,122.04,14710,269,3,1,0,0.0,0,0,0.0,2431,37
120248790253970167,tw_meta_standard_ios_tw-en_pros_trial_ongoing_winning,feed,2642.16,444240,5501,296,129,66,108.94,0,0,0.0,131234,515
120248790253970167,tw_meta_standard_ios_tw-en_pros_trial_ongoing_winning,instagram_reels,1858.79,359300,5819,168,88,41,66.5,0,0,0.0,54348,101
120248790253970167,tw_meta_standard_ios_tw-en_pros_trial_ongoing_winning,instagram_stories,2543.82,455995,9768,148,69,37,59.81,0,0,0.0,30315,750
120248790253970167,tw_meta_standard_ios_tw-en_pros_trial_ongoing_winning,instream_video,59.15,7426,202,5,2,2,3.54,0,0,0.0,3172,14
120248790253970167,tw_meta_standard_ios_tw-en_pros_trial_ongoing_winning,marketplace,28.62,12558,138,2,1,0,0.0,0,0,0.0,2293,2
120248790253970167,tw_meta_standard_ios_tw-en_pros_trial_ongoing_winning,search,18.61,2725,40,2,3,1,1.5,0,0,0.0,515,2
120248822296120167,tw_meta_standard_ios_tw-en_pros_trial_ongoing_scaling2,biz_disco_feed,0.07,9,0,0,0,0,0.0,0,0,0.0,1,0
120248822296120167,tw_meta_standard_ios_tw-en_pros_trial_ongoing_scaling2,facebook_reels,2394.34,538390,13088,188,118,30,51.9,0,0,0.0,108966,421
120248822296120167,tw_meta_standard_ios_tw-en_pros_trial_ongoing_scaling2,facebook_reels_overlay,5.73,4196,31,0,0,0,0.0,0,0,0.0,0,0
120248822296120167,tw_meta_standard_ios_tw-en_pros_trial_ongoing_scaling2,facebook_stories,36.74,5284,82,1,1,0,0.0,0,0,0.0,860,10
120248822296120167,tw_meta_standard_ios_tw-en_pros_trial_ongoing_scaling2,feed,1296.99,206458,2610,120,73,37,62.48,0,0,0.0,60542,222
120248822296120167,tw_meta_standard_ios_tw-en_pros_trial_ongoing_scaling2,instagram_reels,472.5,77677,1447,37,18,15,25.42,0,0,0.0,11258,20
120248822296120167,tw_meta_standard_ios_tw-en_pros_trial_ongoing_scaling2,instagram_stories,989.53,164053,3479,59,38,11,19.83,0,0,0.0,11395,370
120248822296120167,tw_meta_standard_ios_tw-en_pros_trial_ongoing_scaling2,instream_video,28.02,4062,86,2,1,0,0.0,0,0,0.0,1605,2
120248822296120167,tw_meta_standard_ios_tw-en_pros_trial_ongoing_scaling2,marketplace,8.98,3714,34,0,0,0,0.0,0,0,0.0,650,0
120248822296120167,tw_meta_standard_ios_tw-en_pros_trial_ongoing_scaling2,search,19.08,1935,38,2,0,0,0.0,0,0,0.0,391,0
120248898262300167,tw_meta_standard_ios_tw-en_pros_purchase_ongoing_no-disc_testing,an_classic,0.21,90,2,0,0,0,0.0,0,0,0.0,0,0
120248898262300167,tw_meta_standard_ios_tw-en_pros_purchase_ongoing_no-disc_testing,facebook_profile_feed,0.01,12,0,0,0,0,0.0,0,0,0.0,0,0
120248898262300167,tw_meta_standard_ios_tw-en_pros_purchase_ongoing_no-disc_testing,facebook_reels,0.03,18,0,0,0,0,0.0,0,0,0.0,0,0
120248898262300167,tw_meta_standard_ios_tw-en_pros_purchase_ongoing_no-disc_testing,facebook_reels_overlay,0.03,12,0,0,0,0,0.0,0,0,0.0,0,0
120248898262300167,tw_meta_standard_ios_tw-en_pros_purchase_ongoing_no-disc_testing,facebook_stories,0.22,48,1,0,0,0,0.0,0,0,0.0,0,0
120248898262300167,tw_meta_standard_ios_tw-en_pros_purchase_ongoing_no-disc_testing,feed,1.42,605,2,0,0,0,0.0,0,0,0.0,0,0
120248898262300167,tw_meta_standard_ios_tw-en_pros_purchase_ongoing_no-disc_testing,instagram_reels,0.07,22,0,0,0,0,0.0,0,0,0.0,0,0
120248898262300167,tw_meta_standard_ios_tw-en_pros_purchase_ongoing_no-disc_testing,instagram_stories,0.77,234,3,0,0,0,0.0,0,0,0.0,0,0
120248898262300167,tw_meta_standard_ios_tw-en_pros_purchase_ongoing_no-disc_testing,instream_video,0.17,51,0,0,0,0,0.0,0,0,0.0,0,0
120248898262300167,tw_meta_standard_ios_tw-en_pros_purchase_ongoing_no-disc_testing,search,0.04,7,1,0,0,0,0.0,0,0,0.0,0,0
120248898262300167,tw_meta_standard_ios_tw-en_pros_purchase_ongoing_no-disc_testing,threads_feed,0.6,1211,3,0,0,0,0.0,0,0,0.0,0,0
120248898263350167,tw_meta_standard_ios_tw-en_pros_purchase_ongoing_no-disc_testing,an_classic,3.84,1824,45,0,0,0,0.0,0,0,0.0,0,0
120248898263350167,tw_meta_standard_ios_tw-en_pros_purchase_ongoing_no-disc_testing,biz_disco_feed,0.0,1,0,0,0,0,0.0,0,0,0.0,0,0
120248898263350167,tw_meta_standard_ios_tw-en_pros_purchase_ongoing_no-disc_testing,facebook_profile_feed,0.76,342,3,0,0,0,0.0,0,0,0.0,0,0
120248898263350167,tw_meta_standard_ios_tw-en_pros_purchase_ongoing_no-disc_testing,facebook_reels,29.89,10799,47,0,0,0,0.0,0,0,0.0,0,0
120248898263350167,tw_meta_standard_ios_tw-en_pros_purchase_ongoing_no-disc_testing,facebook_reels_overlay,0.18,65,0,0,0,0,0.0,0,0,0.0,0,0
120248898263350167,tw_meta_standard_ios_tw-en_pros_purchase_ongoing_no-disc_testing,facebook_stories,53.37,9699,126,1,1,0,0.0,0,0,0.0,0,0
120248898263350167,tw_meta_standard_ios_tw-en_pros_purchase_ongoing_no-disc_testing,feed,12.87,3226,17,0,0,0,0.0,0,0,0.0,0,0
120248898263350167,tw_meta_standard_ios_tw-en_pros_purchase_ongoing_no-disc_testing,instagram_reels,28.98,9375,112,0,0,0,0.0,0,0,0.0,0,0
120248898263350167,tw_meta_standard_ios_tw-en_pros_purchase_ongoing_no-disc_testing,instagram_stories,139.53,40910,438,1,1,0,0.0,0,0,0.0,0,0
120248898263350167,tw_meta_standard_ios_tw-en_pros_purchase_ongoing_no-disc_testing,instream_video,1.59,481,6,0,0,0,0.0,0,0,0.0,0,0
120248898263350167,tw_meta_standard_ios_tw-en_pros_purchase_ongoing_no-disc_testing,marketplace,0.09,37,0,0,0,0,0.0,0,0,0.0,0,0
120248898263350167,tw_meta_standard_ios_tw-en_pros_purchase_ongoing_no-disc_testing,search,0.47,157,1,0,0,0,0.0,0,0,0.0,0,0
120248898263350167,tw_meta_standard_ios_tw-en_pros_purchase_ongoing_no-disc_testing,threads_feed,16.43,45169,70,0,0,0,0.0,0,0,0.0,0,0
120248898272860167,tw_meta_standard_ios_tw-en_pros_purchase_ongoing_no-disc_testing,an_classic,3.08,254,37,0,0,0,0.0,0,0,0.0,206,15
120248898272860167,tw_meta_standard_ios_tw-en_pros_purchase_ongoing_no-disc_testing,facebook_profile_feed,0.16,52,1,0,0,0,0.0,0,0,0.0,9,0
120248898272860167,tw_meta_standard_ios_tw-en_pros_purchase_ongoing_no-disc_testing,facebook_reels,29.58,11286,57,1,2,1,2.14,0,0,0.0,1227,59
120248898272860167,tw_meta_standard_ios_tw-en_pros_purchase_ongoing_no-disc_testing,facebook_reels_overlay,0.07,32,0,0,0,0,0.0,0,0,0.0,0,0
120248898272860167,tw_meta_standard_ios_tw-en_pros_purchase_ongoing_no-disc_testing,facebook_stories,59.92,13407,237,0,0,0,0.0,0,0,0.0,1050,143
120248898272860167,tw_meta_standard_ios_tw-en_pros_purchase_ongoing_no-disc_testing,feed,19.07,6436,31,0,0,0,0.0,0,0,0.0,1087,22
120248898272860167,tw_meta_standard_ios_tw-en_pros_purchase_ongoing_no-disc_testing,instagram_reels,4.43,1000,0,0,0,0,0.0,0,0,0.0,46,3
120248898272860167,tw_meta_standard_ios_tw-en_pros_purchase_ongoing_no-disc_testing,instagram_stories,163.45,48217,1121,1,1,1,2.11,0,0,0.0,1238,145
120248898272860167,tw_meta_standard_ios_tw-en_pros_purchase_ongoing_no-disc_testing,instream_video,4.21,1102,35,0,0,0,0.0,0,0,0.0,437,1
120248898272860167,tw_meta_standard_ios_tw-en_pros_purchase_ongoing_no-disc_testing,marketplace,0.05,37,0,0,0,0,0.0,0,0,0.0,5,0
120248898272860167,tw_meta_standard_ios_tw-en_pros_purchase_ongoing_no-disc_testing,rewarded_video,11.81,1179,146,0,0,0,0.0,0,0,0.0,1150,330
120248898272860167,tw_meta_standard_ios_tw-en_pros_purchase_ongoing_no-disc_testing,search,0.14,28,0,0,0,0,0.0,0,0,0.0,2,0
120248898272860167,tw_meta_standard_ios_tw-en_pros_purchase_ongoing_no-disc_testing,threads_feed,11.99,15949,9,0,0,0,0.0,0,0,0.0,618,9
120248898277620167,tw_meta_standard_ios_tw-en_pros_purchase_ongoing_no-disc_testing,facebook_profile_feed,0.18,83,1,0,0,0,0.0,0,0,0.0,12,0
120248898277620167,tw_meta_standard_ios_tw-en_pros_purchase_ongoing_no-disc_testing,facebook_reels,25.78,8835,48,0,0,0,0.0,0,0,0.0,1956,33
120248898277620167,tw_meta_standard_ios_tw-en_pros_purchase_ongoing_no-disc_testing,facebook_reels_overlay,0.0,2,0,0,0,0,0.0,0,0,0.0,0,0
120248898277620167,tw_meta_standard_ios_tw-en_pros_purchase_ongoing_no-disc_testing,facebook_stories,15.14,2282,76,0,0,0,0.0,0,0,0.0,553,9
120248898277620167,tw_meta_standard_ios_tw-en_pros_purchase_ongoing_no-disc_testing,feed,234.05,97480,1271,6,3,0,0.0,0,0,0.0,19163,222
120248898277620167,tw_meta_standard_ios_tw-en_pros_purchase_ongoing_no-disc_testing,instagram_explore_grid_home,0.01,1,0,0,0,0,0.0,0,0,0.0,1,0
120248898277620167,tw_meta_standard_ios_tw-en_pros_purchase_ongoing_no-disc_testing,instagram_reels,5.36,1254,4,0,0,0,0.0,0,0,0.0,185,0
120248898277620167,tw_meta_standard_ios_tw-en_pros_purchase_ongoing_no-disc_testing,instagram_stories,2.42,607,11,0,0,0,0.0,0,0,0.0,75,5
120248898277620167,tw_meta_standard_ios_tw-en_pros_purchase_ongoing_no-disc_testing,instream_video,0.67,203,5,0,0,0,0.0,0,0,0.0,102,0
120248898277620167,tw_meta_standard_ios_tw-en_pros_purchase_ongoing_no-disc_testing,marketplace,0.09,55,0,0,0,0,0.0,0,0,0.0,9,0
120248898277620167,tw_meta_standard_ios_tw-en_pros_purchase_ongoing_no-disc_testing,search,0.04,5,0,0,0,0,0.0,0,0,0.0,1,0
120248898277620167,tw_meta_standard_ios_tw-en_pros_purchase_ongoing_no-disc_testing,threads_feed,0.81,923,1,0,0,0,0.0,0,0,0.0,45,1
120248898277700167,tw_meta_standard_ios_tw-en_pros_purchase_ongoing_no-disc_testing,an_classic,0.08,7,1,0,0,0,0.0,0,0,0.0,7,1
120248898277700167,tw_meta_standard_ios_tw-en_pros_purchase_ongoing_no-disc_testing,facebook_profile_feed,0.69,153,1,0,0,0,0.0,0,0,0.0,27,1
120248898277700167,tw_meta_standard_ios_tw-en_pros_purchase_ongoing_no-disc_testing,facebook_reels,9.03,2926,11,1,0,0,0.0,0,0,0.0,313,8
120248898277700167,tw_meta_standard_ios_tw-en_pros_purchase_ongoing_no-disc_testing,facebook_reels_overlay,0.0,2,0,0,0,0,0.0,0,0,0.0,0,0
120248898277700167,tw_meta_standard_ios_tw-en_pros_purchase_ongoing_no-disc_testing,facebook_stories,32.08,4419,139,0,0,0,0.0,0,0,0.0,752,25
120248898277700167,tw_meta_standard_ios_tw-en_pros_purchase_ongoing_no-disc_testing,feed,203.46,108613,889,4,4,1,2.11,0,0,0.0,14834,267
120248898277700167,tw_meta_standard_ios_tw-en_pros_purchase_ongoing_no-disc_testing,instagram_explore_grid_home,0.0,1,0,0,0,0,0.0,0,0,0.0,1,0
120248898277700167,tw_meta_standard_ios_tw-en_pros_purchase_ongoing_no-disc_testing,instagram_reels,3.98,898,1,0,0,0,0.0,0,0,0.0,50,1
120248898277700167,tw_meta_standard_ios_tw-en_pros_purchase_ongoing_no-disc_testing,instagram_stories,5.07,1564,23,0,0,0,0.0,0,0,0.0,82,8
120248898277700167,tw_meta_standard_ios_tw-en_pros_purchase_ongoing_no-disc_testing,instream_video,0.45,143,2,0,0,0,0.0,0,0,0.0,59,0
120248898277700167,tw_meta_standard_ios_tw-en_pros_purchase_ongoing_no-disc_testing,marketplace,0.01,6,0,0,0,0,0.0,0,0,0.0,0,0
120248898277700167,tw_meta_standard_ios_tw-en_pros_purchase_ongoing_no-disc_testing,search,0.01,1,0,0,0,0,0.0,0,0,0.0,0,0
120248898277700167,tw_meta_standard_ios_tw-en_pros_purchase_ongoing_no-disc_testing,threads_feed,3.81,4059,4,0,0,0,0.0,0,0,0.0,175,1
120248898278030167,tw_meta_standard_ios_tw-en_pros_purchase_ongoing_no-disc_testing,an_classic,0.05,4,1,0,0,0,0.0,0,0,0.0,4,0
120248898278030167,tw_meta_standard_ios_tw-en_pros_purchase_ongoing_no-disc_testing,facebook_profile_feed,0.13,37,0,0,0,0,0.0,0,0,0.0,2,0
120248898278030167,tw_meta_standard_ios_tw-en_pros_purchase_ongoing_no-disc_testing,facebook_reels,3.14,1016,1,0,0,0,0.0,0,0,0.0,121,2
120248898278030167,tw_meta_standard_ios_tw-en_pros_purchase_ongoing_no-disc_testing,facebook_reels_overlay,0.0,6,0,0,0,0,0.0,0,0,0.0,0,0
120248898278030167,tw_meta_standard_ios_tw-en_pros_purchase_ongoing_no-disc_testing,facebook_stories,82.23,12187,369,0,0,0,0.0,0,0,0.0,1362,89
120248898278030167,tw_meta_standard_ios_tw-en_pros_purchase_ongoing_no-disc_testing,feed,55.37,33650,208,0,1,0,0.0,1,1,0.0,2470,59
120248898278030167,tw_meta_standard_ios_tw-en_pros_purchase_ongoing_no-disc_testing,instagram_reels,1.99,375,2,0,0,0,0.0,0,0,0.0,30,2
120248898278030167,tw_meta_standard_ios_tw-en_pros_purchase_ongoing_no-disc_testing,instagram_stories,10.35,3663,48,0,0,0,0.0,0,0,0.0,168,25
120248898278030167,tw_meta_standard_ios_tw-en_pros_purchase_ongoing_no-disc_testing,instream_video,5.62,1543,42,0,0,0,0.0,0,0,0.0,749,3
120248898278030167,tw_meta_standard_ios_tw-en_pros_purchase_ongoing_no-disc_testing,marketplace,0.02,7,1,0,0,0,0.0,0,0,0.0,2,0
120248898278030167,tw_meta_standard_ios_tw-en_pros_purchase_ongoing_no-disc_testing,search,0.04,14,0,0,0,0,0.0,0,0,0.0,2,0
120248898278030167,tw_meta_standard_ios_tw-en_pros_purchase_ongoing_no-disc_testing,threads_feed,0.56,922,0,0,0,0,0.0,0,0,0.0,36,0
120248898278710167,tw_meta_standard_ios_tw-en_pros_purchase_ongoing_no-disc_testing,an_classic,0.0,2,0,0,0,0,0.0,0,0,0.0,2,0
120248898278710167,tw_meta_standard_ios_tw-en_pros_purchase_ongoing_no-disc_testing,facebook_profile_feed,0.07,40,0,0,0,0,0.0,0,0,0.0,6,0
120248898278710167,tw_meta_standard_ios_tw-en_pros_purchase_ongoing_no-disc_testing,facebook_reels,17.43,8565,66,0,0,0,0.0,0,0,0.0,1820,47
120248898278710167,tw_meta_standard_ios_tw-en_pros_purchase_ongoing_no-disc_testing,facebook_reels_overlay,0.04,1,0,0,0,0,0.0,0,0,0.0,0,0
120248898278710167,tw_meta_standard_ios_tw-en_pros_purchase_ongoing_no-disc_testing,facebook_stories,44.86,11922,224,0,0,0,0.0,0,0,0.0,1357,75
120248898278710167,tw_meta_standard_ios_tw-en_pros_purchase_ongoing_no-disc_testing,feed,9.29,3894,35,0,0,0,0.0,0,0,0.0,900,15
120248898278710167,tw_meta_standard_ios_tw-en_pros_purchase_ongoing_no-disc_testing,instagram_reels,7.91,2087,12,0,0,0,0.0,0,0,0.0,484,11
120248898278710167,tw_meta_standard_ios_tw-en_pros_purchase_ongoing_no-disc_testing,instagram_stories,105.29,34354,856,0,0,0,0.0,0,0,0.0,1657,98
120248898278710167,tw_meta_standard_ios_tw-en_pros_purchase_ongoing_no-disc_testing,instream_video,0.55,168,3,0,0,0,0.0,0,0,0.0,79,0
120248898278710167,tw_meta_standard_ios_tw-en_pros_purchase_ongoing_no-disc_testing,marketplace,0.05,19,0,0,0,0,0.0,0,0,0.0,2,0
120248898278710167,tw_meta_standard_ios_tw-en_pros_purchase_ongoing_no-disc_testing,search,0.0,2,0,0,0,0,0.0,0,0,0.0,0,0
120248898278710167,tw_meta_standard_ios_tw-en_pros_purchase_ongoing_no-disc_testing,threads_feed,1.77,2814,1,0,0,0,0.0,0,0,0.0,98,0
120248898291360167,tw_meta_standard_ios_tw-en_pros_purchase_ongoing_no-disc_testing,facebook_profile_feed,0.16,59,0,0,0,0,0.0,0,0,0.0,19,0
120248898291360167,tw_meta_standard_ios_tw-en_pros_purchase_ongoing_no-disc_testing,facebook_reels,140.84,47302,870,4,3,2,4.06,0,0,0.0,17438,105
120248898291360167,tw_meta_standard_ios_tw-en_pros_purchase_ongoing_no-disc_testing,facebook_stories,9.08,2049,37,0,2,1,2.03,0,1,0.0,323,11
120248898291360167,tw_meta_standard_ios_tw-en_pros_purchase_ongoing_no-disc_testing,feed,44.1,14300,165,2,1,0,0.0,0,0,0.0,4864,29
120248898291360167,tw_meta_standard_ios_tw-en_pros_purchase_ongoing_no-disc_testing,instagram_reels,19.97,4569,34,1,0,0,0.0,0,0,0.0,1380,4
120248898291360167,tw_meta_standard_ios_tw-en_pros_purchase_ongoing_no-disc_testing,instagram_stories,33.99,9218,218,1,2,0,0.0,0,0,0.0,890,27
120248898291360167,tw_meta_standard_ios_tw-en_pros_purchase_ongoing_no-disc_testing,instream_video,0.34,89,1,0,0,0,0.0,0,0,0.0,35,0
120248898291360167,tw_meta_standard_ios_tw-en_pros_purchase_ongoing_no-disc_testing,marketplace,0.08,20,0,0,0,0,0.0,0,0,0.0,2,0
120248898291360167,tw_meta_standard_ios_tw-en_pros_purchase_ongoing_no-disc_testing,search,0.0,2,0,0,0,0,0.0,0,0,0.0,0,0
120248898291360167,tw_meta_standard_ios_tw-en_pros_purchase_ongoing_no-disc_testing,threads_feed,4.44,5600,5,0,0,0,0.0,0,0,0.0,216,0
120248964820460167,tw_meta_standard_ios_tw-en_pros_trial_ongoing_scaling2,an_classic,2.25,213,16,1,0,0,0.0,0,0,0.0,136,25
120248964820460167,tw_meta_standard_ios_tw-en_pros_trial_ongoing_scaling2,biz_disco_feed,0.0,1,0,0,0,0,0.0,0,0,0.0,0,0
120248964820460167,tw_meta_standard_ios_tw-en_pros_trial_ongoing_scaling2,facebook_profile_feed,2.46,783,6,0,0,0,0.0,0,0,0.0,48,5
120248964820460167,tw_meta_standard_ios_tw-en_pros_trial_ongoing_scaling2,facebook_reels,5.45,1674,7,0,0,0,0.0,0,0,0.0,111,19
120248964820460167,tw_meta_standard_ios_tw-en_pros_trial_ongoing_scaling2,facebook_reels_overlay,0.37,276,0,0,0,0,0.0,0,0,0.0,0,0
120248964820460167,tw_meta_standard_ios_tw-en_pros_trial_ongoing_scaling2,facebook_stories,5.94,1254,13,0,0,0,0.0,0,0,0.0,92,49
120248964820460167,tw_meta_standard_ios_tw-en_pros_trial_ongoing_scaling2,feed,207.32,75956,384,9,8,2,3.43,0,0,0.0,4614,745
120248964820460167,tw_meta_standard_ios_tw-en_pros_trial_ongoing_scaling2,instagram_explore_grid_home,0.03,28,0,0,0,0,0.0,0,0,0.0,19,2
120248964820460167,tw_meta_standard_ios_tw-en_pros_trial_ongoing_scaling2,instagram_reels,13.31,2402,7,1,0,0,0.0,0,0,0.0,71,10
120248964820460167,tw_meta_standard_ios_tw-en_pros_trial_ongoing_scaling2,instagram_stories,26.73,6957,39,1,0,0,0.0,0,0,0.0,157,58
120248964820460167,tw_meta_standard_ios_tw-en_pros_trial_ongoing_scaling2,instream_video,10.99,3498,66,2,0,0,0.0,0,0,0.0,1299,887
120248964820460167,tw_meta_standard_ios_tw-en_pros_trial_ongoing_scaling2,marketplace,0.03,16,0,0,0,0,0.0,0,0,0.0,1,0
120248964820460167,tw_meta_standard_ios_tw-en_pros_trial_ongoing_scaling2,rewarded_video,1.6,126,8,0,0,0,0.0,0,0,0.0,124,123
120248964820460167,tw_meta_standard_ios_tw-en_pros_trial_ongoing_scaling2,search,0.21,44,1,0,0,0,0.0,0,0,0.0,12,0
120248964820460167,tw_meta_standard_ios_tw-en_pros_trial_ongoing_scaling2,threads_feed,70.57,64361,34,2,2,1,1.64,0,0,0.0,1498,322
120249017523680167,tw_meta_standard_ios_tw-en_pros_trial_ongoing_winning,an_classic,1.52,138,15,0,1,0,0.0,0,0,0.0,103,20
120249017523680167,tw_meta_standard_ios_tw-en_pros_trial_ongoing_winning,facebook_profile_feed,0.28,58,0,0,0,0,0.0,0,0,0.0,4,0
120249017523680167,tw_meta_standard_ios_tw-en_pros_trial_ongoing_winning,facebook_reels,2.5,409,3,0,0,0,0.0,0,0,0.0,35,8
120249017523680167,tw_meta_standard_ios_tw-en_pros_trial_ongoing_winning,facebook_reels_overlay,0.04,45,0,0,0,0,0.0,0,0,0.0,0,0
120249017523680167,tw_meta_standard_ios_tw-en_pros_trial_ongoing_winning,facebook_stories,1.92,350,1,0,0,0,0.0,0,0,0.0,21,7
120249017523680167,tw_meta_standard_ios_tw-en_pros_trial_ongoing_winning,feed,48.99,10485,58,2,1,1,1.52,0,1,0.0,878,128
120249017523680167,tw_meta_standard_ios_tw-en_pros_trial_ongoing_winning,instagram_explore_grid_home,0.03,2,0,0,0,0,0.0,0,0,0.0,2,1
120249017523680167,tw_meta_standard_ios_tw-en_pros_trial_ongoing_winning,instagram_reels,5.66,759,5,1,0,0,0.0,0,0,0.0,49,9
120249017523680167,tw_meta_standard_ios_tw-en_pros_trial_ongoing_winning,instagram_stories,5.56,733,3,0,0,0,0.0,0,0,0.0,31,4
120249017523680167,tw_meta_standard_ios_tw-en_pros_trial_ongoing_winning,instream_video,2.37,569,7,0,0,0,0.0,0,0,0.0,225,159
120249017523680167,tw_meta_standard_ios_tw-en_pros_trial_ongoing_winning,rewarded_video,1.26,93,6,0,0,0,0.0,0,0,0.0,93,93
120249017523680167,tw_meta_standard_ios_tw-en_pros_trial_ongoing_winning,threads_feed,6.06,4160,7,0,0,0,0.0,0,0,0.0,84,12
120249017782920167,tw_meta_standard_ios_tw-en_pros_purchase_ongoing_no-disc_testing,facebook_reels,18.36,4339,101,0,0,0,0.0,0,0,0.0,1981,26
120249017782920167,tw_meta_standard_ios_tw-en_pros_purchase_ongoing_no-disc_testing,facebook_reels_overlay,0.0,1,0,0,0,0,0.0,0,0,0.0,0,0
120249017782920167,tw_meta_standard_ios_tw-en_pros_purchase_ongoing_no-disc_testing,facebook_stories,5.28,773,28,0,0,0,0.0,0,0,0.0,333,6
120249017782920167,tw_meta_standard_ios_tw-en_pros_purchase_ongoing_no-disc_testing,feed,137.57,47166,1394,9,4,0,0.0,0,0,0.0,15673,186
120249017782920167,tw_meta_standard_ios_tw-en_pros_purchase_ongoing_no-disc_testing,instagram_explore_grid_home,0.04,26,1,0,0,0,0.0,0,0,0.0,17,0
120249017782920167,tw_meta_standard_ios_tw-en_pros_purchase_ongoing_no-disc_testing,instagram_reels,12.92,3625,246,0,0,0,0.0,0,0,0.0,1483,7
120249017782920167,tw_meta_standard_ios_tw-en_pros_purchase_ongoing_no-disc_testing,instagram_stories,14.68,3793,92,1,1,0,0.0,0,0,0.0,756,18
120249017782920167,tw_meta_standard_ios_tw-en_pros_purchase_ongoing_no-disc_testing,instream_video,0.06,6,0,0,0,0,0.0,0,0,0.0,4,0
120249017782920167,tw_meta_standard_ios_tw-en_pros_purchase_ongoing_no-disc_testing,marketplace,0.0,5,0,0,0,0,0.0,0,0,0.0,1,0
120249017877220167,tw_meta_standard_ios_tw-en_pros_purchase_ongoing_no-disc_testing,an_classic,0.02,1,1,0,0,0,0.0,0,0,0.0,1,0
120249017877220167,tw_meta_standard_ios_tw-en_pros_purchase_ongoing_no-disc_testing,facebook_reels,80.73,19480,904,7,5,5,11.54,0,0,0.0,6335,137
120249017877220167,tw_meta_standard_ios_tw-en_pros_purchase_ongoing_no-disc_testing,facebook_reels_overlay,0.0,1,0,0,0,0,0.0,0,0,0.0,0,0
120249017877220167,tw_meta_standard_ios_tw-en_pros_purchase_ongoing_no-disc_testing,facebook_stories,3.43,496,9,0,0,0,0.0,0,0,0.0,86,5
120249017877220167,tw_meta_standard_ios_tw-en_pros_purchase_ongoing_no-disc_testing,feed,81.41,21991,672,6,3,2,4.49,0,0,0.0,6470,128
120249017877220167,tw_meta_standard_ios_tw-en_pros_purchase_ongoing_no-disc_testing,instagram_reels,107.61,25633,1339,11,5,1,2.23,0,0,0.0,7448,73
120249017877220167,tw_meta_standard_ios_tw-en_pros_purchase_ongoing_no-disc_testing,instagram_stories,120.43,33929,750,5,1,1,2.23,0,0,0.0,3730,139
120249017877220167,tw_meta_standard_ios_tw-en_pros_purchase_ongoing_no-disc_testing,instream_video,0.27,42,2,0,0,0,0.0,0,0,0.0,16,0
120249017877220167,tw_meta_standard_ios_tw-en_pros_purchase_ongoing_no-disc_testing,marketplace,0.0,13,0,0,0,0,0.0,0,0,0.0,2,0
120249017877220167,tw_meta_standard_ios_tw-en_pros_purchase_ongoing_no-disc_testing,search,0.03,8,0,0,0,0,0.0,0,0,0.0,1,0
120249017985740167,tw_meta_standard_ios_tw-en_pros_purchase_ongoing_no-disc_testing,facebook_reels,35.53,8240,271,0,0,0,0.0,0,0,0.0,3437,58
120249017985740167,tw_meta_standard_ios_tw-en_pros_purchase_ongoing_no-disc_testing,facebook_stories,13.57,1604,47,0,0,0,0.0,0,0,0.0,586,48
120249017985740167,tw_meta_standard_ios_tw-en_pros_purchase_ongoing_no-disc_testing,feed,108.86,33821,405,1,1,0,0.0,0,0,0.0,10276,173
120249017985740167,tw_meta_standard_ios_tw-en_pros_purchase_ongoing_no-disc_testing,instagram_explore_grid_home,0.02,16,0,0,0,0,0.0,0,0,0.0,11,0
120249017985740167,tw_meta_standard_ios_tw-en_pros_purchase_ongoing_no-disc_testing,instagram_reels,47.13,9488,403,1,1,1,2.21,0,0,0.0,4161,51
120249017985740167,tw_meta_standard_ios_tw-en_pros_purchase_ongoing_no-disc_testing,instagram_stories,88.19,21307,310,2,1,2,4.47,0,0,0.0,3474,123
120249018197870167,tw_meta_standard_ios_tw-en_pros_purchase_ongoing_no-disc_testing,an_classic,0.35,42,2,0,0,0,0.0,0,0,0.0,30,0
120249018197870167,tw_meta_standard_ios_tw-en_pros_purchase_ongoing_no-disc_testing,facebook_profile_feed,0.0,4,0,0,0,0,0.0,0,0,0.0,0,0
120249018197870167,tw_meta_standard_ios_tw-en_pros_purchase_ongoing_no-disc_testing,facebook_reels,34.07,8013,209,2,1,1,2.17,0,0,0.0,1250,18
120249018197870167,tw_meta_standard_ios_tw-en_pros_purchase_ongoing_no-disc_testing,facebook_reels_overlay,0.24,167,1,0,0,0,0.0,0,0,0.0,0,0
120249018197870167,tw_meta_standard_ios_tw-en_pros_purchase_ongoing_no-disc_testing,facebook_stories,30.14,4822,201,0,0,0,0.0,0,0,0.0,565,17
120249018197870167,tw_meta_standard_ios_tw-en_pros_purchase_ongoing_no-disc_testing,feed,109.11,57841,398,0,0,0,0.0,0,0,0.0,4917,85
120249018197870167,tw_meta_standard_ios_tw-en_pros_purchase_ongoing_no-disc_testing,instagram_reels,12.07,2574,66,0,0,0,0.0,0,0,0.0,373,2
120249018197870167,tw_meta_standard_ios_tw-en_pros_purchase_ongoing_no-disc_testing,instagram_stories,81.15,32391,469,0,0,0,0.0,0,0,0.0,1340,145
120249018197870167,tw_meta_standard_ios_tw-en_pros_purchase_ongoing_no-disc_testing,instream_video,12.89,3001,100,0,0,0,0.0,0,0,0.0,1482,14
120249018197870167,tw_meta_standard_ios_tw-en_pros_purchase_ongoing_no-disc_testing,marketplace,0.05,30,0,0,0,0,0.0,0,0,0.0,4,0
120249018598560167,tw_meta_standard_ios_tw-en_pros_purchase_ongoing_no-disc_testing,facebook_reels,21.66,4566,55,1,1,0,0.0,0,0,0.0,2394,30
120249018598560167,tw_meta_standard_ios_tw-en_pros_purchase_ongoing_no-disc_testing,facebook_reels_overlay,0.0,1,0,0,0,0,0.0,0,0,0.0,0,0
120249018598560167,tw_meta_standard_ios_tw-en_pros_purchase_ongoing_no-disc_testing,facebook_stories,56.94,9489,527,2,1,2,4.56,0,0,0.0,4429,199
120249018598560167,tw_meta_standard_ios_tw-en_pros_purchase_ongoing_no-disc_testing,feed,218.23,59807,2057,4,2,0,0.0,0,0,0.0,21938,424
120249018598560167,tw_meta_standard_ios_tw-en_pros_purchase_ongoing_no-disc_testing,instagram_explore_grid_home,0.01,15,0,0,0,0,0.0,0,0,0.0,8,0
120249018598560167,tw_meta_standard_ios_tw-en_pros_purchase_ongoing_no-disc_testing,instagram_reels,161.07,43784,4148,5,4,1,2.23,0,0,0.0,22541,265
120249018598560167,tw_meta_standard_ios_tw-en_pros_purchase_ongoing_no-disc_testing,instagram_stories,71.64,14175,623,1,1,1,2.29,0,0,0.0,4774,117
120249018598560167,tw_meta_standard_ios_tw-en_pros_purchase_ongoing_no-disc_testing,instream_video,0.33,50,2,0,0,0,0.0,0,0,0.0,31,0
120249018598560167,tw_meta_standard_ios_tw-en_pros_purchase_ongoing_no-disc_testing,marketplace,0.03,15,0,0,0,0,0.0,0,0,0.0,3,0
120249018598560167,tw_meta_standard_ios_tw-en_pros_purchase_ongoing_no-disc_testing,rewarded_video,0.06,7,1,0,0,0,0.0,0,0,0.0,7,2
120249018598560167,tw_meta_standard_ios_tw-en_pros_purchase_ongoing_no-disc_testing,search,0.0,1,0,0,0,0,0.0,0,0,0.0,0,0
120249019731940167,tw_meta_standard_ios_tw-en_pros_trial_ongoing_scaling2,an_classic,113.45,9707,1049,5,2,0,0.0,0,0,0.0,7516,513
120249019731940167,tw_meta_standard_ios_tw-en_pros_trial_ongoing_scaling2,biz_disco_feed,0.02,5,0,0,0,0,0.0,0,0,0.0,0,0
120249019731940167,tw_meta_standard_ios_tw-en_pros_trial_ongoing_scaling2,facebook_profile_feed,0.5,172,0,0,0,0,0.0,0,0,0.0,38,2
120249019731940167,tw_meta_standard_ios_tw-en_pros_trial_ongoing_scaling2,facebook_reels,13583.99,2275260,50608,957,549,172,278.99,0,0,0.0,885373,33613
120249019731940167,tw_meta_standard_ios_tw-en_pros_trial_ongoing_scaling2,facebook_reels_overlay,22.14,10123,79,1,0,0,0.0,0,0,0.0,0,0
120249019731940167,tw_meta_standard_ios_tw-en_pros_trial_ongoing_scaling2,facebook_stories,1614.07,175456,3423,87,60,21,33.86,0,0,0.0,40687,920
120249019731940167,tw_meta_standard_ios_tw-en_pros_trial_ongoing_scaling2,feed,3532.78,477241,6613,237,116,41,66.74,0,0,0.0,187102,7238
120249019731940167,tw_meta_standard_ios_tw-en_pros_trial_ongoing_scaling2,instagram_reels,10215.09,1414783,23123,476,282,118,191.13,0,0,0.0,428971,12833
120249019731940167,tw_meta_standard_ios_tw-en_pros_trial_ongoing_scaling2,instagram_stories,3693.7,638931,15981,131,75,34,55.18,0,0,0.0,64524,5562
120249019731940167,tw_meta_standard_ios_tw-en_pros_trial_ongoing_scaling2,instream_video,237.92,28072,697,5,3,2,3.22,0,0,0.0,15596,183
120249019731940167,tw_meta_standard_ios_tw-en_pros_trial_ongoing_scaling2,marketplace,37.35,12664,7,0,0,0,0.0,0,0,0.0,2562,46
120249019731940167,tw_meta_standard_ios_tw-en_pros_trial_ongoing_scaling2,search,3.53,947,6,0,0,0,0.0,0,0,0.0,177,3
120249020624430167,tw_meta_standard_ios_tw-en_pros_purchase_ongoing_no-disc_testing,an_classic,0.01,1,0,0,0,0,0.0,0,0,0.0,0,0
120249020624430167,tw_meta_standard_ios_tw-en_pros_purchase_ongoing_no-disc_testing,facebook_profile_feed,0.38,139,1,0,0,0,0.0,0,0,0.0,37,0
120249020624430167,tw_meta_standard_ios_tw-en_pros_purchase_ongoing_no-disc_testing,facebook_reels,47.49,18674,87,10,5,0,0.0,0,0,0.0,6105,57
120249020624430167,tw_meta_standard_ios_tw-en_pros_purchase_ongoing_no-disc_testing,facebook_reels_overlay,0.0,3,0,0,0,0,0.0,0,0,0.0,0,0
120249020624430167,tw_meta_standard_ios_tw-en_pros_purchase_ongoing_no-disc_testing,facebook_stories,1.83,291,7,0,0,0,0.0,0,0,0.0,123,6
120249020624430167,tw_meta_standard_ios_tw-en_pros_purchase_ongoing_no-disc_testing,feed,275.79,104493,1429,14,6,3,6.94,0,0,0.0,25919,442
120249020624430167,tw_meta_standard_ios_tw-en_pros_purchase_ongoing_no-disc_testing,instagram_explore_grid_home,0.03,35,0,0,0,0,0.0,0,0,0.0,27,0
120249020624430167,tw_meta_standard_ios_tw-en_pros_purchase_ongoing_no-disc_testing,instagram_reels,140.79,36708,295,17,12,5,11.4,0,0,0.0,11554,133
120249020624430167,tw_meta_standard_ios_tw-en_pros_purchase_ongoing_no-disc_testing,instagram_stories,18.39,5292,74,1,1,0,0.0,0,0,0.0,885,29
120249020624430167,tw_meta_standard_ios_tw-en_pros_purchase_ongoing_no-disc_testing,instream_video,0.12,13,1,0,0,0,0.0,0,0,0.0,10,0
120249020624430167,tw_meta_standard_ios_tw-en_pros_purchase_ongoing_no-disc_testing,marketplace,0.02,13,0,0,0,0,0.0,0,0,0.0,3,0
120249020624430167,tw_meta_standard_ios_tw-en_pros_purchase_ongoing_no-disc_testing,rewarded_video,0.01,2,0,0,0,0,0.0,0,0,0.0,2,2
120249020624430167,tw_meta_standard_ios_tw-en_pros_purchase_ongoing_no-disc_testing,search,0.01,5,0,0,0,0,0.0,0,0,0.0,2,0
120249020624430167,tw_meta_standard_ios_tw-en_pros_purchase_ongoing_no-disc_testing,threads_feed,4.31,2998,4,0,0,0,0.0,0,0,0.0,67,2
120249020669720167,tw_meta_standard_ios_tw-en_pros_purchase_ongoing_no-disc_testing,an_classic,2.3,169,12,0,0,0,0.0,0,0,0.0,143,14
120249020669720167,tw_meta_standard_ios_tw-en_pros_purchase_ongoing_no-disc_testing,facebook_profile_feed,1.38,371,2,0,0,0,0.0,0,0,0.0,52,0
120249020669720167,tw_meta_standard_ios_tw-en_pros_purchase_ongoing_no-disc_testing,facebook_reels,111.39,30494,215,2,0,0,0.0,0,0,0.0,5124,152
120249020669720167,tw_meta_standard_ios_tw-en_pros_purchase_ongoing_no-disc_testing,facebook_reels_overlay,0.1,70,1,0,0,0,0.0,0,0,0.0,0,0
120249020669720167,tw_meta_standard_ios_tw-en_pros_purchase_ongoing_no-disc_testing,facebook_stories,23.01,4584,80,0,0,0,0.0,0,0,0.0,434,71
120249020669720167,tw_meta_standard_ios_tw-en_pros_purchase_ongoing_no-disc_testing,feed,77.91,25404,168,2,0,0,0.0,0,0,0.0,4304,136
120249020669720167,tw_meta_standard_ios_tw-en_pros_purchase_ongoing_no-disc_testing,instagram_reels,2.41,396,3,0,0,0,0.0,0,0,0.0,58,3
120249020669720167,tw_meta_standard_ios_tw-en_pros_purchase_ongoing_no-disc_testing,instagram_stories,61.79,23878,329,0,0,0,0.0,0,0,0.0,586,90
120249020669720167,tw_meta_standard_ios_tw-en_pros_purchase_ongoing_no-disc_testing,instream_video,8.08,1760,37,0,0,0,0.0,0,0,0.0,701,8
120249020669720167,tw_meta_standard_ios_tw-en_pros_purchase_ongoing_no-disc_testing,marketplace,0.0,4,0,0,0,0,0.0,0,0,0.0,2,0
120249020669720167,tw_meta_standard_ios_tw-en_pros_purchase_ongoing_no-disc_testing,rewarded_video,5.25,507,90,0,0,0,0.0,0,0,0.0,501,178
120249020669720167,tw_meta_standard_ios_tw-en_pros_purchase_ongoing_no-disc_testing,search,0.08,61,0,0,0,0,0.0,0,0,0.0,6,0
120249020669720167,tw_meta_standard_ios_tw-en_pros_purchase_ongoing_no-disc_testing,threads_feed,17.47,36180,27,1,0,0,0.0,0,0,0.0,509,9
120249020714940167,tw_meta_standard_ios_tw-en_pros_purchase_ongoing_no-disc_testing,an_classic,33.77,3910,703,0,0,0,0.0,0,0,0.0,2920,122
120249020714940167,tw_meta_standard_ios_tw-en_pros_purchase_ongoing_no-disc_testing,biz_disco_feed,0.0,1,0,0,0,0,0.0,0,0,0.0,0,0
120249020714940167,tw_meta_standard_ios_tw-en_pros_purchase_ongoing_no-disc_testing,facebook_profile_feed,20.67,5900,37,0,0,0,0.0,0,0,0.0,501,3
120249020714940167,tw_meta_standard_ios_tw-en_pros_purchase_ongoing_no-disc_testing,facebook_reels,844.52,164461,925,34,22,2,3.94,0,0,0.0,19273,599
120249020714940167,tw_meta_standard_ios_tw-en_pros_purchase_ongoing_no-disc_testing,facebook_reels_overlay,4.88,3851,35,0,0,0,0.0,0,0,0.0,0,0
120249020714940167,tw_meta_standard_ios_tw-en_pros_purchase_ongoing_no-disc_testing,facebook_stories,214.41,23601,912,13,8,3,6.07,0,0,0.0,3729,126
120249020714940167,tw_meta_standard_ios_tw-en_pros_purchase_ongoing_no-disc_testing,feed,902.86,182045,1374,38,21,15,30.46,0,0,0.0,22207,416
120249020714940167,tw_meta_standard_ios_tw-en_pros_purchase_ongoing_no-disc_testing,instagram_explore_grid_home,0.11,110,1,0,0,0,0.0,0,0,0.0,80,0
120249020714940167,tw_meta_standard_ios_tw-en_pros_purchase_ongoing_no-disc_testing,instagram_reels,565.99,93790,272,38,21,10,20.64,0,0,0.0,8400,175
120249020714940167,tw_meta_standard_ios_tw-en_pros_purchase_ongoing_no-disc_testing,instagram_stories,294.91,53661,702,13,9,1,2.11,0,0,0.0,3937,696
120249020714940167,tw_meta_standard_ios_tw-en_pros_purchase_ongoing_no-disc_testing,instream_video,128.09,17739,523,3,5,4,8.07,1,2,0.0,9463,105
120249020714940167,tw_meta_standard_ios_tw-en_pros_purchase_ongoing_no-disc_testing,marketplace,6.18,2607,19,0,0,0,0.0,0,0,0.0,461,1
120249020714940167,tw_meta_standard_ios_tw-en_pros_purchase_ongoing_no-disc_testing,search,14.4,5816,30,0,0,0,0.0,0,0,0.0,1015,4
120249020714940167,tw_meta_standard_ios_tw-en_pros_purchase_ongoing_no-disc_testing,threads_feed,89.68,79753,46,2,0,0,0.0,0,0,0.0,14085,89
120249020715110167,tw_meta_standard_ios_tw-en_pros_purchase_ongoing_no-disc_testing,an_classic,0.48,74,3,0,0,0,0.0,0,0,0.0,59,3
120249020715110167,tw_meta_standard_ios_tw-en_pros_purchase_ongoing_no-disc_testing,facebook_profile_feed,2.65,755,7,0,0,0,0.0,0,0,0.0,74,2
120249020715110167,tw_meta_standard_ios_tw-en_pros_purchase_ongoing_no-disc_testing,facebook_reels,11.58,3085,31,1,0,0,0.0,0,0,0.0,543,20
120249020715110167,tw_meta_standard_ios_tw-en_pros_purchase_ongoing_no-disc_testing,facebook_reels_overlay,0.34,270,2,0,0,0,0.0,0,0,0.0,0,0
120249020715110167,tw_meta_standard_ios_tw-en_pros_purchase_ongoing_no-disc_testing,facebook_stories,21.64,2782,132,0,0,0,0.0,0,0,0.0,411,18
120249020715110167,tw_meta_standard_ios_tw-en_pros_purchase_ongoing_no-disc_testing,feed,152.62,69444,562,3,3,1,2.45,0,0,0.0,5869,156
120249020715110167,tw_meta_standard_ios_tw-en_pros_purchase_ongoing_no-disc_testing,instagram_explore_grid_home,0.0,2,0,0,0,0,0.0,0,0,0.0,0,0
120249020715110167,tw_meta_standard_ios_tw-en_pros_purchase_ongoing_no-disc_testing,instagram_reels,3.92,665,0,0,0,0,0.0,0,0,0.0,68,1
120249020715110167,tw_meta_standard_ios_tw-en_pros_purchase_ongoing_no-disc_testing,instagram_stories,2.66,522,13,0,0,0,0.0,0,0,0.0,35,3
120249020715110167,tw_meta_standard_ios_tw-en_pros_purchase_ongoing_no-disc_testing,instream_video,9.94,2583,75,0,0,0,0.0,0,0,0.0,1067,10
120249020715110167,tw_meta_standard_ios_tw-en_pros_purchase_ongoing_no-disc_testing,marketplace,0.01,12,1,0,0,0,0.0,0,0,0.0,3,0
120249020715110167,tw_meta_standard_ios_tw-en_pros_purchase_ongoing_no-disc_testing,search,0.29,14,0,0,0,0,0.0,0,0,0.0,3,0
120249020715110167,tw_meta_standard_ios_tw-en_pros_purchase_ongoing_no-disc_testing,threads_feed,1.27,1043,0,0,0,0,0.0,0,0,0.0,35,1
120249069884080167,tw_meta_standard_ios_tw-en_pros_trial_ongoing_scaling2,an_classic,0.07,14,0,0,0,0,0.0,0,0,0.0,9,1
120249069884080167,tw_meta_standard_ios_tw-en_pros_trial_ongoing_scaling2,facebook_reels,437.51,92618,2084,16,6,2,3.35,0,0,0.0,24106,584
120249069884080167,tw_meta_standard_ios_tw-en_pros_trial_ongoing_scaling2,facebook_reels_overlay,0.25,126,2,0,0,0,0.0,0,0,0.0,0,0
120249069884080167,tw_meta_standard_ios_tw-en_pros_trial_ongoing_scaling2,facebook_stories,147.0,18987,491,2,0,0,0.0,0,0,0.0,2747,117
120249069884080167,tw_meta_standard_ios_tw-en_pros_trial_ongoing_scaling2,feed,579.43,172431,2146,15,7,6,9.95,0,0,0.0,30893,565
120249069884080167,tw_meta_standard_ios_tw-en_pros_trial_ongoing_scaling2,instagram_reels,292.46,61755,2392,14,5,1,1.64,0,0,0.0,17110,135
120249069884080167,tw_meta_standard_ios_tw-en_pros_trial_ongoing_scaling2,instagram_stories,411.17,93847,1863,18,8,5,8.29,0,0,0.0,10214,624
120249069884080167,tw_meta_standard_ios_tw-en_pros_trial_ongoing_scaling2,instream_video,6.24,735,27,0,0,0,0.0,0,0,0.0,308,0
120249069884080167,tw_meta_standard_ios_tw-en_pros_trial_ongoing_scaling2,marketplace,2.8,1394,2,0,0,0,0.0,0,0,0.0,209,3
120249069884080167,tw_meta_standard_ios_tw-en_pros_trial_ongoing_scaling2,search,0.27,25,0,0,0,0,0.0,0,0,0.0,4,0
120249069900960167,tw_meta_standard_ios_tw-en_pros_trial_ongoing_winning,an_classic,0.13,16,0,0,0,0,0.0,0,0,0.0,15,4
120249069900960167,tw_meta_standard_ios_tw-en_pros_trial_ongoing_winning,facebook_profile_feed,0.04,23,2,0,0,0,0.0,0,0,0.0,1,0
120249069900960167,tw_meta_standard_ios_tw-en_pros_trial_ongoing_winning,facebook_reels,1.01,151,0,0,0,0,0.0,0,0,0.0,11,2
120249069900960167,tw_meta_standard_ios_tw-en_pros_trial_ongoing_winning,facebook_reels_overlay,0.02,8,0,0,0,0,0.0,0,0,0.0,0,0
120249069900960167,tw_meta_standard_ios_tw-en_pros_trial_ongoing_winning,facebook_stories,0.18,43,0,0,0,0,0.0,0,0,0.0,0,0
120249069900960167,tw_meta_standard_ios_tw-en_pros_trial_ongoing_winning,feed,16.2,2981,15,0,0,0,0.0,0,0,0.0,289,51
120249069900960167,tw_meta_standard_ios_tw-en_pros_trial_ongoing_winning,instagram_explore_grid_home,0.0,2,0,0,0,0,0.0,0,0,0.0,2,1
120249069900960167,tw_meta_standard_ios_tw-en_pros_trial_ongoing_winning,instagram_reels,1.54,275,1,1,0,0,0.0,0,0,0.0,6,0
120249069900960167,tw_meta_standard_ios_tw-en_pros_trial_ongoing_winning,instagram_stories,2.3,271,2,0,0,0,0.0,0,0,0.0,15,1
120249069900960167,tw_meta_standard_ios_tw-en_pros_trial_ongoing_winning,instream_video,0.84,191,2,0,0,0,0.0,0,0,0.0,78,45
120249069900960167,tw_meta_standard_ios_tw-en_pros_trial_ongoing_winning,threads_feed,3.73,1395,4,0,0,0,0.0,0,0,0.0,27,2
120249069928080167,tw_meta_standard_ios_tw-en_pros_purchase_ongoing_no-disc_testing,facebook_reels,94.44,21688,1134,0,0,0,0.0,0,0,0.0,8225,54
120249069928080167,tw_meta_standard_ios_tw-en_pros_purchase_ongoing_no-disc_testing,facebook_stories,1.18,154,5,0,0,0,0.0,0,0,0.0,45,0
120249069928080167,tw_meta_standard_ios_tw-en_pros_purchase_ongoing_no-disc_testing,feed,27.83,7295,163,0,0,0,0.0,0,0,0.0,1824,16
120249069928080167,tw_meta_standard_ios_tw-en_pros_purchase_ongoing_no-disc_testing,instagram_explore_grid_home,0.03,13,0,0,0,0,0.0,0,0,0.0,11,0
120249069928080167,tw_meta_standard_ios_tw-en_pros_purchase_ongoing_no-disc_testing,instagram_reels,48.06,9265,629,1,1,0,0.0,0,0,0.0,3332,16
120249069928080167,tw_meta_standard_ios_tw-en_pros_purchase_ongoing_no-disc_testing,instagram_stories,19.45,4364,97,0,0,0,0.0,0,0,0.0,489,23
120249069950380167,tw_meta_standard_ios_tw-en_pros_purchase_ongoing_no-disc_testing,an_classic,0.33,30,6,0,0,0,0.0,0,0,0.0,22,1
120249069950380167,tw_meta_standard_ios_tw-en_pros_purchase_ongoing_no-disc_testing,biz_disco_feed,0.0,1,0,0,0,0,0.0,0,0,0.0,0,0
120249069950380167,tw_meta_standard_ios_tw-en_pros_purchase_ongoing_no-disc_testing,facebook_reels,21.05,5350,224,0,0,0,0.0,0,0,0.0,1831,15
120249069950380167,tw_meta_standard_ios_tw-en_pros_purchase_ongoing_no-disc_testing,facebook_reels_overlay,0.01,4,0,0,0,0,0.0,0,0,0.0,0,0
120249069950380167,tw_meta_standard_ios_tw-en_pros_purchase_ongoing_no-disc_testing,facebook_stories,4.17,582,14,0,0,0,0.0,0,0,0.0,127,15
120249069950380167,tw_meta_standard_ios_tw-en_pros_purchase_ongoing_no-disc_testing,feed,122.53,45354,600,1,1,0,0.0,0,0,0.0,8751,89
120249069950380167,tw_meta_standard_ios_tw-en_pros_purchase_ongoing_no-disc_testing,instagram_explore_grid_home,0.04,49,0,0,0,0,0.0,0,0,0.0,32,1
120249069950380167,tw_meta_standard_ios_tw-en_pros_purchase_ongoing_no-disc_testing,instagram_reels,18.67,3701,143,0,0,0,0.0,0,0,0.0,1092,8
120249069950380167,tw_meta_standard_ios_tw-en_pros_purchase_ongoing_no-disc_testing,instagram_stories,56.46,16676,356,2,1,0,0.0,0,0,0.0,1732,64
120249069950380167,tw_meta_standard_ios_tw-en_pros_purchase_ongoing_no-disc_testing,instream_video,0.18,32,0,0,0,0,0.0,0,0,0.0,12,1
120249069950380167,tw_meta_standard_ios_tw-en_pros_purchase_ongoing_no-disc_testing,rewarded_video,0.84,144,17,0,0,0,0.0,0,0,0.0,142,25
120249069950380167,tw_meta_standard_ios_tw-en_pros_purchase_ongoing_no-disc_testing,search,0.0,1,0,0,0,0,0.0,0,0,0.0,0,0
120249069969790167,tw_meta_standard_ios_tw-en_pros_purchase_ongoing_no-disc_testing,an_classic,0.03,1,0,0,0,0,0.0,0,0,0.0,0,0
120249069969790167,tw_meta_standard_ios_tw-en_pros_purchase_ongoing_no-disc_testing,facebook_reels,26.52,5339,138,1,1,0,0.0,0,0,0.0,2386,38
120249069969790167,tw_meta_standard_ios_tw-en_pros_purchase_ongoing_no-disc_testing,facebook_stories,2.47,393,8,0,0,0,0.0,0,0,0.0,165,2
120249069969790167,tw_meta_standard_ios_tw-en_pros_purchase_ongoing_no-disc_testing,feed,200.4,48281,1229,4,2,0,0.0,0,0,0.0,16483,189
120249069969790167,tw_meta_standard_ios_tw-en_pros_purchase_ongoing_no-disc_testing,instagram_explore_grid_home,0.0,2,0,0,0,0,0.0,0,0,0.0,1,0
120249069969790167,tw_meta_standard_ios_tw-en_pros_purchase_ongoing_no-disc_testing,instagram_reels,24.44,5270,303,0,0,0,0.0,0,0,0.0,2125,9
120249069969790167,tw_meta_standard_ios_tw-en_pros_purchase_ongoing_no-disc_testing,instagram_stories,41.9,8115,224,4,3,1,2.27,0,0,0.0,1929,70
120249069969790167,tw_meta_standard_ios_tw-en_pros_purchase_ongoing_no-disc_testing,instream_video,0.01,7,0,0,0,0,0.0,0,0,0.0,3,0
120249069969790167,tw_meta_standard_ios_tw-en_pros_purchase_ongoing_no-disc_testing,marketplace,0.01,4,0,0,0,0,0.0,0,0,0.0,0,0
120249069983680167,tw_meta_standard_ios_tw-en_pros_purchase_ongoing_no-disc_testing,an_classic,7.26,568,43,0,0,0,0.0,0,0,0.0,413,22
120249069983680167,tw_meta_standard_ios_tw-en_pros_purchase_ongoing_no-disc_testing,facebook_reels,198.38,38377,1585,10,11,2,4.89,0,0,0.0,11931,169
120249069983680167,tw_meta_standard_ios_tw-en_pros_purchase_ongoing_no-disc_testing,facebook_reels_overlay,0.1,37,0,0,0,0,0.0,0,0,0.0,0,0
120249069983680167,tw_meta_standard_ios_tw-en_pros_purchase_ongoing_no-disc_testing,facebook_stories,136.83,18597,391,1,0,0,0.0,0,0,0.0,3576,120
120249069983680167,tw_meta_standard_ios_tw-en_pros_purchase_ongoing_no-disc_testing,feed,439.8,142626,1457,10,6,2,4.92,0,0,0.0,21028,387
120249069983680167,tw_meta_standard_ios_tw-en_pros_purchase_ongoing_no-disc_testing,instagram_explore_grid_home,0.08,35,1,0,0,0,0.0,0,0,0.0,17,0
120249069983680167,tw_meta_standard_ios_tw-en_pros_purchase_ongoing_no-disc_testing,instagram_reels,29.61,2972,88,2,1,0,0.0,0,0,0.0,1005,9
120249069983680167,tw_meta_standard_ios_tw-en_pros_purchase_ongoing_no-disc_testing,instagram_stories,152.67,27052,396,8,6,3,7.37,0,0,0.0,2818,245
120249069983680167,tw_meta_standard_ios_tw-en_pros_purchase_ongoing_no-disc_testing,instream_video,5.48,743,35,0,0,0,0.0,0,0,0.0,284,5
120249069983680167,tw_meta_standard_ios_tw-en_pros_purchase_ongoing_no-disc_testing,marketplace,0.18,37,0,0,0,0,0.0,0,0,0.0,12,0
120249069983680167,tw_meta_standard_ios_tw-en_pros_purchase_ongoing_no-disc_testing,search,2.09,935,9,0,0,0,0.0,0,0,0.0,163,2
120249089547390167,tw_meta_standard_ios_tw-en_pros_trial_ongoing_winning,an_classic,0.57,57,8,0,0,0,0.0,0,0,0.0,43,1
120249089547390167,tw_meta_standard_ios_tw-en_pros_trial_ongoing_winning,facebook_reels,80.67,16017,181,5,4,3,4.67,0,0,0.0,7669,128
120249089547390167,tw_meta_standard_ios_tw-en_pros_trial_ongoing_winning,facebook_reels_overlay,0.05,30,0,0,0,0,0.0,0,0,0.0,0,0
120249089547390167,tw_meta_standard_ios_tw-en_pros_trial_ongoing_winning,facebook_stories,387.04,44824,2462,4,2,0,0.0,0,0,0.0,18907,1010
120249089547390167,tw_meta_standard_ios_tw-en_pros_trial_ongoing_winning,feed,752.15,168539,5411,10,3,2,3.07,0,0,0.0,59217,1253
120249089547390167,tw_meta_standard_ios_tw-en_pros_trial_ongoing_winning,instagram_explore_grid_home,0.19,46,1,0,0,0,0.0,0,0,0.0,27,1
120249089547390167,tw_meta_standard_ios_tw-en_pros_trial_ongoing_winning,instagram_reels,170.66,36014,3370,14,7,2,3.09,0,0,0.0,18738,241
120249089547390167,tw_meta_standard_ios_tw-en_pros_trial_ongoing_winning,instagram_stories,336.81,48023,1769,8,7,3,4.66,0,0,0.0,14474,470
120249089547390167,tw_meta_standard_ios_tw-en_pros_trial_ongoing_winning,instream_video,5.0,1044,37,0,0,0,0.0,0,0,0.0,486,0
120249089547390167,tw_meta_standard_ios_tw-en_pros_trial_ongoing_winning,marketplace,1.91,864,11,0,0,0,0.0,0,0,0.0,199,1
120249089547390167,tw_meta_standard_ios_tw-en_pros_trial_ongoing_winning,rewarded_video,7.04,569,122,0,0,0,0.0,0,0,0.0,559,121
120249089547390167,tw_meta_standard_ios_tw-en_pros_trial_ongoing_winning,search,0.0,7,0,0,0,0,0.0,0,0,0.0,2,0
120249089572460167,tw_meta_standard_ios_tw-en_pros_trial_ongoing_scaling2,an_classic,0.05,4,0,0,0,0,0.0,0,0,0.0,4,0
120249089572460167,tw_meta_standard_ios_tw-en_pros_trial_ongoing_scaling2,facebook_reels,300.7,65683,1300,16,6,1,1.71,0,0,0.0,17140,406
120249089572460167,tw_meta_standard_ios_tw-en_pros_trial_ongoing_scaling2,facebook_reels_overlay,0.11,45,0,0,0,0,0.0,0,0,0.0,0,0
120249089572460167,tw_meta_standard_ios_tw-en_pros_trial_ongoing_scaling2,facebook_stories,41.67,4976,133,0,0,0,0.0,0,0,0.0,718,27
120249089572460167,tw_meta_standard_ios_tw-en_pros_trial_ongoing_scaling2,feed,394.03,99295,1247,12,5,3,5.14,0,0,0.0,20614,373
120249089572460167,tw_meta_standard_ios_tw-en_pros_trial_ongoing_scaling2,instagram_reels,185.66,35601,1181,7,3,3,5.14,0,0,0.0,10033,102
120249089572460167,tw_meta_standard_ios_tw-en_pros_trial_ongoing_scaling2,instagram_stories,293.88,60718,1178,6,2,1,1.71,0,0,0.0,7534,506
120249089572460167,tw_meta_standard_ios_tw-en_pros_trial_ongoing_scaling2,instream_video,4.97,751,32,0,0,0,0.0,0,0,0.0,338,1
120249089572460167,tw_meta_standard_ios_tw-en_pros_trial_ongoing_scaling2,marketplace,0.64,351,1,0,0,0,0.0,0,0,0.0,63,0
120249089572460167,tw_meta_standard_ios_tw-en_pros_trial_ongoing_scaling2,search,0.09,10,0,0,0,0,0.0,0,0,0.0,2,0
120249089633250167,tw_meta_standard_ios_tw-en_pros_trial_ongoing_winning,an_classic,0.26,22,3,0,0,0,0.0,0,0,0.0,19,1
120249089633250167,tw_meta_standard_ios_tw-en_pros_trial_ongoing_winning,facebook_reels,257.47,54072,2111,23,5,1,1.54,0,0,0.0,21954,963
120249089633250167,tw_meta_standard_ios_tw-en_pros_trial_ongoing_winning,facebook_reels_overlay,0.03,12,0,0,0,0,0.0,0,0,0.0,0,0
120249089633250167,tw_meta_standard_ios_tw-en_pros_trial_ongoing_winning,facebook_stories,6.67,763,16,0,0,0,0.0,0,0,0.0,179,0
120249089633250167,tw_meta_standard_ios_tw-en_pros_trial_ongoing_winning,feed,96.64,11310,320,11,2,1,1.63,0,0,0.0,4932,310
120249089633250167,tw_meta_standard_ios_tw-en_pros_trial_ongoing_winning,instagram_reels,183.99,25145,981,24,9,1,1.53,0,0,0.0,8025,363
120249089633250167,tw_meta_standard_ios_tw-en_pros_trial_ongoing_winning,instagram_stories,148.63,36746,897,3,0,0,0.0,0,0,0.0,2619,236
120249089633250167,tw_meta_standard_ios_tw-en_pros_trial_ongoing_winning,instream_video,1.85,322,7,0,0,0,0.0,0,0,0.0,134,0
120249089633250167,tw_meta_standard_ios_tw-en_pros_trial_ongoing_winning,marketplace,0.08,47,0,0,0,0,0.0,0,0,0.0,9,0
120249089633250167,tw_meta_standard_ios_tw-en_pros_trial_ongoing_winning,search,0.02,8,0,0,0,0,0.0,0,0,0.0,1,0
120249105317450167,tw_meta_standard_ios_tw-en_pros_trial_ongoing_winning,an_classic,0.31,30,5,0,0,0,0.0,0,0,0.0,23,2
120249105317450167,tw_meta_standard_ios_tw-en_pros_trial_ongoing_winning,facebook_reels,43.38,13160,190,0,0,0,0.0,0,0,0.0,5169,73
120249105317450167,tw_meta_standard_ios_tw-en_pros_trial_ongoing_winning,facebook_reels_overlay,0.01,12,0,0,0,0,0.0,0,0,0.0,0,0
120249105317450167,tw_meta_standard_ios_tw-en_pros_trial_ongoing_winning,facebook_stories,49.99,6147,169,2,2,0,0.0,0,0,0.0,2807,28
120249105317450167,tw_meta_standard_ios_tw-en_pros_trial_ongoing_winning,feed,400.64,118649,3218,16,7,3,4.6,0,0,0.0,33153,386
120249105317450167,tw_meta_standard_ios_tw-en_pros_trial_ongoing_winning,instagram_explore_grid_home,0.22,134,0,0,0,0,0.0,0,0,0.0,86,1
120249105317450167,tw_meta_standard_ios_tw-en_pros_trial_ongoing_winning,instagram_reels,31.24,8253,375,2,0,0,0.0,0,0,0.0,3228,14
120249105317450167,tw_meta_standard_ios_tw-en_pros_trial_ongoing_winning,instagram_stories,292.24,63265,1419,11,5,0,0.0,0,0,0.0,11723,394
120249105317450167,tw_meta_standard_ios_tw-en_pros_trial_ongoing_winning,instream_video,0.36,37,2,0,0,0,0.0,0,0,0.0,21,0
120249105317450167,tw_meta_standard_ios_tw-en_pros_trial_ongoing_winning,marketplace,0.32,106,1,0,0,0,0.0,0,0,0.0,31,2
120249105317450167,tw_meta_standard_ios_tw-en_pros_trial_ongoing_winning,search,0.04,14,0,0,0,0,0.0,0,0,0.0,6,0
120249105317450167,tw_meta_standard_ios_tw-en_pros_trial_ongoing_winning,unknown,155.74,38999,1035,0,0,0,0.0,0,0,0.0,1,0
120249105347140167,tw_meta_standard_ios_tw-en_pros_trial_ongoing_scaling2,an_classic,19.04,2616,279,4,2,1,1.77,0,0,0.0,1750,146
120249105347140167,tw_meta_standard_ios_tw-en_pros_trial_ongoing_scaling2,facebook_profile_feed,98.58,24405,162,0,0,0,0.0,0,0,0.0,3959,52
120249105347140167,tw_meta_standard_ios_tw-en_pros_trial_ongoing_scaling2,facebook_reels,2148.69,599953,2527,183,124,52,85.97,0,0,0.0,173464,2945
120249105347140167,tw_meta_standard_ios_tw-en_pros_trial_ongoing_scaling2,facebook_reels_overlay,15.46,10222,73,0,0,0,0.0,0,0,0.0,1,0
120249105347140167,tw_meta_standard_ios_tw-en_pros_trial_ongoing_scaling2,facebook_stories,835.15,113236,3309,35,12,7,11.49,0,0,0.0,28687,2437
120249105347140167,tw_meta_standard_ios_tw-en_pros_trial_ongoing_scaling2,feed,8367.56,2671863,25205,303,178,55,90.89,0,0,0.0,513184,11432
120249105347140167,tw_meta_standard_ios_tw-en_pros_trial_ongoing_scaling2,instagram_explore_grid_home,1.45,1064,0,0,0,0,0.0,0,0,0.0,747,21
120249105347140167,tw_meta_standard_ios_tw-en_pros_trial_ongoing_scaling2,instagram_reels,4909.87,970903,6143,270,159,68,112.1,0,0,0.0,281143,3975
120249105347140167,tw_meta_standard_ios_tw-en_pros_trial_ongoing_scaling2,instagram_search,0.0,3,0,0,0,0,0.0,0,0,0.0,0,0
120249105347140167,tw_meta_standard_ios_tw-en_pros_trial_ongoing_scaling2,instagram_stories,1835.11,426991,4852,67,36,17,27.61,0,0,0.0,47184,3142
120249105347140167,tw_meta_standard_ios_tw-en_pros_trial_ongoing_scaling2,instream_video,130.36,21071,582,2,2,0,0.0,0,0,0.0,11013,217
120249105347140167,tw_meta_standard_ios_tw-en_pros_trial_ongoing_scaling2,marketplace,13.15,5088,38,0,0,0,0.0,0,0,0.0,1011,17
120249105347140167,tw_meta_standard_ios_tw-en_pros_trial_ongoing_scaling2,rewarded_video,68.28,9504,1400,2,0,0,0.0,0,0,0.0,9337,5304
120249105347140167,tw_meta_standard_ios_tw-en_pros_trial_ongoing_scaling2,search,4.38,651,8,0,0,0,0.0,0,0,0.0,107,2
120249105347140167,tw_meta_standard_ios_tw-en_pros_trial_ongoing_scaling2,threads_feed,865.37,556886,394,13,5,3,4.95,0,0,0.0,74933,1513
120249105347140167,tw_meta_standard_ios_tw-en_pros_trial_ongoing_scaling2,unknown,651.32,186102,1617,0,0,0,0.0,0,0,0.0,19,1
120249114098820167,tw_meta_standard_ios_tw-en_pros_trial_ongoing_winning,facebook_reels,652.05,173535,8070,15,9,2,3.09,0,0,0.0,73721,415
120249114098820167,tw_meta_standard_ios_tw-en_pros_trial_ongoing_winning,facebook_reels_overlay,0.04,15,0,0,0,0,0.0,0,0,0.0,0,0
120249114098820167,tw_meta_standard_ios_tw-en_pros_trial_ongoing_winning,facebook_stories,5.9,978,13,0,0,0,0.0,0,0,0.0,170,3
120249114098820167,tw_meta_standard_ios_tw-en_pros_trial_ongoing_winning,feed,63.16,13423,240,2,0,0,0.0,0,0,0.0,5620,45
120249114098820167,tw_meta_standard_ios_tw-en_pros_trial_ongoing_winning,instagram_reels,11.62,2283,56,0,0,0,0.0,0,0,0.0,754,2
120249114098820167,tw_meta_standard_ios_tw-en_pros_trial_ongoing_winning,instagram_stories,80.08,22071,624,1,0,0,0.0,0,0,0.0,2045,37
120249114098820167,tw_meta_standard_ios_tw-en_pros_trial_ongoing_winning,instream_video,0.41,96,2,0,0,0,0.0,0,0,0.0,41,0
120249114098820167,tw_meta_standard_ios_tw-en_pros_trial_ongoing_winning,marketplace,0.52,184,1,0,0,0,0.0,0,0,0.0,48,2
120249114098820167,tw_meta_standard_ios_tw-en_pros_trial_ongoing_winning,search,0.04,43,2,0,0,0,0.0,0,0,0.0,11,0
120249135201100167,tw_meta_standard_ios_tw-en_pros_trial_ongoing_winning,an_classic,4.55,403,35,0,0,0,0.0,0,0,0.0,275,16
120249135201100167,tw_meta_standard_ios_tw-en_pros_trial_ongoing_winning,facebook_reels,73.48,23191,412,4,2,0,0.0,0,0,0.0,9399,129
120249135201100167,tw_meta_standard_ios_tw-en_pros_trial_ongoing_winning,facebook_reels_overlay,0.07,37,0,0,0,0,0.0,0,0,0.0,0,0
120249135201100167,tw_meta_standard_ios_tw-en_pros_trial_ongoing_winning,facebook_stories,115.06,14607,496,2,1,0,0.0,0,0,0.0,6393,76
120249135201100167,tw_meta_standard_ios_tw-en_pros_trial_ongoing_winning,feed,1081.12,326475,8344,12,3,0,0.0,0,0,0.0,83889,945
120249135201100167,tw_meta_standard_ios_tw-en_pros_trial_ongoing_winning,instagram_explore_grid_home,0.34,275,1,0,0,0,0.0,0,0,0.0,178,2
120249135201100167,tw_meta_standard_ios_tw-en_pros_trial_ongoing_winning,instagram_reels,44.9,12332,658,0,0,0,0.0,0,0,0.0,4674,33
120249135201100167,tw_meta_standard_ios_tw-en_pros_trial_ongoing_winning,instagram_stories,478.79,108531,2533,15,6,1,1.48,0,0,0.0,17947,594
120249135201100167,tw_meta_standard_ios_tw-en_pros_trial_ongoing_winning,instream_video,1.13,176,5,0,0,0,0.0,0,0,0.0,92,0
120249135201100167,tw_meta_standard_ios_tw-en_pros_trial_ongoing_winning,marketplace,1.03,368,4,0,0,0,0.0,0,0,0.0,75,2
120249135201100167,tw_meta_standard_ios_tw-en_pros_trial_ongoing_winning,search,0.2,39,1,0,0,0,0.0,0,0,0.0,11,0
120249176070740167,tw_meta_standard_ios_tw-en_pros_purchase_ongoing_no-disc_testing,an_classic,5.35,420,47,0,0,0,0.0,0,0,0.0,341,18
120249176070740167,tw_meta_standard_ios_tw-en_pros_purchase_ongoing_no-disc_testing,facebook_reels,54.93,15535,305,3,5,3,7.34,0,0,0.0,2844,85
120249176070740167,tw_meta_standard_ios_tw-en_pros_purchase_ongoing_no-disc_testing,facebook_reels_overlay,0.16,147,2,0,0,0,0.0,0,0,0.0,0,0
120249176070740167,tw_meta_standard_ios_tw-en_pros_purchase_ongoing_no-disc_testing,facebook_stories,16.85,2958,65,0,0,0,0.0,0,0,0.0,302,50
120249176070740167,tw_meta_standard_ios_tw-en_pros_purchase_ongoing_no-disc_testing,feed,18.0,3137,29,1,0,1,2.45,0,0,0.0,861,29
120249176070740167,tw_meta_standard_ios_tw-en_pros_purchase_ongoing_no-disc_testing,instagram_reels,14.86,2535,36,0,0,0,0.0,0,0,0.0,341,8
120249176070740167,tw_meta_standard_ios_tw-en_pros_purchase_ongoing_no-disc_testing,instagram_stories,25.34,6160,134,0,0,0,0.0,0,0,0.0,234,21
120249176070740167,tw_meta_standard_ios_tw-en_pros_purchase_ongoing_no-disc_testing,instream_video,2.1,584,8,0,0,0,0.0,0,0,0.0,200,3
120249176070740167,tw_meta_standard_ios_tw-en_pros_purchase_ongoing_no-disc_testing,marketplace,0.02,6,0,0,0,0,0.0,0,0,0.0,1,0
120249176070740167,tw_meta_standard_ios_tw-en_pros_purchase_ongoing_no-disc_testing,rewarded_video,18.05,1698,207,1,0,0,0.0,0,0,0.0,1670,449
120249176070740167,tw_meta_standard_ios_tw-en_pros_purchase_ongoing_no-disc_testing,search,0.12,71,2,0,0,0,0.0,0,0,0.0,24,1
120249176071730167,tw_meta_standard_ios_tw-en_pros_purchase_ongoing_no-disc_testing,an_classic,1.24,56,5,0,0,0,0.0,0,0,0.0,48,4
120249176071730167,tw_meta_standard_ios_tw-en_pros_purchase_ongoing_no-disc_testing,facebook_reels,79.9,24206,242,21,14,5,11.24,0,0,0.0,3782,164
120249176071730167,tw_meta_standard_ios_tw-en_pros_purchase_ongoing_no-disc_testing,facebook_reels_overlay,0.05,24,1,0,0,0,0.0,0,0,0.0,0,0
120249176071730167,tw_meta_standard_ios_tw-en_pros_purchase_ongoing_no-disc_testing,facebook_stories,13.29,2529,26,2,0,0,0.0,0,0,0.0,233,39
120249176071730167,tw_meta_standard_ios_tw-en_pros_purchase_ongoing_no-disc_testing,feed,54.86,12720,155,12,10,3,7.12,0,0,0.0,3439,100
120249176071730167,tw_meta_standard_ios_tw-en_pros_purchase_ongoing_no-disc_testing,instagram_reels,103.65,28426,306,21,14,2,4.51,0,0,0.0,4251,103
120249176071730167,tw_meta_standard_ios_tw-en_pros_purchase_ongoing_no-disc_testing,instagram_stories,33.8,8059,112,8,4,2,4.62,0,0,0.0,496,51
120249176071730167,tw_meta_standard_ios_tw-en_pros_purchase_ongoing_no-disc_testing,instream_video,1.16,197,3,0,0,0,0.0,0,0,0.0,62,0
120249176071730167,tw_meta_standard_ios_tw-en_pros_purchase_ongoing_no-disc_testing,marketplace,0.01,5,0,0,0,0,0.0,0,0,0.0,0,0
120249176071730167,tw_meta_standard_ios_tw-en_pros_purchase_ongoing_no-disc_testing,rewarded_video,3.99,301,29,0,0,0,0.0,0,0,0.0,293,124
120249176071730167,tw_meta_standard_ios_tw-en_pros_purchase_ongoing_no-disc_testing,search,0.01,9,0,0,0,0,0.0,0,0,0.0,1,0
120249176072350167,tw_meta_standard_ios_tw-en_pros_purchase_ongoing_no-disc_testing,an_classic,2.16,167,27,0,0,0,0.0,0,0,0.0,121,6
120249176072350167,tw_meta_standard_ios_tw-en_pros_purchase_ongoing_no-disc_testing,biz_disco_feed,0.0,1,0,0,0,0,0.0,0,0,0.0,0,0
120249176072350167,tw_meta_standard_ios_tw-en_pros_purchase_ongoing_no-disc_testing,facebook_reels,20.42,10817,71,0,0,0,0.0,0,0,0.0,1327,27
120249176072350167,tw_meta_standard_ios_tw-en_pros_purchase_ongoing_no-disc_testing,facebook_reels_overlay,1.64,1682,15,0,0,0,0.0,0,0,0.0,0,0
120249176072350167,tw_meta_standard_ios_tw-en_pros_purchase_ongoing_no-disc_testing,facebook_stories,45.9,7960,178,2,1,0,0.0,0,0,0.0,830,115
120249176072350167,tw_meta_standard_ios_tw-en_pros_purchase_ongoing_no-disc_testing,feed,73.38,35842,233,1,0,0,0.0,0,0,0.0,5955,107
120249176072350167,tw_meta_standard_ios_tw-en_pros_purchase_ongoing_no-disc_testing,instagram_reels,4.07,698,6,0,0,0,0.0,0,0,0.0,67,1
120249176072350167,tw_meta_standard_ios_tw-en_pros_purchase_ongoing_no-disc_testing,instagram_stories,53.03,16877,170,3,2,3,6.16,0,0,0.0,1159,138
120249176072350167,tw_meta_standard_ios_tw-en_pros_purchase_ongoing_no-disc_testing,instream_video,17.98,4939,110,2,1,0,0.0,0,0,0.0,1781,28
120249176072350167,tw_meta_standard_ios_tw-en_pros_purchase_ongoing_no-disc_testing,marketplace,0.15,87,0,0,0,0,0.0,0,0,0.0,12,0
120249176072350167,tw_meta_standard_ios_tw-en_pros_purchase_ongoing_no-disc_testing,rewarded_video,9.61,921,124,0,0,0,0.0,0,0,0.0,910,173
120249176072350167,tw_meta_standard_ios_tw-en_pros_purchase_ongoing_no-disc_testing,search,0.11,14,1,0,0,0,0.0,0,0,0.0,1,0
120249176072690167,tw_meta_standard_ios_tw-en_pros_purchase_ongoing_no-disc_testing,an_classic,4.08,253,40,0,0,0,0.0,0,0,0.0,176,10
120249176072690167,tw_meta_standard_ios_tw-en_pros_purchase_ongoing_no-disc_testing,biz_disco_feed,0.0,1,0,0,0,0,0.0,0,0,0.0,0,0
120249176072690167,tw_meta_standard_ios_tw-en_pros_purchase_ongoing_no-disc_testing,facebook_reels,80.19,36822,183,0,0,0,0.0,0,0,0.0,4003,109
120249176072690167,tw_meta_standard_ios_tw-en_pros_purchase_ongoing_no-disc_testing,facebook_reels_overlay,8.71,7933,44,0,0,0,0.0,0,0,0.0,0,0
120249176072690167,tw_meta_standard_ios_tw-en_pros_purchase_ongoing_no-disc_testing,facebook_stories,146.0,22011,531,1,0,1,1.94,0,0,0.0,2487,349
120249176072690167,tw_meta_standard_ios_tw-en_pros_purchase_ongoing_no-disc_testing,feed,123.55,60706,306,2,1,1,1.94,0,0,0.0,7506,175
120249176072690167,tw_meta_standard_ios_tw-en_pros_purchase_ongoing_no-disc_testing,instagram_explore_grid_home,0.0,8,0,0,0,0,0.0,0,0,0.0,7,0
120249176072690167,tw_meta_standard_ios_tw-en_pros_purchase_ongoing_no-disc_testing,instagram_reels,7.1,1255,4,0,0,0,0.0,0,0,0.0,129,3
120249176072690167,tw_meta_standard_ios_tw-en_pros_purchase_ongoing_no-disc_testing,instream_video,38.13,8602,212,1,1,0,0.0,0,0,0.0,4230,64
120249176072690167,tw_meta_standard_ios_tw-en_pros_purchase_ongoing_no-disc_testing,marketplace,0.22,115,0,0,0,0,0.0,0,0,0.0,15,0
120249176072690167,tw_meta_standard_ios_tw-en_pros_purchase_ongoing_no-disc_testing,rewarded_video,18.16,1186,273,0,0,0,0.0,0,0,0.0,1163,202
120249176072690167,tw_meta_standard_ios_tw-en_pros_purchase_ongoing_no-disc_testing,search,0.22,18,0,0,0,0,0.0,0,0,0.0,2,0
120249176075550167,tw_meta_standard_ios_tw-en_pros_purchase_ongoing_no-disc_testing,facebook_reels,563.32,189545,10065,34,18,5,11.96,0,0,0.0,82403,271
120249176075550167,tw_meta_standard_ios_tw-en_pros_purchase_ongoing_no-disc_testing,facebook_reels_overlay,0.05,40,0,0,0,0,0.0,0,0,0.0,0,0
120249176075550167,tw_meta_standard_ios_tw-en_pros_purchase_ongoing_no-disc_testing,facebook_stories,1.43,249,3,0,0,0,0.0,0,0,0.0,55,0
120249176075550167,tw_meta_standard_ios_tw-en_pros_purchase_ongoing_no-disc_testing,feed,376.38,91633,1950,19,10,5,12.0,0,0,0.0,36997,177
120249176075550167,tw_meta_standard_ios_tw-en_pros_purchase_ongoing_no-disc_testing,instagram_reels,173.12,36737,1381,19,14,5,11.85,0,1,0.0,14021,37
120249176075550167,tw_meta_standard_ios_tw-en_pros_purchase_ongoing_no-disc_testing,instagram_stories,318.86,73177,1794,22,15,6,14.07,0,0,0.0,12640,142
120249176075550167,tw_meta_standard_ios_tw-en_pros_purchase_ongoing_no-disc_testing,instream_video,0.63,131,2,0,0,0,0.0,0,0,0.0,53,0
120249176075550167,tw_meta_standard_ios_tw-en_pros_purchase_ongoing_no-disc_testing,marketplace,0.22,97,2,0,0,0,0.0,0,0,0.0,26,0
120249176075550167,tw_meta_standard_ios_tw-en_pros_purchase_ongoing_no-disc_testing,search,0.1,34,0,0,0,0,0.0,0,0,0.0,8,0
120249176077580167,tw_meta_standard_ios_tw-en_pros_purchase_ongoing_no-disc_testing,biz_disco_feed,0.0,1,0,0,0,0,0.0,0,0,0.0,0,0
120249176077580167,tw_meta_standard_ios_tw-en_pros_purchase_ongoing_no-disc_testing,facebook_reels,746.29,217172,2703,46,26,10,21.12,0,0,0.0,28017,240
120249176077580167,tw_meta_standard_ios_tw-en_pros_purchase_ongoing_no-disc_testing,facebook_reels_overlay,16.53,13833,81,0,0,0,0.0,0,0,0.0,0,0
120249176077580167,tw_meta_standard_ios_tw-en_pros_purchase_ongoing_no-disc_testing,facebook_stories,7.42,1130,27,2,2,2,3.92,0,0,0.0,128,7
120249176077580167,tw_meta_standard_ios_tw-en_pros_purchase_ongoing_no-disc_testing,feed,878.24,211695,1713,59,41,23,46.1,0,1,0.0,52400,247
120249176077580167,tw_meta_standard_ios_tw-en_pros_purchase_ongoing_no-disc_testing,instagram_reels,291.48,62199,707,39,21,4,8.08,0,0,0.0,7883,27
120249176077580167,tw_meta_standard_ios_tw-en_pros_purchase_ongoing_no-disc_testing,instagram_stories,1655.15,461298,8500,24,12,5,9.78,0,0,0.0,16516,801
120249176077580167,tw_meta_standard_ios_tw-en_pros_purchase_ongoing_no-disc_testing,instream_video,11.54,1453,41,0,0,0,0.0,0,0,0.0,676,3
120249176077580167,tw_meta_standard_ios_tw-en_pros_purchase_ongoing_no-disc_testing,marketplace,3.51,1405,20,0,0,0,0.0,0,0,0.0,220,2
120249176077580167,tw_meta_standard_ios_tw-en_pros_purchase_ongoing_no-disc_testing,search,4.1,985,15,0,0,0,0.0,0,0,0.0,279,1
120249190061250167,tw_meta_standard_ios_tw-en_pros_trial_ongoing_winning,an_classic,4.01,291,20,0,0,0,0.0,0,0,0.0,208,9
120249190061250167,tw_meta_standard_ios_tw-en_pros_trial_ongoing_winning,facebook_reels,56.22,10983,469,2,0,0,0.0,0,0,0.0,3376,36
120249190061250167,tw_meta_standard_ios_tw-en_pros_trial_ongoing_winning,facebook_reels_overlay,0.07,42,0,0,0,0,0.0,0,0,0.0,0,0
120249190061250167,tw_meta_standard_ios_tw-en_pros_trial_ongoing_winning,facebook_stories,59.63,8783,187,1,1,2,2.95,0,0,0.0,1521,59
120249190061250167,tw_meta_standard_ios_tw-en_pros_trial_ongoing_winning,feed,214.28,69129,717,3,2,0,0.0,0,0,0.0,8825,187
120249190061250167,tw_meta_standard_ios_tw-en_pros_trial_ongoing_winning,instagram_explore_grid_home,0.05,14,0,0,0,0,0.0,0,0,0.0,11,0
120249190061250167,tw_meta_standard_ios_tw-en_pros_trial_ongoing_winning,instagram_reels,11.05,1149,30,0,0,0,0.0,0,0,0.0,383,5
120249190061250167,tw_meta_standard_ios_tw-en_pros_trial_ongoing_winning,instagram_stories,32.45,5126,83,0,0,0,0.0,0,0,0.0,534,64
120249190061250167,tw_meta_standard_ios_tw-en_pros_trial_ongoing_winning,instream_video,3.92,640,11,0,0,0,0.0,0,0,0.0,265,1
120249190061250167,tw_meta_standard_ios_tw-en_pros_trial_ongoing_winning,marketplace,0.07,21,0,0,0,0,0.0,0,0,0.0,5,0
120249190061250167,tw_meta_standard_ios_tw-en_pros_trial_ongoing_winning,search,1.0,454,6,0,0,0,0.0,0,0,0.0,96,0
120249242631140167,tw_meta_standard_ios_tw-en_pros_trial_ongoing_scaling2,biz_disco_feed,0.0,1,0,0,0,0,0.0,0,0,0.0,0,0
120249242631140167,tw_meta_standard_ios_tw-en_pros_trial_ongoing_scaling2,facebook_profile_feed,0.27,83,0,0,0,0,0.0,0,0,0.0,23,0
120249242631140167,tw_meta_standard_ios_tw-en_pros_trial_ongoing_scaling2,facebook_reels,1172.74,368397,13049,51,27,11,18.19,0,0,0.0,140343,489
120249242631140167,tw_meta_standard_ios_tw-en_pros_trial_ongoing_scaling2,facebook_reels_overlay,0.52,320,1,0,0,0,0.0,0,0,0.0,0,0
120249242631140167,tw_meta_standard_ios_tw-en_pros_trial_ongoing_scaling2,feed,931.2,287946,3525,31,15,7,11.6,0,0,0.0,95573,336
120249242631140167,tw_meta_standard_ios_tw-en_pros_trial_ongoing_scaling2,instagram_reels,255.97,53756,1472,28,18,5,8.14,0,0,0.0,19966,58
120249242631140167,tw_meta_standard_ios_tw-en_pros_trial_ongoing_scaling2,instagram_stories,1178.87,351092,7290,47,27,9,14.86,0,1,0.0,31679,475
120249242631140167,tw_meta_standard_ios_tw-en_pros_trial_ongoing_scaling2,instream_video,3.58,652,23,0,0,0,0.0,0,0,0.0,264,0
120249242631140167,tw_meta_standard_ios_tw-en_pros_trial_ongoing_scaling2,marketplace,0.42,173,3,0,0,0,0.0,0,0,0.0,44,0
120249242631140167,tw_meta_standard_ios_tw-en_pros_trial_ongoing_scaling2,search,0.03,39,0,0,0,0,0.0,0,0,0.0,13,0
120249242631140167,tw_meta_standard_ios_tw-en_pros_trial_ongoing_scaling2,unknown,0.0,1,0,0,0,0,0.0,0,0,0.0,4,0
120249242654880167,tw_meta_standard_ios_tw-en_pros_trial_ongoing_scaling2,an_classic,203.97,23793,5618,4,3,0,0.0,0,0,0.0,17728,1153
120249242654880167,tw_meta_standard_ios_tw-en_pros_trial_ongoing_scaling2,biz_disco_feed,0.04,10,1,0,0,0,0.0,0,0,0.0,4,1
120249242654880167,tw_meta_standard_ios_tw-en_pros_trial_ongoing_scaling2,facebook_notification,16.79,2656,21,0,0,0,0.0,0,0,0.0,0,0
120249242654880167,tw_meta_standard_ios_tw-en_pros_trial_ongoing_scaling2,facebook_profile_feed,0.24,89,0,0,0,0,0.0,0,0,0.0,12,0
120249242654880167,tw_meta_standard_ios_tw-en_pros_trial_ongoing_scaling2,facebook_reels,12581.95,3028165,23197,1009,643,174,282.55,3,8,0.0,547596,16711
120249242654880167,tw_meta_standard_ios_tw-en_pros_trial_ongoing_scaling2,facebook_reels_overlay,25.07,14150,100,0,0,0,0.0,0,0,0.0,0,0
120249242654880167,tw_meta_standard_ios_tw-en_pros_trial_ongoing_scaling2,facebook_stories,1773.25,254997,3854,80,43,14,25.52,1,1,0.0,29942,4951
120249242654880167,tw_meta_standard_ios_tw-en_pros_trial_ongoing_scaling2,feed,8886.08,1746754,11495,558,364,114,193.44,2,6,0.0,470329,12213
120249242654880167,tw_meta_standard_ios_tw-en_pros_trial_ongoing_scaling2,instagram_reels,9152.27,1735236,10903,613,389,135,225.25,1,6,0.0,273351,6634
120249242654880167,tw_meta_standard_ios_tw-en_pros_trial_ongoing_scaling2,instagram_stories,4020.29,782223,13781,196,124,50,85.21,2,5,0.0,43913,4609
120249242654880167,tw_meta_standard_ios_tw-en_pros_trial_ongoing_scaling2,instream_video,564.94,59602,1539,25,12,7,12.4,1,1,0.0,35084,831
120249242654880167,tw_meta_standard_ios_tw-en_pros_trial_ongoing_scaling2,marketplace,47.1,19854,86,2,2,1,1.72,0,1,0.0,3383,55
120249242654880167,tw_meta_standard_ios_tw-en_pros_trial_ongoing_scaling2,rewarded_video,404.68,55488,14358,10,4,1,1.72,0,0,0.0,54782,21133
120249242654880167,tw_meta_standard_ios_tw-en_pros_trial_ongoing_scaling2,search,49.93,12494,115,3,1,0,0.0,0,0,0.0,2872,48
120249248763350167,tw_meta_standard_ios_tw-en_pros_trial_ongoing_winning,facebook_reels,8.46,1914,69,0,0,0,0.0,0,0,0.0,537,5
120249248763350167,tw_meta_standard_ios_tw-en_pros_trial_ongoing_winning,facebook_reels_overlay,0.0,1,0,0,0,0,0.0,0,0,0.0,0,0
120249248763350167,tw_meta_standard_ios_tw-en_pros_trial_ongoing_winning,facebook_stories,3.32,408,11,0,0,0,0.0,0,0,0.0,84,4
120249248763350167,tw_meta_standard_ios_tw-en_pros_trial_ongoing_winning,feed,8.44,2683,35,0,0,0,0.0,0,0,0.0,417,10
120249248763350167,tw_meta_standard_ios_tw-en_pros_trial_ongoing_winning,instagram_explore_grid_home,0.0,1,0,0,0,0,0.0,0,0,0.0,1,1
120249248763350167,tw_meta_standard_ios_tw-en_pros_trial_ongoing_winning,instagram_reels,1.33,165,1,0,0,0,0.0,0,0,0.0,58,1
120249248763350167,tw_meta_standard_ios_tw-en_pros_trial_ongoing_winning,instagram_stories,3.15,453,5,0,0,0,0.0,0,0,0.0,56,11
120249248763350167,tw_meta_standard_ios_tw-en_pros_trial_ongoing_winning,instream_video,0.21,28,0,0,0,0,0.0,0,0,0.0,12,0
120249248763350167,tw_meta_standard_ios_tw-en_pros_trial_ongoing_winning,marketplace,0.03,2,0,0,0,0,0.0,0,0,0.0,2,0
120249248763350167,tw_meta_standard_ios_tw-en_pros_trial_ongoing_winning,search,0.46,42,2,0,0,0,0.0,0,0,0.0,11,0
120249315126190167,tw_meta_standard_ios_tw-en_pros_trial_ongoing_scaling2,facebook_profile_feed,0.8,87,0,0,0,0,0.0,0,0,0.0,11,0
120249315126190167,tw_meta_standard_ios_tw-en_pros_trial_ongoing_scaling2,facebook_reels,732.58,169953,1819,45,26,9,14.34,2,2,0.0,26107,233
120249315126190167,tw_meta_standard_ios_tw-en_pros_trial_ongoing_scaling2,facebook_reels_overlay,38.48,30045,167,0,0,0,0.0,0,0,0.0,0,0
120249315126190167,tw_meta_standard_ios_tw-en_pros_trial_ongoing_scaling2,feed,835.54,222974,1638,53,37,20,32.19,0,1,0.0,51323,226
120249315126190167,tw_meta_standard_ios_tw-en_pros_trial_ongoing_scaling2,instagram_reels,318.67,58541,535,21,11,3,4.73,0,0,0.0,7454,35
120249315126190167,tw_meta_standard_ios_tw-en_pros_trial_ongoing_scaling2,instagram_stories,1083.75,299218,5550,15,14,4,6.34,0,0,0.0,11539,629
120249315126190167,tw_meta_standard_ios_tw-en_pros_trial_ongoing_scaling2,instream_video,64.73,8450,244,1,1,0,0.0,0,0,0.0,4279,30
120249315126190167,tw_meta_standard_ios_tw-en_pros_trial_ongoing_scaling2,marketplace,6.47,2881,14,0,0,0,0.0,0,0,0.0,585,2
120249315126190167,tw_meta_standard_ios_tw-en_pros_trial_ongoing_scaling2,search,2.23,481,7,0,0,0,0.0,0,0,0.0,125,0
120249469567010167,tw_meta_standard_ios_tw-en_pros_purchase_ongoing_no-disc_testing,an_classic,17.41,1470,328,2,0,0,0.0,0,0,0.0,1119,43
120249469567010167,tw_meta_standard_ios_tw-en_pros_purchase_ongoing_no-disc_testing,facebook_notification,0.31,65,2,0,0,0,0.0,0,0,0.0,0,0
120249469567010167,tw_meta_standard_ios_tw-en_pros_purchase_ongoing_no-disc_testing,facebook_profile_feed,2.41,692,2,0,0,0,0.0,0,0,0.0,65,0
120249469567010167,tw_meta_standard_ios_tw-en_pros_purchase_ongoing_no-disc_testing,facebook_reels,605.02,131457,719,55,36,18,44.31,0,0,0.0,23373,334
120249469567010167,tw_meta_standard_ios_tw-en_pros_purchase_ongoing_no-disc_testing,facebook_reels_overlay,0.81,578,3,0,0,0,0.0,0,0,0.0,0,0
120249469567010167,tw_meta_standard_ios_tw-en_pros_purchase_ongoing_no-disc_testing,facebook_stories,108.33,11679,362,5,3,0,0.0,0,0,0.0,2163,207
120249469567010167,tw_meta_standard_ios_tw-en_pros_purchase_ongoing_no-disc_testing,feed,338.24,67125,517,15,9,3,7.84,0,0,0.0,10941,158
120249469567010167,tw_meta_standard_ios_tw-en_pros_purchase_ongoing_no-disc_testing,instagram_explore_grid_home,0.01,13,0,0,0,0,0.0,0,0,0.0,10,0
120249469567010167,tw_meta_standard_ios_tw-en_pros_purchase_ongoing_no-disc_testing,instagram_reels,493.86,103364,281,39,27,10,23.14,0,1,0.0,18264,146
120249469567010167,tw_meta_standard_ios_tw-en_pros_purchase_ongoing_no-disc_testing,instagram_stories,128.61,22447,305,6,7,3,7.53,0,1,0.0,1523,154
120249469567010167,tw_meta_standard_ios_tw-en_pros_purchase_ongoing_no-disc_testing,instream_video,52.77,7626,186,1,1,0,0.0,0,0,0.0,3978,96
120249469567010167,tw_meta_standard_ios_tw-en_pros_purchase_ongoing_no-disc_testing,marketplace,9.9,3916,33,0,0,0,0.0,0,0,0.0,717,8
120249469567010167,tw_meta_standard_ios_tw-en_pros_purchase_ongoing_no-disc_testing,rewarded_video,35.68,3801,982,1,0,0,0.0,0,0,0.0,3740,748
120249469567010167,tw_meta_standard_ios_tw-en_pros_purchase_ongoing_no-disc_testing,search,2.87,498,1,0,0,0,0.0,0,0,0.0,86,0
120249469567010167,tw_meta_standard_ios_tw-en_pros_purchase_ongoing_no-disc_testing,threads_feed,9.08,7351,2,0,0,0,0.0,0,0,0.0,2461,19
120249469567030167,tw_meta_standard_ios_tw-en_pros_purchase_ongoing_no-disc_testing,an_classic,1.39,186,27,0,0,0,0.0,0,0,0.0,123,7
120249469567030167,tw_meta_standard_ios_tw-en_pros_purchase_ongoing_no-disc_testing,biz_disco_feed,0.01,2,0,0,0,0,0.0,0,0,0.0,1,0
120249469567030167,tw_meta_standard_ios_tw-en_pros_purchase_ongoing_no-disc_testing,facebook_profile_feed,0.98,292,2,0,0,0,0.0,0,0,0.0,23,0
120249469567030167,tw_meta_standard_ios_tw-en_pros_purchase_ongoing_no-disc_testing,facebook_reels,27.22,7029,39,0,0,0,0.0,0,0,0.0,995,36
120249469567030167,tw_meta_standard_ios_tw-en_pros_purchase_ongoing_no-disc_testing,facebook_reels_overlay,0.47,278,1,0,0,0,0.0,0,0,0.0,0,0
120249469567030167,tw_meta_standard_ios_tw-en_pros_purchase_ongoing_no-disc_testing,facebook_stories,20.44,2374,98,0,0,0,0.0,0,0,0.0,348,38
120249469567030167,tw_meta_standard_ios_tw-en_pros_purchase_ongoing_no-disc_testing,feed,55.99,14489,170,1,0,0,0.0,0,0,0.0,1902,44
120249469567030167,tw_meta_standard_ios_tw-en_pros_purchase_ongoing_no-disc_testing,instagram_explore_grid_home,0.01,7,0,0,0,0,0.0,0,0,0.0,4,0
120249469567030167,tw_meta_standard_ios_tw-en_pros_purchase_ongoing_no-disc_testing,instagram_reels,18.48,3333,6,0,0,0,0.0,0,0,0.0,316,6
120249469567030167,tw_meta_standard_ios_tw-en_pros_purchase_ongoing_no-disc_testing,instagram_stories,15.15,3761,77,0,0,0,0.0,0,0,0.0,288,37
120249469567030167,tw_meta_standard_ios_tw-en_pros_purchase_ongoing_no-disc_testing,instream_video,15.95,2768,76,2,0,0,0.0,0,0,0.0,1425,29
120249469567030167,tw_meta_standard_ios_tw-en_pros_purchase_ongoing_no-disc_testing,marketplace,0.11,67,0,0,0,0,0.0,0,0,0.0,16,0
120249469567030167,tw_meta_standard_ios_tw-en_pros_purchase_ongoing_no-disc_testing,rewarded_video,3.91,749,123,0,0,0,0.0,0,0,0.0,736,170
120249469567030167,tw_meta_standard_ios_tw-en_pros_purchase_ongoing_no-disc_testing,search,1.43,299,4,0,0,0,0.0,0,0,0.0,67,0
120249469567030167,tw_meta_standard_ios_tw-en_pros_purchase_ongoing_no-disc_testing,threads_feed,3.11,3724,1,0,0,0,0.0,0,0,0.0,1118,11
120249469567140167,tw_meta_standard_ios_tw-en_pros_purchase_ongoing_no-disc_testing,an_classic,0.13,19,0,0,0,0,0.0,0,0,0.0,11,0
120249469567140167,tw_meta_standard_ios_tw-en_pros_purchase_ongoing_no-disc_testing,facebook_profile_feed,0.9,245,3,0,0,0,0.0,0,0,0.0,31,0
120249469567140167,tw_meta_standard_ios_tw-en_pros_purchase_ongoing_no-disc_testing,facebook_reels,65.05,11747,96,1,1,0,0.0,0,0,0.0,3514,66
120249469567140167,tw_meta_standard_ios_tw-en_pros_purchase_ongoing_no-disc_testing,facebook_reels_overlay,0.15,116,2,0,0,0,0.0,0,0,0.0,0,0
120249469567140167,tw_meta_standard_ios_tw-en_pros_purchase_ongoing_no-disc_testing,facebook_stories,14.76,1754,65,0,0,0,0.0,0,0,0.0,338,15
120249469567140167,tw_meta_standard_ios_tw-en_pros_purchase_ongoing_no-disc_testing,feed,97.15,19372,240,2,2,0,0.0,0,0,0.0,4358,70
120249469567140167,tw_meta_standard_ios_tw-en_pros_purchase_ongoing_no-disc_testing,instagram_explore_grid_home,0.0,6,0,0,0,0,0.0,0,0,0.0,3,0
120249469567140167,tw_meta_standard_ios_tw-en_pros_purchase_ongoing_no-disc_testing,instagram_reels,30.23,4973,21,0,0,0,0.0,0,0,0.0,1100,10
120249469567140167,tw_meta_standard_ios_tw-en_pros_purchase_ongoing_no-disc_testing,instagram_stories,14.78,2807,53,1,2,0,0.0,0,0,0.0,391,31
120249469567140167,tw_meta_standard_ios_tw-en_pros_purchase_ongoing_no-disc_testing,instream_video,4.63,811,20,0,0,0,0.0,0,0,0.0,398,1
120249469567140167,tw_meta_standard_ios_tw-en_pros_purchase_ongoing_no-disc_testing,marketplace,0.24,117,1,0,0,0,0.0,0,0,0.0,23,0
120249469567140167,tw_meta_standard_ios_tw-en_pros_purchase_ongoing_no-disc_testing,search,0.01,4,0,0,0,0,0.0,0,0,0.0,0,0
120249469567140167,tw_meta_standard_ios_tw-en_pros_purchase_ongoing_no-disc_testing,threads_feed,6.23,4840,4,0,0,0,0.0,0,0,0.0,1803,11
120249469567200167,tw_meta_standard_ios_tw-en_pros_purchase_ongoing_no-disc_testing,an_classic,7.91,1111,180,3,2,1,2.72,0,1,0.0,806,23
120249469567200167,tw_meta_standard_ios_tw-en_pros_purchase_ongoing_no-disc_testing,facebook_notification,0.01,2,0,0,0,0,0.0,0,0,0.0,0,0
120249469567200167,tw_meta_standard_ios_tw-en_pros_purchase_ongoing_no-disc_testing,facebook_profile_feed,4.38,1214,9,0,0,0,0.0,0,0,0.0,127,2
120249469567200167,tw_meta_standard_ios_tw-en_pros_purchase_ongoing_no-disc_testing,facebook_reels,277.88,62029,322,15,9,4,11.03,0,0,0.0,8603,234
120249469567200167,tw_meta_standard_ios_tw-en_pros_purchase_ongoing_no-disc_testing,facebook_reels_overlay,0.32,206,1,0,0,0,0.0,0,0,0.0,0,0
120249469567200167,tw_meta_standard_ios_tw-en_pros_purchase_ongoing_no-disc_testing,facebook_stories,72.95,7793,293,2,1,0,0.0,0,0,0.0,1455,170
120249469567200167,tw_meta_standard_ios_tw-en_pros_purchase_ongoing_no-disc_testing,feed,440.33,73975,803,18,11,2,5.47,0,1,0.0,13035,313
120249469567200167,tw_meta_standard_ios_tw-en_pros_purchase_ongoing_no-disc_testing,instagram_explore_grid_home,0.35,191,2,0,0,0,0.0,0,0,0.0,120,2
120249469567200167,tw_meta_standard_ios_tw-en_pros_purchase_ongoing_no-disc_testing,instagram_reels,138.98,21165,80,5,0,3,8.15,0,0,0.0,2184,54
120249469567200167,tw_meta_standard_ios_tw-en_pros_purchase_ongoing_no-disc_testing,instagram_stories,73.83,10347,166,4,4,0,0.0,0,0,0.0,969,100
120249469567200167,tw_meta_standard_ios_tw-en_pros_purchase_ongoing_no-disc_testing,instream_video,39.69,6574,172,1,0,0,0.0,0,0,0.0,3266,77
120249469567200167,tw_meta_standard_ios_tw-en_pros_purchase_ongoing_no-disc_testing,marketplace,3.89,1504,11,0,0,0,0.0,0,0,0.0,292,4
120249469567200167,tw_meta_standard_ios_tw-en_pros_purchase_ongoing_no-disc_testing,rewarded_video,28.64,6191,855,2,0,0,0.0,0,0,0.0,6102,1361
120249469567200167,tw_meta_standard_ios_tw-en_pros_purchase_ongoing_no-disc_testing,search,1.63,278,0,0,0,0,0.0,0,0,0.0,69,0
120249469567200167,tw_meta_standard_ios_tw-en_pros_purchase_ongoing_no-disc_testing,threads_feed,33.96,28071,16,0,0,0,0.0,0,0,0.0,9575,79
120249469568100167,tw_meta_standard_ios_tw-en_pros_purchase_ongoing_no-disc_testing,an_classic,0.95,225,15,0,0,0,0.0,0,0,0.0,0,0
120249469568100167,tw_meta_standard_ios_tw-en_pros_purchase_ongoing_no-disc_testing,facebook_profile_feed,0.63,161,0,0,0,0,0.0,0,0,0.0,0,0
120249469568100167,tw_meta_standard_ios_tw-en_pros_purchase_ongoing_no-disc_testing,facebook_reels,1.42,448,4,0,0,0,0.0,0,0,0.0,0,0
120249469568100167,tw_meta_standard_ios_tw-en_pros_purchase_ongoing_no-disc_testing,facebook_reels_overlay,0.21,183,2,0,0,0,0.0,0,0,0.0,0,0
120249469568100167,tw_meta_standard_ios_tw-en_pros_purchase_ongoing_no-disc_testing,facebook_stories,17.73,4141,77,0,0,0,0.0,0,0,0.0,0,0
120249469568100167,tw_meta_standard_ios_tw-en_pros_purchase_ongoing_no-disc_testing,feed,55.38,20616,158,0,0,0,0.0,0,0,0.0,0,0
120249469568100167,tw_meta_standard_ios_tw-en_pros_purchase_ongoing_no-disc_testing,instagram_reels,11.87,3553,42,1,0,0,0.0,0,0,0.0,0,0
120249469568100167,tw_meta_standard_ios_tw-en_pros_purchase_ongoing_no-disc_testing,instagram_stories,22.43,5955,84,1,1,0,0.0,0,0,0.0,0,0
120249469568100167,tw_meta_standard_ios_tw-en_pros_purchase_ongoing_no-disc_testing,instream_video,6.06,1013,43,0,0,0,0.0,0,0,0.0,0,0
120249469568100167,tw_meta_standard_ios_tw-en_pros_purchase_ongoing_no-disc_testing,marketplace,0.67,734,2,0,0,0,0.0,0,0,0.0,0,0
120249469568100167,tw_meta_standard_ios_tw-en_pros_purchase_ongoing_no-disc_testing,search,0.01,4,0,0,0,0,0.0,0,0,0.0,0,0
120249469568100167,tw_meta_standard_ios_tw-en_pros_purchase_ongoing_no-disc_testing,threads_feed,55.95,98829,194,0,0,0,0.0,0,0,0.0,0,0
120249641611010167,tw_meta_standard_ios_tw-en_pros_purchase_ongoing_no-disc_testing,an_classic,1.33,257,12,0,0,0,0.0,0,0,0.0,168,2
120249641611010167,tw_meta_standard_ios_tw-en_pros_purchase_ongoing_no-disc_testing,facebook_reels,17.99,3626,40,1,0,0,0.0,0,0,0.0,490,18
120249641611010167,tw_meta_standard_ios_tw-en_pros_purchase_ongoing_no-disc_testing,facebook_reels_overlay,0.94,628,6,0,0,0,0.0,0,0,0.0,0,0
120249641611010167,tw_meta_standard_ios_tw-en_pros_purchase_ongoing_no-disc_testing,facebook_stories,37.05,3837,148,0,0,0,0.0,0,0,0.0,668,30
120249641611010167,tw_meta_standard_ios_tw-en_pros_purchase_ongoing_no-disc_testing,feed,177.22,71410,593,0,0,0,0.0,0,0,0.0,6660,81
120249641611010167,tw_meta_standard_ios_tw-en_pros_purchase_ongoing_no-disc_testing,instagram_explore_grid_home,0.37,124,1,0,0,0,0.0,0,0,0.0,71,1
120249641611010167,tw_meta_standard_ios_tw-en_pros_purchase_ongoing_no-disc_testing,instagram_reels,46.92,9207,193,0,0,0,0.0,0,0,0.0,898,5
120249641611010167,tw_meta_standard_ios_tw-en_pros_purchase_ongoing_no-disc_testing,instagram_stories,87.2,22858,480,1,0,0,0.0,0,0,0.0,1209,94
120249641611010167,tw_meta_standard_ios_tw-en_pros_purchase_ongoing_no-disc_testing,instream_video,16.08,2629,86,0,0,0,0.0,0,0,0.0,1432,21
120249641611010167,tw_meta_standard_ios_tw-en_pros_purchase_ongoing_no-disc_testing,marketplace,0.24,125,1,0,0,0,0.0,0,0,0.0,18,0
120249641611010167,tw_meta_standard_ios_tw-en_pros_purchase_ongoing_no-disc_testing,search,0.01,7,0,0,0,0,0.0,0,0,0.0,0,0
120249641651420167,tw_meta_standard_ios_tw-en_pros_purchase_ongoing_no-disc_testing,an_classic,0.22,44,1,0,0,0,0.0,0,0,0.0,24,0
120249641651420167,tw_meta_standard_ios_tw-en_pros_purchase_ongoing_no-disc_testing,facebook_reels,32.69,7888,294,0,0,0,0.0,0,0,0.0,2139,12
120249641651420167,tw_meta_standard_ios_tw-en_pros_purchase_ongoing_no-disc_testing,facebook_reels_overlay,0.0,11,0,0,0,0,0.0,0,0,0.0,0,0
120249641651420167,tw_meta_standard_ios_tw-en_pros_purchase_ongoing_no-disc_testing,facebook_stories,3.19,503,16,0,0,0,0.0,0,0,0.0,118,0
120249641651420167,tw_meta_standard_ios_tw-en_pros_purchase_ongoing_no-disc_testing,feed,128.22,46699,962,2,0,1,2.43,0,0,0.0,6790,73
120249641651420167,tw_meta_standard_ios_tw-en_pros_purchase_ongoing_no-disc_testing,instagram_explore_grid_home,0.56,405,6,0,0,0,0.0,0,0,0.0,254,5
120249641651420167,tw_meta_standard_ios_tw-en_pros_purchase_ongoing_no-disc_testing,instagram_reels,49.13,10676,325,0,0,0,0.0,0,0,0.0,2338,15
120249641651420167,tw_meta_standard_ios_tw-en_pros_purchase_ongoing_no-disc_testing,instagram_stories,37.52,10143,197,1,1,0,0.0,0,0,0.0,845,39
120249641651420167,tw_meta_standard_ios_tw-en_pros_purchase_ongoing_no-disc_testing,instream_video,0.26,49,2,0,0,0,0.0,0,0,0.0,27,2
120249641651420167,tw_meta_standard_ios_tw-en_pros_purchase_ongoing_no-disc_testing,marketplace,0.31,146,0,0,0,0,0.0,0,0,0.0,27,0
120249641651420167,tw_meta_standard_ios_tw-en_pros_purchase_ongoing_no-disc_testing,search,0.05,14,0,0,0,0,0.0,0,0,0.0,2,0
120249641692540167,tw_meta_standard_ios_tw-en_pros_purchase_ongoing_no-disc_testing,facebook_reels,53.74,15068,1507,3,2,0,0.0,0,0,0.0,9287,128
120249641692540167,tw_meta_standard_ios_tw-en_pros_purchase_ongoing_no-disc_testing,facebook_reels_overlay,0.0,2,1,0,0,0,0.0,0,0,0.0,0,0
120249641692540167,tw_meta_standard_ios_tw-en_pros_purchase_ongoing_no-disc_testing,facebook_stories,3.6,549,14,0,0,0,0.0,0,0,0.0,253,3
120249641692540167,tw_meta_standard_ios_tw-en_pros_purchase_ongoing_no-disc_testing,feed,127.95,38770,1478,3,1,0,0.0,0,0,0.0,14962,276
120249641692540167,tw_meta_standard_ios_tw-en_pros_purchase_ongoing_no-disc_testing,instagram_explore_grid_home,0.01,6,0,0,0,0,0.0,0,0,0.0,4,0
120249641692540167,tw_meta_standard_ios_tw-en_pros_purchase_ongoing_no-disc_testing,instagram_reels,5.63,1050,66,0,0,0,0.0,0,0,0.0,551,8
120249641692540167,tw_meta_standard_ios_tw-en_pros_purchase_ongoing_no-disc_testing,instagram_stories,16.07,3139,117,2,3,1,2.25,0,0,0.0,888,39
120249641692540167,tw_meta_standard_ios_tw-en_pros_purchase_ongoing_no-disc_testing,instream_video,0.27,50,2,0,0,0,0.0,0,0,0.0,35,0
120249641692540167,tw_meta_standard_ios_tw-en_pros_purchase_ongoing_no-disc_testing,marketplace,0.01,8,0,0,0,0,0.0,0,0,0.0,2,0
120249641692540167,tw_meta_standard_ios_tw-en_pros_purchase_ongoing_no-disc_testing,search,0.01,10,0,0,0,0,0.0,0,0,0.0,4,1
120249641760720167,tw_meta_standard_ios_tw-en_pros_purchase_ongoing_no-disc_testing,facebook_reels,4.0,1113,32,0,0,0,0.0,0,0,0.0,600,1
120249641760720167,tw_meta_standard_ios_tw-en_pros_purchase_ongoing_no-disc_testing,facebook_stories,0.11,15,1,0,0,0,0.0,0,0,0.0,6,0
120249641760720167,tw_meta_standard_ios_tw-en_pros_purchase_ongoing_no-disc_testing,feed,13.46,5288,291,1,0,0,0.0,0,0,0.0,2049,10
120249641760720167,tw_meta_standard_ios_tw-en_pros_purchase_ongoing_no-disc_testing,instagram_explore_grid_home,0.37,298,2,0,0,0,0.0,0,0,0.0,180,2
120249641760720167,tw_meta_standard_ios_tw-en_pros_purchase_ongoing_no-disc_testing,instagram_reels,213.61,55683,4613,0,0,0,0.0,0,0,0.0,28122,64
120249641760720167,tw_meta_standard_ios_tw-en_pros_purchase_ongoing_no-disc_testing,instagram_stories,55.85,15439,590,0,0,0,0.0,0,0,0.0,3429,41
120249641760720167,tw_meta_standard_ios_tw-en_pros_purchase_ongoing_no-disc_testing,instream_video,0.01,2,0,0,0,0,0.0,0,0,0.0,1,0
120249641997610167,tw_meta_standard_ios_tw-en_pros_trial_ongoing_winning,an_classic,7.13,755,169,0,0,0,0.0,0,0,0.0,554,9
120249641997610167,tw_meta_standard_ios_tw-en_pros_trial_ongoing_winning,biz_disco_feed,0.0,3,0,0,0,0,0.0,0,0,0.0,0,0
120249641997610167,tw_meta_standard_ios_tw-en_pros_trial_ongoing_winning,facebook_notification,0.07,10,0,0,0,0,0.0,0,0,0.0,0,0
120249641997610167,tw_meta_standard_ios_tw-en_pros_trial_ongoing_winning,facebook_profile_feed,3.69,848,8,0,0,0,0.0,0,0,0.0,59,0
120249641997610167,tw_meta_standard_ios_tw-en_pros_trial_ongoing_winning,facebook_reels,98.54,10300,110,6,2,2,3.4,0,0,0.0,1696,68
120249641997610167,tw_meta_standard_ios_tw-en_pros_trial_ongoing_winning,facebook_reels_overlay,0.33,225,5,0,0,0,0.0,0,0,0.0,0,0
120249641997610167,tw_meta_standard_ios_tw-en_pros_trial_ongoing_winning,facebook_stories,45.64,4283,249,2,0,0,0.0,0,0,0.0,697,22
120249641997610167,tw_meta_standard_ios_tw-en_pros_trial_ongoing_winning,feed,130.56,13545,164,5,3,1,2.69,0,1,0.0,1904,47
120249641997610167,tw_meta_standard_ios_tw-en_pros_trial_ongoing_winning,instagram_explore_grid_home,0.03,12,0,0,0,0,0.0,0,0,0.0,6,1
120249641997610167,tw_meta_standard_ios_tw-en_pros_trial_ongoing_winning,instagram_reels,55.73,5070,38,1,0,0,0.0,0,0,0.0,705,15
120249641997610167,tw_meta_standard_ios_tw-en_pros_trial_ongoing_winning,instagram_stories,16.43,1575,30,0,0,0,0.0,0,0,0.0,168,22
120249641997610167,tw_meta_standard_ios_tw-en_pros_trial_ongoing_winning,instream_video,59.6,9018,256,3,1,0,0.0,0,0,0.0,5044,108
120249641997610167,tw_meta_standard_ios_tw-en_pros_trial_ongoing_winning,marketplace,1.43,532,3,0,0,0,0.0,0,0,0.0,118,0
120249641997610167,tw_meta_standard_ios_tw-en_pros_trial_ongoing_winning,search,2.77,575,5,0,0,0,0.0,0,0,0.0,92,0
120249641997610167,tw_meta_standard_ios_tw-en_pros_trial_ongoing_winning,threads_feed,9.0,3778,9,1,0,1,2.24,0,0,0.0,1321,19
120249642037430167,tw_meta_standard_ios_tw-en_pros_trial_ongoing_winning,an_classic,3.03,376,20,1,0,0,0.0,0,0,0.0,264,11
120249642037430167,tw_meta_standard_ios_tw-en_pros_trial_ongoing_winning,facebook_reels,48.92,7712,44,4,2,0,0.0,0,0,0.0,1416,32
120249642037430167,tw_meta_standard_ios_tw-en_pros_trial_ongoing_winning,facebook_reels_overlay,1.41,1077,16,0,0,0,0.0,0,0,0.0,0,0
120249642037430167,tw_meta_standard_ios_tw-en_pros_trial_ongoing_winning,facebook_stories,54.24,8000,196,5,1,2,3.42,0,0,0.0,977,116
120249642037430167,tw_meta_standard_ios_tw-en_pros_trial_ongoing_winning,feed,228.62,62675,435,18,11,2,3.6,0,2,0.0,10828,209
120249642037430167,tw_meta_standard_ios_tw-en_pros_trial_ongoing_winning,instagram_reels,63.16,11814,70,8,4,0,0.0,0,0,0.0,1309,25
120249642037430167,tw_meta_standard_ios_tw-en_pros_trial_ongoing_winning,instagram_stories,144.49,38166,387,1,0,0,0.0,0,0,0.0,2572,252
120249642037430167,tw_meta_standard_ios_tw-en_pros_trial_ongoing_winning,instream_video,44.39,8107,180,2,1,1,1.8,0,0,0.0,4102,67
120249642037430167,tw_meta_standard_ios_tw-en_pros_trial_ongoing_winning,marketplace,0.64,403,0,0,0,0,0.0,0,0,0.0,67,0
120249642037430167,tw_meta_standard_ios_tw-en_pros_trial_ongoing_winning,rewarded_video,9.67,1578,137,0,0,0,0.0,0,0,0.0,1551,254
120249642037430167,tw_meta_standard_ios_tw-en_pros_trial_ongoing_winning,search,0.94,109,2,0,0,0,0.0,0,0,0.0,25,0
120249652815090167,tw_meta_standard_ios_tw-en_pros_trial_ongoing_scaling2,an_classic,0.38,54,5,0,0,0,0.0,0,0,0.0,38,1
120249652815090167,tw_meta_standard_ios_tw-en_pros_trial_ongoing_scaling2,facebook_profile_feed,4.46,1291,9,0,0,0,0.0,0,0,0.0,94,1
120249652815090167,tw_meta_standard_ios_tw-en_pros_trial_ongoing_scaling2,facebook_reels,119.07,28166,142,3,2,2,3.26,0,0,0.0,2783,56
120249652815090167,tw_meta_standard_ios_tw-en_pros_trial_ongoing_scaling2,facebook_reels_overlay,5.24,4050,26,0,0,0,0.0,0,0,0.0,0,0
120249652815090167,tw_meta_standard_ios_tw-en_pros_trial_ongoing_scaling2,facebook_stories,137.83,17482,804,0,0,0,0.0,0,0,0.0,2438,88
120249652815090167,tw_meta_standard_ios_tw-en_pros_trial_ongoing_scaling2,feed,245.51,88725,638,2,0,0,0.0,0,0,0.0,6990,133
120249652815090167,tw_meta_standard_ios_tw-en_pros_trial_ongoing_scaling2,instagram_explore_grid_home,0.02,8,0,0,0,0,0.0,0,0,0.0,7,0
120249652815090167,tw_meta_standard_ios_tw-en_pros_trial_ongoing_scaling2,instagram_reels,64.0,8350,24,3,2,0,0.0,0,0,0.0,771,16
120249652815090167,tw_meta_standard_ios_tw-en_pros_trial_ongoing_scaling2,instagram_stories,64.53,14962,242,1,0,1,1.63,0,1,0.0,859,135
120249652815090167,tw_meta_standard_ios_tw-en_pros_trial_ongoing_scaling2,instream_video,62.06,8353,276,0,0,0,0.0,0,0,0.0,4580,56
120249652815090167,tw_meta_standard_ios_tw-en_pros_trial_ongoing_scaling2,marketplace,3.25,1608,12,0,0,0,0.0,0,0,0.0,335,1
120249652815090167,tw_meta_standard_ios_tw-en_pros_trial_ongoing_scaling2,search,0.07,24,0,0,0,0,0.0,0,0,0.0,2,0
120249652815090167,tw_meta_standard_ios_tw-en_pros_trial_ongoing_scaling2,threads_feed,20.07,7002,4,0,0,0,0.0,0,0,0.0,2123,17
120249701534270167,tw_meta_standard_ios_tw-en_pros_trial_ongoing_scaling2,an_classic,103.49,18446,5536,4,1,0,0.0,0,0,0.0,15205,383
120249701534270167,tw_meta_standard_ios_tw-en_pros_trial_ongoing_scaling2,biz_disco_feed,0.02,3,0,0,0,0,0.0,0,0,0.0,0,0
120249701534270167,tw_meta_standard_ios_tw-en_pros_trial_ongoing_scaling2,facebook_notification,2.34,373,8,0,0,0,0.0,0,0,0.0,0,0
120249701534270167,tw_meta_standard_ios_tw-en_pros_trial_ongoing_scaling2,facebook_reels,4282.7,760003,12987,278,154,49,71.45,0,0,0.0,240210,9991
120249701534270167,tw_meta_standard_ios_tw-en_pros_trial_ongoing_scaling2,facebook_reels_overlay,14.19,10074,61,0,0,0,0.0,0,0,0.0,0,0
120249701534270167,tw_meta_standard_ios_tw-en_pros_trial_ongoing_scaling2,facebook_stories,710.49,84248,1941,13,6,1,1.15,0,0,0.0,19043,635
120249701534270167,tw_meta_standard_ios_tw-en_pros_trial_ongoing_scaling2,feed,2802.46,689419,9606,126,46,21,29.84,0,0,0.0,151214,4418
120249701534270167,tw_meta_standard_ios_tw-en_pros_trial_ongoing_scaling2,instagram_reels,4101.82,719288,9332,198,113,42,59.66,0,0,0.0,188593,4322
120249701534270167,tw_meta_standard_ios_tw-en_pros_trial_ongoing_scaling2,instagram_stories,3842.09,768212,17486,159,95,42,61.31,0,0,0.0,91050,5706
120249701534270167,tw_meta_standard_ios_tw-en_pros_trial_ongoing_scaling2,instream_video,187.44,22965,742,4,2,2,3.27,0,0,0.0,12237,240
120249701534270167,tw_meta_standard_ios_tw-en_pros_trial_ongoing_scaling2,marketplace,9.56,4433,14,0,0,0,0.0,0,0,0.0,584,5
120249701534270167,tw_meta_standard_ios_tw-en_pros_trial_ongoing_scaling2,search,4.23,817,9,0,0,0,0.0,0,0,0.0,191,3
120249779562090167,tw_meta_standard_ios_tw-en_pros_purchase_ongoing_no-disc_testing,an_classic,5.8,852,132,0,0,0,0.0,0,0,0.0,477,9
120249779562090167,tw_meta_standard_ios_tw-en_pros_purchase_ongoing_no-disc_testing,facebook_profile_feed,0.36,149,0,0,0,0,0.0,0,0,0.0,16,0
120249779562090167,tw_meta_standard_ios_tw-en_pros_purchase_ongoing_no-disc_testing,facebook_reels,156.64,29254,338,14,7,1,2.41,0,0,0.0,6606,159
120249779562090167,tw_meta_standard_ios_tw-en_pros_purchase_ongoing_no-disc_testing,facebook_reels_overlay,0.07,33,0,0,0,0,0.0,0,0,0.0,0,0
120249779562090167,tw_meta_standard_ios_tw-en_pros_purchase_ongoing_no-disc_testing,facebook_stories,37.28,4747,146,0,0,0,0.0,0,0,0.0,659,36
120249779562090167,tw_meta_standard_ios_tw-en_pros_purchase_ongoing_no-disc_testing,feed,157.19,48436,440,4,4,0,0.0,0,0,0.0,5611,136
120249779562090167,tw_meta_standard_ios_tw-en_pros_purchase_ongoing_no-disc_testing,instagram_explore_grid_home,0.03,19,0,0,0,0,0.0,0,0,0.0,15,1
120249779562090167,tw_meta_standard_ios_tw-en_pros_purchase_ongoing_no-disc_testing,instagram_reels,94.68,17267,138,5,1,2,5.32,0,0,0.0,3159,62
120249779562090167,tw_meta_standard_ios_tw-en_pros_purchase_ongoing_no-disc_testing,instagram_stories,25.4,5288,103,2,1,1,2.66,0,0,0.0,428,41
120249779562090167,tw_meta_standard_ios_tw-en_pros_purchase_ongoing_no-disc_testing,instream_video,5.83,795,25,0,0,0,0.0,0,0,0.0,408,9
120249779562090167,tw_meta_standard_ios_tw-en_pros_purchase_ongoing_no-disc_testing,marketplace,0.18,65,0,0,0,0,0.0,0,0,0.0,14,0
120249779562090167,tw_meta_standard_ios_tw-en_pros_purchase_ongoing_no-disc_testing,search,0.1,50,0,0,0,0,0.0,0,0,0.0,9,0
120249779562090167,tw_meta_standard_ios_tw-en_pros_purchase_ongoing_no-disc_testing,threads_feed,5.07,4085,3,0,0,0,0.0,0,0,0.0,1277,13
120249779562110167,tw_meta_standard_ios_tw-en_pros_purchase_ongoing_no-disc_testing,an_classic,10.84,1496,309,0,0,0,0.0,0,0,0.0,967,59
120249779562110167,tw_meta_standard_ios_tw-en_pros_purchase_ongoing_no-disc_testing,facebook_profile_feed,0.83,208,2,0,0,0,0.0,0,0,0.0,43,0
120249779562110167,tw_meta_standard_ios_tw-en_pros_purchase_ongoing_no-disc_testing,facebook_reels,300.54,60841,628,18,10,6,14.99,0,2,0.0,22287,1003
120249779562110167,tw_meta_standard_ios_tw-en_pros_purchase_ongoing_no-disc_testing,facebook_reels_overlay,0.03,23,0,0,0,0,0.0,0,0,0.0,0,0
120249779562110167,tw_meta_standard_ios_tw-en_pros_purchase_ongoing_no-disc_testing,facebook_stories,28.46,3707,79,1,1,0,0.0,0,0,0.0,665,113
120249779562110167,tw_meta_standard_ios_tw-en_pros_purchase_ongoing_no-disc_testing,feed,114.0,18599,183,8,7,1,2.41,0,0,0.0,7108,377
120249779562110167,tw_meta_standard_ios_tw-en_pros_purchase_ongoing_no-disc_testing,instagram_reels,140.09,22782,211,9,6,1,2.41,0,0,0.0,6828,345
120249779562110167,tw_meta_standard_ios_tw-en_pros_purchase_ongoing_no-disc_testing,instagram_stories,28.23,5644,129,2,0,0,0.0,0,0,0.0,391,42
120249779562110167,tw_meta_standard_ios_tw-en_pros_purchase_ongoing_no-disc_testing,instream_video,5.28,529,16,2,0,0,0.0,0,0,0.0,311,7
120249779562110167,tw_meta_standard_ios_tw-en_pros_purchase_ongoing_no-disc_testing,marketplace,0.04,25,1,0,0,0,0.0,0,0,0.0,1,0
120249779562110167,tw_meta_standard_ios_tw-en_pros_purchase_ongoing_no-disc_testing,rewarded_video,19.6,2926,721,0,0,0,0.0,0,0,0.0,2888,1027
120249779562110167,tw_meta_standard_ios_tw-en_pros_purchase_ongoing_no-disc_testing,search,0.04,22,2,0,0,0,0.0,0,0,0.0,6,0
120249779562110167,tw_meta_standard_ios_tw-en_pros_purchase_ongoing_no-disc_testing,threads_feed,6.8,5568,5,1,0,0,0.0,0,0,0.0,2287,55
120249779562130167,tw_meta_standard_ios_tw-en_pros_purchase_ongoing_no-disc_testing,an_classic,6.19,768,169,0,0,0,0.0,0,0,0.0,506,11
120249779562130167,tw_meta_standard_ios_tw-en_pros_purchase_ongoing_no-disc_testing,facebook_profile_feed,0.41,104,1,0,0,0,0.0,0,0,0.0,17,0
120249779562130167,tw_meta_standard_ios_tw-en_pros_purchase_ongoing_no-disc_testing,facebook_reels,71.29,14836,136,5,1,0,0.0,0,0,0.0,3533,61
120249779562130167,tw_meta_standard_ios_tw-en_pros_purchase_ongoing_no-disc_testing,facebook_reels_overlay,0.02,17,0,0,0,0,0.0,0,0,0.0,0,0
120249779562130167,tw_meta_standard_ios_tw-en_pros_purchase_ongoing_no-disc_testing,facebook_stories,17.7,3122,74,0,0,0,0.0,0,0,0.0,345,31
120249779562130167,tw_meta_standard_ios_tw-en_pros_purchase_ongoing_no-disc_testing,feed,52.11,9223,96,1,2,1,2.68,0,0,0.0,2449,24
120249779562130167,tw_meta_standard_ios_tw-en_pros_purchase_ongoing_no-disc_testing,instagram_reels,0.59,80,2,0,0,0,0.0,0,0,0.0,19,0
120249779562130167,tw_meta_standard_ios_tw-en_pros_purchase_ongoing_no-disc_testing,instagram_search,0.0,1,0,0,0,0,0.0,0,0,0.0,0,0
120249779562130167,tw_meta_standard_ios_tw-en_pros_purchase_ongoing_no-disc_testing,instagram_stories,13.48,2171,77,0,0,0,0.0,0,0,0.0,139,8
120249779562130167,tw_meta_standard_ios_tw-en_pros_purchase_ongoing_no-disc_testing,instream_video,8.39,1354,36,0,0,0,0.0,0,0,0.0,710,16
120249779562130167,tw_meta_standard_ios_tw-en_pros_purchase_ongoing_no-disc_testing,marketplace,5.91,2205,28,0,0,0,0.0,0,0,0.0,371,3
120249779562130167,tw_meta_standard_ios_tw-en_pros_purchase_ongoing_no-disc_testing,search,0.13,35,1,0,0,0,0.0,0,0,0.0,4,0
120249779562130167,tw_meta_standard_ios_tw-en_pros_purchase_ongoing_no-disc_testing,threads_feed,1.45,1656,3,0,0,0,0.0,0,0,0.0,656,7
120249779562150167,tw_meta_standard_ios_tw-en_pros_purchase_ongoing_no-disc_testing,an_classic,76.87,6896,1815,1,1,0,0.0,0,0,0.0,5501,119
120249779562150167,tw_meta_standard_ios_tw-en_pros_purchase_ongoing_no-disc_testing,biz_disco_feed,0.0,1,0,0,0,0,0.0,0,0,0.0,0,0
120249779562150167,tw_meta_standard_ios_tw-en_pros_purchase_ongoing_no-disc_testing,facebook_notification,1.91,328,1,0,0,0,0.0,0,0,0.0,0,0
120249779562150167,tw_meta_standard_ios_tw-en_pros_purchase_ongoing_no-disc_testing,facebook_profile_feed,3.04,815,6,0,0,0,0.0,0,0,0.0,154,1
120249779562150167,tw_meta_standard_ios_tw-en_pros_purchase_ongoing_no-disc_testing,facebook_reels,445.18,99069,1009,36,19,10,22.17,0,0,0.0,25145,156
120249779562150167,tw_meta_standard_ios_tw-en_pros_purchase_ongoing_no-disc_testing,facebook_reels_overlay,9.36,7252,55,0,0,0,0.0,0,0,0.0,0,0
120249779562150167,tw_meta_standard_ios_tw-en_pros_purchase_ongoing_no-disc_testing,facebook_stories,102.48,17893,436,0,0,0,0.0,0,0,0.0,2530,114
120249779562150167,tw_meta_standard_ios_tw-en_pros_purchase_ongoing_no-disc_testing,feed,363.44,67826,597,19,8,7,15.38,0,0,0.0,19518,148
120249779562150167,tw_meta_standard_ios_tw-en_pros_purchase_ongoing_no-disc_testing,instagram_reels,281.94,46751,191,18,5,3,6.58,0,0,0.0,10231,67
120249779562150167,tw_meta_standard_ios_tw-en_pros_purchase_ongoing_no-disc_testing,instagram_stories,129.62,30599,847,3,1,0,0.0,0,0,0.0,1846,75
120249779562150167,tw_meta_standard_ios_tw-en_pros_purchase_ongoing_no-disc_testing,instream_video,118.66,16811,506,1,0,0,0.0,0,0,0.0,8651,150
120249779562150167,tw_meta_standard_ios_tw-en_pros_purchase_ongoing_no-disc_testing,marketplace,10.58,4015,46,0,0,0,0.0,0,0,0.0,754,5
120249779562150167,tw_meta_standard_ios_tw-en_pros_purchase_ongoing_no-disc_testing,search,1.89,554,4,0,0,0,0.0,0,0,0.0,110,0
120249779562150167,tw_meta_standard_ios_tw-en_pros_purchase_ongoing_no-disc_testing,threads_feed,34.3,36984,27,0,0,0,0.0,0,0,0.0,15257,56
120249779562330167,tw_meta_standard_ios_tw-en_pros_purchase_ongoing_no-disc_testing,an_classic,3.25,457,89,0,0,0,0.0,0,0,0.0,274,6
120249779562330167,tw_meta_standard_ios_tw-en_pros_purchase_ongoing_no-disc_testing,facebook_profile_feed,0.3,90,2,0,0,0,0.0,0,0,0.0,8,0
120249779562330167,tw_meta_standard_ios_tw-en_pros_purchase_ongoing_no-disc_testing,facebook_reels,7.57,1811,18,0,0,0,0.0,0,0,0.0,478,13
120249779562330167,tw_meta_standard_ios_tw-en_pros_purchase_ongoing_no-disc_testing,facebook_reels_overlay,0.02,11,0,0,0,0,0.0,0,0,0.0,0,0
120249779562330167,tw_meta_standard_ios_tw-en_pros_purchase_ongoing_no-disc_testing,facebook_stories,43.27,4993,198,0,0,0,0.0,0,0,0.0,709,30
120249779562330167,tw_meta_standard_ios_tw-en_pros_purchase_ongoing_no-disc_testing,feed,93.36,38416,299,1,1,0,0.0,0,0,0.0,3538,67
120249779562330167,tw_meta_standard_ios_tw-en_pros_purchase_ongoing_no-disc_testing,instagram_explore_grid_home,0.0,1,0,0,0,0,0.0,0,0,0.0,1,0
120249779562330167,tw_meta_standard_ios_tw-en_pros_purchase_ongoing_no-disc_testing,instagram_reels,1.12,192,1,0,0,0,0.0,0,0,0.0,28,1
120249779562330167,tw_meta_standard_ios_tw-en_pros_purchase_ongoing_no-disc_testing,instagram_stories,3.35,675,9,0,0,0,0.0,0,0,0.0,48,9
120249779562330167,tw_meta_standard_ios_tw-en_pros_purchase_ongoing_no-disc_testing,instream_video,7.6,1129,34,0,0,0,0.0,0,0,0.0,593,10
120249779562330167,tw_meta_standard_ios_tw-en_pros_purchase_ongoing_no-disc_testing,marketplace,0.12,46,1,0,0,0,0.0,0,0,0.0,7,0
120249779562330167,tw_meta_standard_ios_tw-en_pros_purchase_ongoing_no-disc_testing,search,0.03,13,0,0,0,0,0.0,0,0,0.0,2,0
120249779562330167,tw_meta_standard_ios_tw-en_pros_purchase_ongoing_no-disc_testing,threads_feed,0.6,719,0,0,0,0,0.0,0,0,0.0,205,2
120249784171630167,tw_meta_standard_ios_tw-en_pros_trial_ongoing_scaling2,an_classic,104.45,9896,2662,3,0,0,0.0,0,0,0.0,7246,180
120249784171630167,tw_meta_standard_ios_tw-en_pros_trial_ongoing_scaling2,biz_disco_feed,0.0,1,0,0,0,0,0.0,0,0,0.0,0,0
120249784171630167,tw_meta_standard_ios_tw-en_pros_trial_ongoing_scaling2,facebook_notification,7.23,1275,4,0,0,0,0.0,0,0,0.0,0,0
120249784171630167,tw_meta_standard_ios_tw-en_pros_trial_ongoing_scaling2,facebook_profile_feed,11.11,2895,14,0,0,0,0.0,0,0,0.0,322,7
120249784171630167,tw_meta_standard_ios_tw-en_pros_trial_ongoing_scaling2,facebook_reels,3257.4,512441,4733,208,133,25,45.9,0,0,0.0,120480,3063
120249784171630167,tw_meta_standard_ios_tw-en_pros_trial_ongoing_scaling2,facebook_reels_overlay,7.24,4202,26,0,0,0,0.0,0,0,0.0,0,0
120249784171630167,tw_meta_standard_ios_tw-en_pros_trial_ongoing_scaling2,facebook_stories,270.03,29556,929,5,5,1,1.92,0,0,0.0,4858,180
120249784171630167,tw_meta_standard_ios_tw-en_pros_trial_ongoing_scaling2,feed,2055.33,431110,3637,96,57,24,46.07,1,1,0.0,72833,1581
120249784171630167,tw_meta_standard_ios_tw-en_pros_trial_ongoing_scaling2,instagram_explore_grid_home,0.29,290,0,0,0,0,0.0,0,0,0.0,202,1
120249784171630167,tw_meta_standard_ios_tw-en_pros_trial_ongoing_scaling2,instagram_reels,1406.5,185706,1232,47,32,9,16.81,0,0,0.0,35867,745
120249784171630167,tw_meta_standard_ios_tw-en_pros_trial_ongoing_scaling2,instagram_search,0.01,1,0,0,0,0,0.0,0,0,0.0,0,0
120249784171630167,tw_meta_standard_ios_tw-en_pros_trial_ongoing_scaling2,instagram_stories,550.39,96771,1355,20,4,4,7.62,0,0,0.0,9544,1370
120249784171630167,tw_meta_standard_ios_tw-en_pros_trial_ongoing_scaling2,instream_video,151.14,19941,504,7,3,0,0.0,0,0,0.0,10444,243
120249784171630167,tw_meta_standard_ios_tw-en_pros_trial_ongoing_scaling2,marketplace,14.35,7438,16,0,0,0,0.0,0,0,0.0,1205,11
120249784171630167,tw_meta_standard_ios_tw-en_pros_trial_ongoing_scaling2,search,4.89,1642,10,0,1,0,0.0,0,0,0.0,402,0
120249784171630167,tw_meta_standard_ios_tw-en_pros_trial_ongoing_scaling2,threads_feed,213.47,135831,93,5,2,1,1.98,0,0,0.0,44554,280
120249784181830167,tw_meta_standard_ios_tw-en_pros_trial_ongoing_scaling2,an_classic,86.42,8067,2148,1,0,1,1.99,0,0,0.0,5977,158
120249784181830167,tw_meta_standard_ios_tw-en_pros_trial_ongoing_scaling2,biz_disco_feed,0.0,1,0,0,0,0,0.0,0,0,0.0,0,0
120249784181830167,tw_meta_standard_ios_tw-en_pros_trial_ongoing_scaling2,facebook_notification,7.63,1412,8,0,0,0,0.0,0,0,0.0,0,0
120249784181830167,tw_meta_standard_ios_tw-en_pros_trial_ongoing_scaling2,facebook_profile_feed,6.43,1822,12,0,0,0,0.0,0,0,0.0,138,1
120249784181830167,tw_meta_standard_ios_tw-en_pros_trial_ongoing_scaling2,facebook_reels,292.22,65302,434,8,4,0,0.0,0,0,0.0,16757,331
120249784181830167,tw_meta_standard_ios_tw-en_pros_trial_ongoing_scaling2,facebook_reels_overlay,5.26,3457,20,0,0,0,0.0,0,0,0.0,0,0
120249784181830167,tw_meta_standard_ios_tw-en_pros_trial_ongoing_scaling2,facebook_stories,470.39,45772,1778,4,2,2,3.44,0,0,0.0,6609,300
120249784181830167,tw_meta_standard_ios_tw-en_pros_trial_ongoing_scaling2,feed,718.53,217955,1707,11,10,3,5.36,0,0,0.0,24908,403
120249784181830167,tw_meta_standard_ios_tw-en_pros_trial_ongoing_scaling2,instagram_explore_grid_home,0.16,119,0,0,0,0,0.0,0,0,0.0,73,0
120249784181830167,tw_meta_standard_ios_tw-en_pros_trial_ongoing_scaling2,instagram_reels,83.15,14018,46,2,1,2,3.98,0,0,0.0,2862,49
120249784181830167,tw_meta_standard_ios_tw-en_pros_trial_ongoing_scaling2,instagram_stories,141.2,23591,412,3,3,0,0.0,0,0,0.0,2073,260
120249784181830167,tw_meta_standard_ios_tw-en_pros_trial_ongoing_scaling2,instream_video,179.58,24645,669,2,2,0,0.0,0,0,0.0,13818,261
120249784181830167,tw_meta_standard_ios_tw-en_pros_trial_ongoing_scaling2,marketplace,8.99,5178,16,0,0,0,0.0,0,0,0.0,835,4
120249784181830167,tw_meta_standard_ios_tw-en_pros_trial_ongoing_scaling2,search,9.34,2528,22,0,0,0,0.0,0,0,0.0,557,4
120249784181830167,tw_meta_standard_ios_tw-en_pros_trial_ongoing_scaling2,threads_feed,45.47,35757,23,0,0,0,0.0,0,0,0.0,12114,81
120249784194200167,tw_meta_standard_ios_tw-en_pros_trial_ongoing_scaling2,an_classic,135.36,14384,3710,1,0,1,1.93,0,0,0.0,10990,691
120249784194200167,tw_meta_standard_ios_tw-en_pros_trial_ongoing_scaling2,biz_disco_feed,0.0,1,0,0,0,0,0.0,0,0,0.0,0,0
120249784194200167,tw_meta_standard_ios_tw-en_pros_trial_ongoing_scaling2,facebook_notification,12.66,2167,15,0,0,0,0.0,0,0,0.0,0,0
120249784194200167,tw_meta_standard_ios_tw-en_pros_trial_ongoing_scaling2,facebook_profile_feed,22.12,5066,23,0,0,0,0.0,0,0,0.0,950,28
120249784194200167,tw_meta_standard_ios_tw-en_pros_trial_ongoing_scaling2,facebook_reels,5675.34,1055452,8847,367,237,63,116.75,2,5,0.0,351950,15667
120249784194200167,tw_meta_standard_ios_tw-en_pros_trial_ongoing_scaling2,facebook_reels_overlay,34.8,25755,167,0,0,0,0.0,0,0,0.0,0,0
120249784194200167,tw_meta_standard_ios_tw-en_pros_trial_ongoing_scaling2,facebook_stories,847.21,92049,1694,42,33,13,25.33,2,3,0.0,16707,3024
120249784194200167,tw_meta_standard_ios_tw-en_pros_trial_ongoing_scaling2,feed,3107.14,480629,3776,142,99,50,94.15,1,4,0.0,165485,7047
120249784194200167,tw_meta_standard_ios_tw-en_pros_trial_ongoing_scaling2,instagram_reels,3027.46,422659,2959,176,98,36,68.55,0,0,0.0,112513,5099
120249784194200167,tw_meta_standard_ios_tw-en_pros_trial_ongoing_scaling2,instagram_search,0.0,1,0,0,0,0,0.0,0,0,0.0,0,0
120249784194200167,tw_meta_standard_ios_tw-en_pros_trial_ongoing_scaling2,instagram_stories,629.29,100033,2142,17,8,3,5.28,0,0,0.0,8589,1070
120249784194200167,tw_meta_standard_ios_tw-en_pros_trial_ongoing_scaling2,instream_video,331.4,38499,937,7,4,2,3.78,2,3,0.0,21779,625
120249784194200167,tw_meta_standard_ios_tw-en_pros_trial_ongoing_scaling2,marketplace,19.75,8200,60,0,0,0,0.0,0,0,0.0,1644,37
120249784194200167,tw_meta_standard_ios_tw-en_pros_trial_ongoing_scaling2,rewarded_video,284.06,33682,9071,10,4,2,4.01,1,2,0.0,33183,12533
120249784194200167,tw_meta_standard_ios_tw-en_pros_trial_ongoing_scaling2,search,14.31,2708,30,0,0,0,0.0,0,0,0.0,611,17
120249784194200167,tw_meta_standard_ios_tw-en_pros_trial_ongoing_scaling2,threads_feed,547.09,313497,275,12,7,4,7.34,0,0,0.0,133087,2821
120249859615790167,tw_meta_standard_ios_tw-en_pros_trial_ongoing_scaling2,an_classic,73.66,10378,3100,4,1,1,1.23,1,2,0.0,8510,272
120249859615790167,tw_meta_standard_ios_tw-en_pros_trial_ongoing_scaling2,biz_disco_feed,0.03,3,0,0,0,0,0.0,0,0,0.0,0,0
120249859615790167,tw_meta_standard_ios_tw-en_pros_trial_ongoing_scaling2,facebook_notification,5.13,883,4,0,0,0,0.0,0,0,0.0,0,0
120249859615790167,tw_meta_standard_ios_tw-en_pros_trial_ongoing_scaling2,facebook_profile_feed,4.91,1583,9,0,0,0,0.0,0,0,0.0,174,2
120249859615790167,tw_meta_standard_ios_tw-en_pros_trial_ongoing_scaling2,facebook_reels,1834.27,492477,1844,94,63,30,46.7,0,1,0.0,69898,940
120249859615790167,tw_meta_standard_ios_tw-en_pros_trial_ongoing_scaling2,facebook_reels_overlay,17.15,10035,90,0,0,0,0.0,0,0,0.0,0,0
120249859615790167,tw_meta_standard_ios_tw-en_pros_trial_ongoing_scaling2,facebook_stories,694.09,89947,2643,11,10,6,10.21,0,1,0.0,12880,1412
120249859615790167,tw_meta_standard_ios_tw-en_pros_trial_ongoing_scaling2,feed,2255.26,662514,4246,65,44,23,35.63,0,0,0.0,72988,1178
120249859615790167,tw_meta_standard_ios_tw-en_pros_trial_ongoing_scaling2,instagram_explore_grid_home,0.06,112,0,0,0,0,0.0,0,0,0.0,74,0
120249859615790167,tw_meta_standard_ios_tw-en_pros_trial_ongoing_scaling2,instagram_reels,2419.29,522377,1122,167,96,43,65.76,0,0,0.0,86120,734
120249859615790167,tw_meta_standard_ios_tw-en_pros_trial_ongoing_scaling2,instagram_search,0.0,2,0,0,0,0,0.0,0,0,0.0,0,0
120249859615790167,tw_meta_standard_ios_tw-en_pros_trial_ongoing_scaling2,instagram_stories,898.05,207201,2602,24,17,11,18.51,0,0,0.0,11111,1314
120249859615790167,tw_meta_standard_ios_tw-en_pros_trial_ongoing_scaling2,instream_video,333.56,42400,1217,4,2,2,3.96,0,1,0.0,24151,645
120249859615790167,tw_meta_standard_ios_tw-en_pros_trial_ongoing_scaling2,marketplace,51.5,21781,149,0,0,0,0.0,0,0,0.0,4295,42
120249859615790167,tw_meta_standard_ios_tw-en_pros_trial_ongoing_scaling2,rewarded_video,242.5,56282,15909,14,4,2,3.96,0,0,0.0,55759,10316
120249859615790167,tw_meta_standard_ios_tw-en_pros_trial_ongoing_scaling2,search,4.26,837,6,0,0,0,0.0,0,0,0.0,183,2
120249859615790167,tw_meta_standard_ios_tw-en_pros_trial_ongoing_scaling2,threads_feed,177.26,107707,54,1,1,0,0.0,0,0,0.0,35676,246
120249917976060167,tw_meta_standard_ios_tw-en_pros_trial_ongoing_winning,an_classic,63.57,7451,2218,0,0,0,0.0,0,0,0.0,6150,187
120249917976060167,tw_meta_standard_ios_tw-en_pros_trial_ongoing_winning,biz_disco_feed,0.07,6,0,0,0,0,0.0,0,0,0.0,2,0
120249917976060167,tw_meta_standard_ios_tw-en_pros_trial_ongoing_winning,facebook_notification,18.93,3484,33,0,0,0,0.0,0,0,0.0,0,0
120249917976060167,tw_meta_standard_ios_tw-en_pros_trial_ongoing_winning,facebook_profile_feed,5.19,1689,8,0,0,0,0.0,0,0,0.0,150,0
120249917976060167,tw_meta_standard_ios_tw-en_pros_trial_ongoing_winning,facebook_reels,1692.82,414962,1963,124,62,22,42.57,1,1,0.0,60383,819
120249917976060167,tw_meta_standard_ios_tw-en_pros_trial_ongoing_winning,facebook_reels_overlay,5.83,4452,45,0,0,0,0.0,0,0,0.0,0,0
120249917976060167,tw_meta_standard_ios_tw-en_pros_trial_ongoing_winning,facebook_stories,218.15,22908,613,3,1,1,1.79,0,0,0.0,3913,441
120249917976060167,tw_meta_standard_ios_tw-en_pros_trial_ongoing_winning,feed,1974.44,441273,3832,88,38,17,31.63,1,1,0.0,62550,871
120249917976060167,tw_meta_standard_ios_tw-en_pros_trial_ongoing_winning,instagram_explore_grid_home,0.15,200,0,0,0,0,0.0,0,0,0.0,145,2
120249917976060167,tw_meta_standard_ios_tw-en_pros_trial_ongoing_winning,instagram_reels,2810.85,607340,1416,185,101,28,53.07,1,1,0.0,99405,790
120249917976060167,tw_meta_standard_ios_tw-en_pros_trial_ongoing_winning,instagram_search,0.0,4,0,0,0,0,0.0,0,0,0.0,0,0
120249917976060167,tw_meta_standard_ios_tw-en_pros_trial_ongoing_winning,instagram_stories,386.19,60634,830,8,5,1,1.79,0,0,0.0,4478,618
120249917976060167,tw_meta_standard_ios_tw-en_pros_trial_ongoing_winning,instream_video,125.2,12730,401,6,3,2,5.15,0,0,0.0,7688,198
120249917976060167,tw_meta_standard_ios_tw-en_pros_trial_ongoing_winning,marketplace,20.41,7622,98,0,0,0,0.0,0,0,0.0,1471,13
120249917976060167,tw_meta_standard_ios_tw-en_pros_trial_ongoing_winning,rewarded_video,195.51,32493,9428,10,2,0,0.0,1,1,0.0,32181,6204
120249917976060167,tw_meta_standard_ios_tw-en_pros_trial_ongoing_winning,search,14.56,1570,18,0,2,1,2.02,0,1,0.0,290,1
120249917976060167,tw_meta_standard_ios_tw-en_pros_trial_ongoing_winning,threads_feed,101.6,82345,53,4,1,1,1.86,0,0,0.0,25699,147
120249918145530167,tw_meta_standard_ios_tw-en_pros_trial_ongoing_scaling2,an_classic,87.85,11190,3360,0,0,0,0.0,0,0,0.0,9223,352
120249918145530167,tw_meta_standard_ios_tw-en_pros_trial_ongoing_scaling2,facebook_notification,1.98,389,4,0,0,0,0.0,0,0,0.0,0,0
120249918145530167,tw_meta_standard_ios_tw-en_pros_trial_ongoing_scaling2,facebook_profile_feed,2.59,731,7,0,0,0,0.0,0,0,0.0,77,1
120249918145530167,tw_meta_standard_ios_tw-en_pros_trial_ongoing_scaling2,facebook_reels,430.58,107733,538,31,14,9,15.88,1,1,0.0,13733,391
120249918145530167,tw_meta_standard_ios_tw-en_pros_trial_ongoing_scaling2,facebook_reels_overlay,18.22,13092,90,0,0,0,0.0,1,1,0.0,0,0
120249918145530167,tw_meta_standard_ios_tw-en_pros_trial_ongoing_scaling2,facebook_stories,174.63,19225,715,4,2,1,1.99,0,0,0.0,2759,342
120249918145530167,tw_meta_standard_ios_tw-en_pros_trial_ongoing_scaling2,feed,1220.05,314189,3092,40,23,9,13.84,1,1,0.0,35969,788
120249918145530167,tw_meta_standard_ios_tw-en_pros_trial_ongoing_scaling2,instagram_explore_grid_home,0.09,93,1,0,0,0,0.0,0,0,0.0,67,0
120249918145530167,tw_meta_standard_ios_tw-en_pros_trial_ongoing_scaling2,instagram_reels,319.09,43236,177,22,13,5,7.47,0,0,0.0,4213,124
120249918145530167,tw_meta_standard_ios_tw-en_pros_trial_ongoing_scaling2,instagram_search,0.0,2,0,0,0,0,0.0,0,0,0.0,0,0
120249918145530167,tw_meta_standard_ios_tw-en_pros_trial_ongoing_scaling2,instagram_stories,279.41,63369,864,5,3,2,3.13,0,0,0.0,3801,504
120249918145530167,tw_meta_standard_ios_tw-en_pros_trial_ongoing_scaling2,instream_video,95.57,14881,416,4,2,0,0.0,0,0,0.0,8260,302
120249918145530167,tw_meta_standard_ios_tw-en_pros_trial_ongoing_scaling2,marketplace,6.23,2767,20,0,0,0,0.0,0,0,0.0,473,7
120249918145530167,tw_meta_standard_ios_tw-en_pros_trial_ongoing_scaling2,rewarded_video,252.69,54562,16141,7,5,6,8.08,0,0,0.0,54025,11939
120249918145530167,tw_meta_standard_ios_tw-en_pros_trial_ongoing_scaling2,search,6.95,796,15,0,0,0,0.0,0,0,0.0,170,3
120249918145530167,tw_meta_standard_ios_tw-en_pros_trial_ongoing_scaling2,threads_feed,44.72,29775,18,0,0,0,0.0,0,0,0.0,8992,91
120249918254160167,tw_meta_standard_ios_tw-en_pros_trial_ongoing_scaling2,an_classic,42.14,3177,909,0,0,0,0.0,0,0,0.0,2602,96
120249918254160167,tw_meta_standard_ios_tw-en_pros_trial_ongoing_scaling2,facebook_notification,1.87,487,3,0,0,0,0.0,0,0,0.0,0,0
120249918254160167,tw_meta_standard_ios_tw-en_pros_trial_ongoing_scaling2,facebook_profile_feed,1.32,410,4,0,0,0,0.0,0,0,0.0,19,0
120249918254160167,tw_meta_standard_ios_tw-en_pros_trial_ongoing_scaling2,facebook_reels,1062.49,333688,1341,48,25,8,16.39,0,0,0.0,50080,543
120249918254160167,tw_meta_standard_ios_tw-en_pros_trial_ongoing_scaling2,facebook_reels_overlay,12.26,8634,68,0,0,0,0.0,0,0,0.0,0,0
120249918254160167,tw_meta_standard_ios_tw-en_pros_trial_ongoing_scaling2,facebook_stories,253.32,29271,919,10,4,1,1.93,1,1,0.0,4734,500
120249918254160167,tw_meta_standard_ios_tw-en_pros_trial_ongoing_scaling2,feed,1694.09,569080,4167,44,24,9,18.31,0,1,0.0,72279,858
120249918254160167,tw_meta_standard_ios_tw-en_pros_trial_ongoing_scaling2,instagram_explore_grid_home,0.04,73,0,0,0,0,0.0,0,0,0.0,51,1
120249918254160167,tw_meta_standard_ios_tw-en_pros_trial_ongoing_scaling2,instagram_reels,1318.17,290268,596,63,50,16,31.83,1,2,0.0,46361,399
120249918254160167,tw_meta_standard_ios_tw-en_pros_trial_ongoing_scaling2,instagram_stories,267.36,52500,620,9,7,2,3.99,0,0,0.0,3539,527
120249918254160167,tw_meta_standard_ios_tw-en_pros_trial_ongoing_scaling2,instream_video,172.3,21066,655,5,3,3,5.96,0,0,0.0,13178,333
120249918254160167,tw_meta_standard_ios_tw-en_pros_trial_ongoing_scaling2,marketplace,16.68,7939,69,0,0,0,0.0,0,0,0.0,1416,10
120249918254160167,tw_meta_standard_ios_tw-en_pros_trial_ongoing_scaling2,rewarded_video,86.57,7179,2150,2,0,0,0.0,0,0,0.0,7049,1364
120249918254160167,tw_meta_standard_ios_tw-en_pros_trial_ongoing_scaling2,search,4.57,1121,8,0,0,0,0.0,0,0,0.0,250,3
120249918254160167,tw_meta_standard_ios_tw-en_pros_trial_ongoing_scaling2,threads_feed,66.9,69395,23,1,0,1,1.98,0,0,0.0,20852,146
120249918291540167,tw_meta_standard_ios_tw-en_pros_trial_ongoing_scaling2,an_classic,43.57,4097,1160,2,0,0,0.0,0,0,0.0,3470,91
120249918291540167,tw_meta_standard_ios_tw-en_pros_trial_ongoing_scaling2,facebook_notification,1.94,393,1,0,0,0,0.0,0,0,0.0,0,0
120249918291540167,tw_meta_standard_ios_tw-en_pros_trial_ongoing_scaling2,facebook_profile_feed,2.41,574,6,0,0,0,0.0,0,0,0.0,71,0
120249918291540167,tw_meta_standard_ios_tw-en_pros_trial_ongoing_scaling2,facebook_reels,512.42,170084,1386,21,18,9,18.03,0,0,0.0,38380,247
120249918291540167,tw_meta_standard_ios_tw-en_pros_trial_ongoing_scaling2,facebook_reels_overlay,102.66,76025,396,0,0,0,0.0,0,0,0.0,0,0
120249918291540167,tw_meta_standard_ios_tw-en_pros_trial_ongoing_scaling2,facebook_stories,426.79,72128,1578,2,1,0,0.0,0,0,0.0,8974,445
120249918291540167,tw_meta_standard_ios_tw-en_pros_trial_ongoing_scaling2,feed,746.53,223394,1605,18,14,5,10.05,0,0,0.0,53342,382
120249918291540167,tw_meta_standard_ios_tw-en_pros_trial_ongoing_scaling2,instagram_reels,214.26,40045,128,7,6,6,12.27,0,0,0.0,7913,62
120249918291540167,tw_meta_standard_ios_tw-en_pros_trial_ongoing_scaling2,instagram_stories,410.84,102478,2464,1,0,0,0.0,0,0,0.0,5724,247
120249918291540167,tw_meta_standard_ios_tw-en_pros_trial_ongoing_scaling2,instream_video,196.34,27684,759,0,0,0,0.0,0,0,0.0,15317,260
120249918291540167,tw_meta_standard_ios_tw-en_pros_trial_ongoing_scaling2,marketplace,25.28,11147,74,0,0,0,0.0,0,0,0.0,2283,10
120249918291540167,tw_meta_standard_ios_tw-en_pros_trial_ongoing_scaling2,search,2.73,1042,5,0,0,0,0.0,0,0,0.0,251,0
120249918291540167,tw_meta_standard_ios_tw-en_pros_trial_ongoing_scaling2,threads_feed,116.32,122451,76,0,0,0,0.0,0,0,0.0,46701,179
120249918296230167,tw_meta_standard_ios_tw-en_pros_trial_ongoing_winning,an_classic,40.61,3508,1069,3,0,0,0.0,0,0,0.0,2926,63
120249918296230167,tw_meta_standard_ios_tw-en_pros_trial_ongoing_winning,facebook_notification,1.9,432,2,0,0,0,0.0,0,0,0.0,0,0
120249918296230167,tw_meta_standard_ios_tw-en_pros_trial_ongoing_winning,facebook_profile_feed,1.5,421,4,0,0,0,0.0,0,0,0.0,46,0
120249918296230167,tw_meta_standard_ios_tw-en_pros_trial_ongoing_winning,facebook_reels,604.13,110596,1091,60,22,11,24.4,1,1,0.0,22097,601
120249918296230167,tw_meta_standard_ios_tw-en_pros_trial_ongoing_winning,facebook_reels_overlay,41.88,34009,207,0,0,0,0.0,0,0,0.0,0,0
120249918296230167,tw_meta_standard_ios_tw-en_pros_trial_ongoing_winning,facebook_stories,249.09,28749,1192,4,3,0,0.0,0,0,0.0,4442,188
120249918296230167,tw_meta_standard_ios_tw-en_pros_trial_ongoing_winning,feed,677.28,205762,1986,25,8,6,11.38,0,0,0.0,29159,690
120249918296230167,tw_meta_standard_ios_tw-en_pros_trial_ongoing_winning,instagram_explore_grid_home,0.03,27,0,0,0,0,0.0,0,0,0.0,15,0
120249918296230167,tw_meta_standard_ios_tw-en_pros_trial_ongoing_winning,instagram_reels,356.25,53708,406,21,5,4,8.93,0,0,0.0,8161,172
120249918296230167,tw_meta_standard_ios_tw-en_pros_trial_ongoing_winning,instagram_stories,85.66,19483,317,1,2,0,0.0,1,1,0.0,1945,361
120249918296230167,tw_meta_standard_ios_tw-en_pros_trial_ongoing_winning,instream_video,140.95,24138,673,1,0,0,0.0,0,0,0.0,12598,292
120249918296230167,tw_meta_standard_ios_tw-en_pros_trial_ongoing_winning,marketplace,4.12,2082,9,0,0,0,0.0,0,0,0.0,341,2
120249918296230167,tw_meta_standard_ios_tw-en_pros_trial_ongoing_winning,search,2.89,632,7,0,0,0,0.0,0,0,0.0,139,2
120249918296230167,tw_meta_standard_ios_tw-en_pros_trial_ongoing_winning,threads_feed,23.43,21962,13,0,0,0,0.0,0,0,0.0,6467,38
120249918716020167,tw_meta_standard_ios_tw-en_pros_purchase_ongoing_no-disc_testing,an_classic,2.67,113,34,0,0,0,0.0,0,0,0.0,102,3
120249918716020167,tw_meta_standard_ios_tw-en_pros_purchase_ongoing_no-disc_testing,facebook_notification,0.32,33,0,0,0,0,0.0,0,0,0.0,0,0
120249918716020167,tw_meta_standard_ios_tw-en_pros_purchase_ongoing_no-disc_testing,facebook_reels,14.61,3992,146,0,0,0,0.0,0,0,0.0,1934,12
120249918716020167,tw_meta_standard_ios_tw-en_pros_purchase_ongoing_no-disc_testing,facebook_stories,12.36,1673,62,0,0,0,0.0,0,0,0.0,665,12
120249918716020167,tw_meta_standard_ios_tw-en_pros_purchase_ongoing_no-disc_testing,feed,73.75,23476,496,0,0,0,0.0,0,0,0.0,6152,53
120249918716020167,tw_meta_standard_ios_tw-en_pros_purchase_ongoing_no-disc_testing,instagram_reels,23.54,4040,89,0,0,0,0.0,0,0,0.0,1646,8
120249918716020167,tw_meta_standard_ios_tw-en_pros_purchase_ongoing_no-disc_testing,instagram_stories,57.25,13858,485,0,0,0,0.0,0,0,0.0,2054,42
120249918716020167,tw_meta_standard_ios_tw-en_pros_purchase_ongoing_no-disc_testing,instream_video,0.26,40,2,0,0,0,0.0,0,0,0.0,22,0
120249918716020167,tw_meta_standard_ios_tw-en_pros_purchase_ongoing_no-disc_testing,marketplace,0.08,17,1,0,0,0,0.0,0,0,0.0,1,0
120249918716020167,tw_meta_standard_ios_tw-en_pros_purchase_ongoing_no-disc_testing,search,0.03,10,0,0,0,0,0.0,0,0,0.0,1,0
120249918769370167,tw_meta_standard_ios_tw-en_pros_purchase_ongoing_no-disc_testing,an_classic,27.68,2533,689,0,0,0,0.0,0,0,0.0,2009,44
120249918769370167,tw_meta_standard_ios_tw-en_pros_purchase_ongoing_no-disc_testing,facebook_notification,0.08,17,0,0,0,0,0.0,0,0,0.0,0,0
120249918769370167,tw_meta_standard_ios_tw-en_pros_purchase_ongoing_no-disc_testing,facebook_reels,21.0,3493,77,0,0,0,0.0,0,0,0.0,1006,8
120249918769370167,tw_meta_standard_ios_tw-en_pros_purchase_ongoing_no-disc_testing,facebook_reels_overlay,0.88,785,5,0,0,0,0.0,0,0,0.0,0,0
120249918769370167,tw_meta_standard_ios_tw-en_pros_purchase_ongoing_no-disc_testing,facebook_stories,14.23,1635,64,0,0,0,0.0,0,0,0.0,288,8
120249918769370167,tw_meta_standard_ios_tw-en_pros_purchase_ongoing_no-disc_testing,feed,39.59,17260,158,0,0,0,0.0,0,0,0.0,2731,31
120249918769370167,tw_meta_standard_ios_tw-en_pros_purchase_ongoing_no-disc_testing,instagram_reels,29.76,4645,52,1,0,0,0.0,0,0,0.0,1270,3
120249918769370167,tw_meta_standard_ios_tw-en_pros_purchase_ongoing_no-disc_testing,instagram_stories,40.2,10545,197,0,0,0,0.0,0,0,0.0,727,47
120249918769370167,tw_meta_standard_ios_tw-en_pros_purchase_ongoing_no-disc_testing,instream_video,3.97,864,34,0,0,0,0.0,0,0,0.0,408,10
120249918769370167,tw_meta_standard_ios_tw-en_pros_purchase_ongoing_no-disc_testing,marketplace,0.08,48,0,0,0,0,0.0,0,0,0.0,7,0
120249918769370167,tw_meta_standard_ios_tw-en_pros_purchase_ongoing_no-disc_testing,search,0.08,24,0,0,0,0,0.0,0,0,0.0,1,0
120249918847860167,tw_meta_standard_ios_tw-en_pros_purchase_ongoing_no-disc_testing,an_classic,8.78,632,196,0,0,0,0.0,0,0,0.0,527,13
120249918847860167,tw_meta_standard_ios_tw-en_pros_purchase_ongoing_no-disc_testing,facebook_notification,0.2,43,0,0,0,0,0.0,0,0,0.0,0,0
120249918847860167,tw_meta_standard_ios_tw-en_pros_purchase_ongoing_no-disc_testing,facebook_reels,22.82,5291,95,0,0,0,0.0,0,0,0.0,1410,11
120249918847860167,tw_meta_standard_ios_tw-en_pros_purchase_ongoing_no-disc_testing,facebook_reels_overlay,4.11,3364,29,0,0,0,0.0,0,0,0.0,0,0
120249918847860167,tw_meta_standard_ios_tw-en_pros_purchase_ongoing_no-disc_testing,facebook_stories,11.22,1211,65,0,0,0,0.0,0,0,0.0,275,4
120249918847860167,tw_meta_standard_ios_tw-en_pros_purchase_ongoing_no-disc_testing,feed,41.69,16142,284,1,0,0,0.0,0,0,0.0,2875,16
120249918847860167,tw_meta_standard_ios_tw-en_pros_purchase_ongoing_no-disc_testing,instagram_reels,41.85,11405,190,1,1,0,0.0,0,0,0.0,1744,10
120249918847860167,tw_meta_standard_ios_tw-en_pros_purchase_ongoing_no-disc_testing,instagram_stories,59.15,21173,399,3,0,1,2.22,0,0,0.0,1168,57
120249918847860167,tw_meta_standard_ios_tw-en_pros_purchase_ongoing_no-disc_testing,instream_video,6.28,1267,38,0,0,0,0.0,0,0,0.0,670,10
120249918847860167,tw_meta_standard_ios_tw-en_pros_purchase_ongoing_no-disc_testing,marketplace,1.07,462,6,0,0,0,0.0,0,0,0.0,98,0
120249918847860167,tw_meta_standard_ios_tw-en_pros_purchase_ongoing_no-disc_testing,search,0.01,9,1,0,0,0,0.0,0,0,0.0,0,0
120249918894470167,tw_meta_standard_ios_tw-en_pros_purchase_ongoing_no-disc_testing,an_classic,9.91,979,265,0,0,0,0.0,0,0,0.0,788,39
120249918894470167,tw_meta_standard_ios_tw-en_pros_purchase_ongoing_no-disc_testing,facebook_notification,0.07,13,0,0,0,0,0.0,0,0,0.0,0,0
120249918894470167,tw_meta_standard_ios_tw-en_pros_purchase_ongoing_no-disc_testing,facebook_reels,26.28,5444,77,0,0,0,0.0,0,0,0.0,1530,42
120249918894470167,tw_meta_standard_ios_tw-en_pros_purchase_ongoing_no-disc_testing,facebook_reels_overlay,4.3,3402,25,0,0,0,0.0,0,0,0.0,0,0
120249918894470167,tw_meta_standard_ios_tw-en_pros_purchase_ongoing_no-disc_testing,facebook_stories,8.16,834,55,0,0,0,0.0,0,0,0.0,184,26
120249918894470167,tw_meta_standard_ios_tw-en_pros_purchase_ongoing_no-disc_testing,feed,40.23,16297,168,1,0,0,0.0,0,0,0.0,2137,45
120249918894470167,tw_meta_standard_ios_tw-en_pros_purchase_ongoing_no-disc_testing,instagram_reels,12.11,1805,30,0,0,0,0.0,0,0,0.0,361,4
120249918894470167,tw_meta_standard_ios_tw-en_pros_purchase_ongoing_no-disc_testing,instagram_stories,22.82,5948,114,2,2,1,2.1,0,0,0.0,371,28
120249918894470167,tw_meta_standard_ios_tw-en_pros_purchase_ongoing_no-disc_testing,instream_video,13.19,2571,63,0,0,0,0.0,0,0,0.0,1330,34
120249918894470167,tw_meta_standard_ios_tw-en_pros_purchase_ongoing_no-disc_testing,marketplace,0.25,152,1,0,0,0,0.0,0,0,0.0,25,0
120249918894470167,tw_meta_standard_ios_tw-en_pros_purchase_ongoing_no-disc_testing,rewarded_video,35.23,3687,1079,0,0,0,0.0,0,0,0.0,3641,882
120249918894470167,tw_meta_standard_ios_tw-en_pros_purchase_ongoing_no-disc_testing,search,0.44,101,0,0,0,0,0.0,0,0,0.0,21,0
120249918980570167,tw_meta_standard_ios_tw-en_pros_purchase_ongoing_no-disc_testing,an_classic,78.2,10726,3271,0,0,0,0.0,0,0,0.0,8852,263
120249918980570167,tw_meta_standard_ios_tw-en_pros_purchase_ongoing_no-disc_testing,biz_disco_feed,0.01,1,0,0,0,0,0.0,0,0,0.0,0,0
120249918980570167,tw_meta_standard_ios_tw-en_pros_purchase_ongoing_no-disc_testing,facebook_notification,7.68,1158,20,0,0,0,0.0,0,0,0.0,0,0
120249918980570167,tw_meta_standard_ios_tw-en_pros_purchase_ongoing_no-disc_testing,facebook_reels,339.24,105542,1750,17,13,3,6.6,0,0,0.0,48915,468
120249918980570167,tw_meta_standard_ios_tw-en_pros_purchase_ongoing_no-disc_testing,facebook_reels_overlay,10.38,7799,73,0,0,0,0.0,0,0,0.0,0,0
120249918980570167,tw_meta_standard_ios_tw-en_pros_purchase_ongoing_no-disc_testing,facebook_stories,261.43,36019,1070,6,0,1,2.16,0,0,0.0,15011,189
120249918980570167,tw_meta_standard_ios_tw-en_pros_purchase_ongoing_no-disc_testing,feed,1085.4,356190,9955,30,18,5,11.14,0,0,0.0,115365,1321
120249918980570167,tw_meta_standard_ios_tw-en_pros_purchase_ongoing_no-disc_testing,instagram_explore_grid_home,0.18,263,0,0,0,0,0.0,0,0,0.0,169,1
120249918980570167,tw_meta_standard_ios_tw-en_pros_purchase_ongoing_no-disc_testing,instagram_reels,864.33,203963,6071,41,29,5,10.2,0,0,0.0,102510,512
120249918980570167,tw_meta_standard_ios_tw-en_pros_purchase_ongoing_no-disc_testing,instagram_stories,1221.09,299206,8277,63,35,22,46.44,0,0,0.0,42021,1288
120249918980570167,tw_meta_standard_ios_tw-en_pros_purchase_ongoing_no-disc_testing,instream_video,30.59,5555,192,0,0,0,0.0,0,0,0.0,2941,51
120249918980570167,tw_meta_standard_ios_tw-en_pros_purchase_ongoing_no-disc_testing,marketplace,7.94,2619,26,0,0,0,0.0,0,0,0.0,504,3
120249918980570167,tw_meta_standard_ios_tw-en_pros_purchase_ongoing_no-disc_testing,search,1.51,370,6,0,0,0,0.0,0,0,0.0,85,0
120249919047430167,tw_meta_standard_ios_tw-en_pros_purchase_ongoing_no-disc_testing,an_classic,13.99,1755,575,1,2,0,0.0,0,0,0.0,1438,58
120249919047430167,tw_meta_standard_ios_tw-en_pros_purchase_ongoing_no-disc_testing,facebook_notification,0.09,19,1,0,0,0,0.0,0,0,0.0,0,0
120249919047430167,tw_meta_standard_ios_tw-en_pros_purchase_ongoing_no-disc_testing,facebook_reels,51.35,11383,217,1,2,0,0.0,0,0,0.0,2372,30
120249919047430167,tw_meta_standard_ios_tw-en_pros_purchase_ongoing_no-disc_testing,facebook_reels_overlay,0.05,104,1,0,0,0,0.0,0,0,0.0,0,0
120249919047430167,tw_meta_standard_ios_tw-en_pros_purchase_ongoing_no-disc_testing,facebook_stories,28.04,3423,113,0,0,0,0.0,0,0,0.0,571,67
120249919047430167,tw_meta_standard_ios_tw-en_pros_purchase_ongoing_no-disc_testing,feed,61.44,20664,251,3,1,1,2.38,0,0,0.0,3962,57
120249919047430167,tw_meta_standard_ios_tw-en_pros_purchase_ongoing_no-disc_testing,instagram_explore_grid_home,0.0,7,0,0,0,0,0.0,0,0,0.0,4,0
120249919047430167,tw_meta_standard_ios_tw-en_pros_purchase_ongoing_no-disc_testing,instagram_reels,19.36,3133,53,0,0,0,0.0,0,0,0.0,558,5
120249919047430167,tw_meta_standard_ios_tw-en_pros_purchase_ongoing_no-disc_testing,instagram_stories,31.18,6019,108,1,0,0,0.0,0,0,0.0,403,41
120249919047430167,tw_meta_standard_ios_tw-en_pros_purchase_ongoing_no-disc_testing,instream_video,5.86,1045,39,0,0,0,0.0,0,0,0.0,613,27
120249919047430167,tw_meta_standard_ios_tw-en_pros_purchase_ongoing_no-disc_testing,marketplace,0.04,20,0,0,0,0,0.0,0,0,0.0,3,0
120249919047430167,tw_meta_standard_ios_tw-en_pros_purchase_ongoing_no-disc_testing,rewarded_video,36.5,5219,1500,0,0,0,0.0,0,0,0.0,5160,934
120249919047430167,tw_meta_standard_ios_tw-en_pros_purchase_ongoing_no-disc_testing,search,0.57,130,3,0,0,0,0.0,0,0,0.0,28,0
120249990578130167,tw_meta_standard_ios_tw-en_pros_purchase_ongoing_no-disc_testing,facebook_reels,14.35,3222,45,0,0,0,0.0,0,0,0.0,680,5
120249990578130167,tw_meta_standard_ios_tw-en_pros_purchase_ongoing_no-disc_testing,facebook_stories,10.99,1487,59,2,1,0,0.0,0,0,0.0,321,14
120249990578130167,tw_meta_standard_ios_tw-en_pros_purchase_ongoing_no-disc_testing,feed,102.44,31316,678,1,1,0,0.0,0,0,0.0,3500,61
120249990578130167,tw_meta_standard_ios_tw-en_pros_purchase_ongoing_no-disc_testing,instagram_explore_grid_home,0.1,34,0,0,0,0,0.0,0,0,0.0,22,0
120249990578130167,tw_meta_standard_ios_tw-en_pros_purchase_ongoing_no-disc_testing,instagram_reels,52.61,7385,206,2,2,0,0.0,0,0,0.0,1760,26
120249990578130167,tw_meta_standard_ios_tw-en_pros_purchase_ongoing_no-disc_testing,instagram_stories,21.33,3861,124,0,0,0,0.0,0,0,0.0,432,35
120249990578130167,tw_meta_standard_ios_tw-en_pros_purchase_ongoing_no-disc_testing,instream_video,0.07,11,0,0,0,0,0.0,0,0,0.0,2,0
120249990614210167,tw_meta_standard_ios_tw-en_pros_purchase_ongoing_no-disc_testing,an_classic,104.58,17131,5439,2,2,0,0.0,0,0,0.0,14306,387
120249990614210167,tw_meta_standard_ios_tw-en_pros_purchase_ongoing_no-disc_testing,biz_disco_feed,0.0,1,0,0,0,0,0.0,0,0,0.0,0,0
120249990614210167,tw_meta_standard_ios_tw-en_pros_purchase_ongoing_no-disc_testing,facebook_notification,3.65,521,5,0,0,0,0.0,0,0,0.0,0,0
120249990614210167,tw_meta_standard_ios_tw-en_pros_purchase_ongoing_no-disc_testing,facebook_reels,105.94,19296,326,2,0,0,0.0,0,0,0.0,4276,38
120249990614210167,tw_meta_standard_ios_tw-en_pros_purchase_ongoing_no-disc_testing,facebook_reels_overlay,11.22,9289,59,0,0,0,0.0,0,0,0.0,0,0
120249990614210167,tw_meta_standard_ios_tw-en_pros_purchase_ongoing_no-disc_testing,facebook_stories,387.35,35746,1834,2,2,2,4.57,0,0,0.0,7453,269
120249990614210167,tw_meta_standard_ios_tw-en_pros_purchase_ongoing_no-disc_testing,feed,678.63,222217,3403,4,1,1,2.24,0,0,0.0,38905,385
120249990614210167,tw_meta_standard_ios_tw-en_pros_purchase_ongoing_no-disc_testing,instagram_explore_grid_home,0.73,577,5,0,0,0,0.0,0,0,0.0,385,0
120249990614210167,tw_meta_standard_ios_tw-en_pros_purchase_ongoing_no-disc_testing,instagram_reels,332.32,49811,995,3,1,0,0.0,0,0,0.0,12637,103
120249990614210167,tw_meta_standard_ios_tw-en_pros_purchase_ongoing_no-disc_testing,instagram_stories,712.35,133972,2757,15,11,10,21.93,0,0,0.0,13659,757
120249990614210167,tw_meta_standard_ios_tw-en_pros_purchase_ongoing_no-disc_testing,instream_video,21.34,3058,150,0,0,0,0.0,0,0,0.0,1659,50
120249990614210167,tw_meta_standard_ios_tw-en_pros_purchase_ongoing_no-disc_testing,marketplace,17.54,6935,74,0,0,0,0.0,0,0,0.0,1228,5
120249990614210167,tw_meta_standard_ios_tw-en_pros_purchase_ongoing_no-disc_testing,search,1.44,299,7,0,0,0,0.0,0,0,0.0,70,0
120249990690510167,tw_meta_standard_ios_tw-en_pros_purchase_ongoing_no-disc_testing,an_classic,6.26,713,197,0,0,0,0.0,0,0,0.0,568,28
120249990690510167,tw_meta_standard_ios_tw-en_pros_purchase_ongoing_no-disc_testing,facebook_notification,0.01,4,0,0,0,0,0.0,0,0,0.0,0,0
120249990690510167,tw_meta_standard_ios_tw-en_pros_purchase_ongoing_no-disc_testing,facebook_reels,13.33,2684,22,0,0,0,0.0,0,0,0.0,649,4
120249990690510167,tw_meta_standard_ios_tw-en_pros_purchase_ongoing_no-disc_testing,facebook_reels_overlay,0.05,11,1,0,0,0,0.0,0,0,0.0,0,0
120249990690510167,tw_meta_standard_ios_tw-en_pros_purchase_ongoing_no-disc_testing,facebook_stories,5.76,700,27,0,0,0,0.0,0,0,0.0,122,15
120249990690510167,tw_meta_standard_ios_tw-en_pros_purchase_ongoing_no-disc_testing,feed,33.27,9876,224,0,0,0,0.0,0,0,0.0,2134,16
120249990690510167,tw_meta_standard_ios_tw-en_pros_purchase_ongoing_no-disc_testing,instagram_explore_grid_home,0.09,70,2,0,0,0,0.0,0,0,0.0,40,0
120249990690510167,tw_meta_standard_ios_tw-en_pros_purchase_ongoing_no-disc_testing,instagram_reels,182.95,52531,2870,1,1,0,0.0,0,0,0.0,14914,59
120249990690510167,tw_meta_standard_ios_tw-en_pros_purchase_ongoing_no-disc_testing,instagram_stories,20.88,6630,152,0,0,0,0.0,0,0,0.0,765,23
120249990690510167,tw_meta_standard_ios_tw-en_pros_purchase_ongoing_no-disc_testing,instream_video,0.45,72,4,0,0,0,0.0,0,0,0.0,40,2
120249990690510167,tw_meta_standard_ios_tw-en_pros_purchase_ongoing_no-disc_testing,marketplace,0.05,19,0,0,0,0,0.0,0,0,0.0,3,0
120249990690510167,tw_meta_standard_ios_tw-en_pros_purchase_ongoing_no-disc_testing,rewarded_video,10.38,1132,377,0,0,0,0.0,0,0,0.0,1115,197
120249990690510167,tw_meta_standard_ios_tw-en_pros_purchase_ongoing_no-disc_testing,search,0.05,16,0,0,0,0,0.0,0,0,0.0,1,0
120249990716300167,tw_meta_standard_ios_tw-en_pros_purchase_ongoing_no-disc_testing,an_classic,2.57,259,72,0,0,0,0.0,0,0,0.0,211,11
120249990716300167,tw_meta_standard_ios_tw-en_pros_purchase_ongoing_no-disc_testing,facebook_notification,0.0,7,0,0,0,0,0.0,0,0,0.0,0,0
120249990716300167,tw_meta_standard_ios_tw-en_pros_purchase_ongoing_no-disc_testing,facebook_reels,2.26,805,11,0,0,0,0.0,0,0,0.0,319,1
120249990716300167,tw_meta_standard_ios_tw-en_pros_purchase_ongoing_no-disc_testing,facebook_stories,1.02,196,4,0,0,0,0.0,0,0,0.0,61,2
120249990716300167,tw_meta_standard_ios_tw-en_pros_purchase_ongoing_no-disc_testing,feed,50.47,15160,592,0,0,0,0.0,0,0,0.0,4589,62
120249990716300167,tw_meta_standard_ios_tw-en_pros_purchase_ongoing_no-disc_testing,instagram_explore_grid_home,0.0,2,0,0,0,0,0.0,0,0,0.0,1,0
120249990716300167,tw_meta_standard_ios_tw-en_pros_purchase_ongoing_no-disc_testing,instagram_reels,86.27,18549,492,1,0,0,0.0,0,0,0.0,8339,68
120249990716300167,tw_meta_standard_ios_tw-en_pros_purchase_ongoing_no-disc_testing,instagram_stories,22.39,5882,166,0,0,0,0.0,0,0,0.0,984,31
120249990716300167,tw_meta_standard_ios_tw-en_pros_purchase_ongoing_no-disc_testing,instream_video,0.02,3,0,0,0,0,0.0,0,0,0.0,2,0
120249990716300167,tw_meta_standard_ios_tw-en_pros_purchase_ongoing_no-disc_testing,marketplace,0.02,5,0,0,0,0,0.0,0,0,0.0,1,0
120249991414980167,tw_meta_standard_ios_tw-en_pros_purchase_ongoing_no-disc_testing,an_classic,90.81,13919,4382,1,1,0,0.0,0,0,0.0,11487,407
120249991414980167,tw_meta_standard_ios_tw-en_pros_purchase_ongoing_no-disc_testing,biz_disco_feed,0.02,5,0,0,0,0,0.0,0,0,0.0,0,0
120249991414980167,tw_meta_standard_ios_tw-en_pros_purchase_ongoing_no-disc_testing,facebook_notification,4.3,743,19,0,0,0,0.0,0,0,0.0,0,0
120249991414980167,tw_meta_standard_ios_tw-en_pros_purchase_ongoing_no-disc_testing,facebook_reels,34.59,6238,108,2,0,0,0.0,0,0,0.0,843,14
120249991414980167,tw_meta_standard_ios_tw-en_pros_purchase_ongoing_no-disc_testing,facebook_reels_overlay,8.55,5943,41,0,0,0,0.0,0,0,0.0,0,0
120249991414980167,tw_meta_standard_ios_tw-en_pros_purchase_ongoing_no-disc_testing,facebook_stories,11.72,1281,47,1,1,1,2.16,0,0,0.0,203,27
120249991414980167,tw_meta_standard_ios_tw-en_pros_purchase_ongoing_no-disc_testing,feed,265.96,93927,1476,4,3,4,8.62,0,0,0.0,7174,125
120249991414980167,tw_meta_standard_ios_tw-en_pros_purchase_ongoing_no-disc_testing,instagram_explore_grid_home,0.14,48,0,0,0,0,0.0,0,0,0.0,31,0
120249991414980167,tw_meta_standard_ios_tw-en_pros_purchase_ongoing_no-disc_testing,instagram_reels,158.73,34731,925,0,0,0,0.0,0,0,0.0,4022,39
120249991414980167,tw_meta_standard_ios_tw-en_pros_purchase_ongoing_no-disc_testing,instagram_stories,172.14,51029,795,0,0,0,0.0,0,0,0.0,1714,197
120249991414980167,tw_meta_standard_ios_tw-en_pros_purchase_ongoing_no-disc_testing,instream_video,13.08,2717,99,0,0,0,0.0,0,0,0.0,1520,89
120249991414980167,tw_meta_standard_ios_tw-en_pros_purchase_ongoing_no-disc_testing,marketplace,3.07,1026,9,0,0,0,0.0,0,0,0.0,151,2
120249991414980167,tw_meta_standard_ios_tw-en_pros_purchase_ongoing_no-disc_testing,rewarded_video,351.47,65547,18812,9,6,3,6.82,0,0,0.0,64826,12571
120249991414980167,tw_meta_standard_ios_tw-en_pros_purchase_ongoing_no-disc_testing,search,1.6,417,4,0,0,0,0.0,0,0,0.0,94,0
120249991458770167,tw_meta_standard_ios_tw-en_pros_purchase_ongoing_no-disc_testing,an_classic,3.78,463,134,0,0,0,0.0,0,0,0.0,370,4
120249991458770167,tw_meta_standard_ios_tw-en_pros_purchase_ongoing_no-disc_testing,facebook_notification,0.16,31,1,0,0,0,0.0,0,0,0.0,0,0
120249991458770167,tw_meta_standard_ios_tw-en_pros_purchase_ongoing_no-disc_testing,facebook_reels,101.84,28132,1377,1,0,0,0.0,0,0,0.0,9525,57
120249991458770167,tw_meta_standard_ios_tw-en_pros_purchase_ongoing_no-disc_testing,facebook_stories,5.84,773,25,0,0,0,0.0,0,0,0.0,205,5
120249991458770167,tw_meta_standard_ios_tw-en_pros_purchase_ongoing_no-disc_testing,feed,42.76,13181,246,3,3,1,2.26,0,0,0.0,3450,28
120249991458770167,tw_meta_standard_ios_tw-en_pros_purchase_ongoing_no-disc_testing,instagram_explore_grid_home,0.01,5,0,0,0,0,0.0,0,0,0.0,2,0
120249991458770167,tw_meta_standard_ios_tw-en_pros_purchase_ongoing_no-disc_testing,instagram_reels,37.33,6254,134,1,1,1,2.26,0,0,0.0,2123,8
120249991458770167,tw_meta_standard_ios_tw-en_pros_purchase_ongoing_no-disc_testing,instagram_stories,17.84,3307,69,1,0,0,0.0,0,0,0.0,351,23
120249991458770167,tw_meta_standard_ios_tw-en_pros_purchase_ongoing_no-disc_testing,instream_video,0.58,90,3,0,0,0,0.0,0,0,0.0,44,0
120249991458770167,tw_meta_standard_ios_tw-en_pros_purchase_ongoing_no-disc_testing,marketplace,0.03,3,0,0,0,0,0.0,0,0,0.0,0,0
120249991458770167,tw_meta_standard_ios_tw-en_pros_purchase_ongoing_no-disc_testing,search,0.12,5,1,0,0,0,0.0,0,0,0.0,2,0
120249992156470167,tw_meta_standard_ios_tw-en_pros_purchase_ongoing_no-disc_testing,facebook_reels,8.01,2431,57,0,0,0,0.0,0,0,0.0,888,9
120249992156470167,tw_meta_standard_ios_tw-en_pros_purchase_ongoing_no-disc_testing,facebook_stories,9.54,1140,40,0,0,0,0.0,0,0,0.0,265,22
120249992156470167,tw_meta_standard_ios_tw-en_pros_purchase_ongoing_no-disc_testing,feed,48.04,14001,368,0,0,0,0.0,0,0,0.0,3168,48
120249992156470167,tw_meta_standard_ios_tw-en_pros_purchase_ongoing_no-disc_testing,instagram_explore_grid_home,0.06,43,0,0,0,0,0.0,0,0,0.0,21,0
120249992156470167,tw_meta_standard_ios_tw-en_pros_purchase_ongoing_no-disc_testing,instagram_reels,100.49,23831,1569,1,0,0,0.0,0,0,0.0,10408,110
120249992156470167,tw_meta_standard_ios_tw-en_pros_purchase_ongoing_no-disc_testing,instagram_stories,36.21,7093,242,2,1,0,0.0,0,0,0.0,1524,44
120249992189790167,tw_meta_standard_ios_tw-en_pros_purchase_ongoing_no-disc_testing,facebook_reels,32.92,11103,467,0,0,0,0.0,0,0,0.0,5466,20
120249992189790167,tw_meta_standard_ios_tw-en_pros_purchase_ongoing_no-disc_testing,facebook_stories,13.15,1733,78,0,0,0,0.0,0,0,0.0,557,30
120249992189790167,tw_meta_standard_ios_tw-en_pros_purchase_ongoing_no-disc_testing,feed,63.66,28875,416,0,0,0,0.0,0,0,0.0,6572,57
120249992189790167,tw_meta_standard_ios_tw-en_pros_purchase_ongoing_no-disc_testing,instagram_explore_grid_home,0.11,85,4,0,0,0,0.0,0,0,0.0,58,0
120249992189790167,tw_meta_standard_ios_tw-en_pros_purchase_ongoing_no-disc_testing,instagram_reels,82.84,20996,1228,0,0,0,0.0,0,0,0.0,10208,33
120249992189790167,tw_meta_standard_ios_tw-en_pros_purchase_ongoing_no-disc_testing,instagram_stories,73.91,18501,504,0,0,0,0.0,0,0,0.0,2919,71
120249992189790167,tw_meta_standard_ios_tw-en_pros_purchase_ongoing_no-disc_testing,instream_video,0.07,9,1,0,0,0,0.0,0,0,0.0,5,0
120249992226780167,tw_meta_standard_ios_tw-en_pros_purchase_ongoing_no-disc_testing,facebook_reels,3.87,959,19,0,0,0,0.0,0,0,0.0,234,1
120249992226780167,tw_meta_standard_ios_tw-en_pros_purchase_ongoing_no-disc_testing,facebook_stories,2.79,372,11,0,0,0,0.0,0,0,0.0,84,2
120249992226780167,tw_meta_standard_ios_tw-en_pros_purchase_ongoing_no-disc_testing,feed,16.31,7720,127,0,0,0,0.0,0,0,0.0,1001,12
120249992226780167,tw_meta_standard_ios_tw-en_pros_purchase_ongoing_no-disc_testing,instagram_reels,58.36,12301,360,2,0,0,0.0,0,0,0.0,2744,9
120249992226780167,tw_meta_standard_ios_tw-en_pros_purchase_ongoing_no-disc_testing,instagram_stories,114.13,40093,1195,0,0,0,0.0,0,0,0.0,4483,61
120249992226780167,tw_meta_standard_ios_tw-en_pros_purchase_ongoing_no-disc_testing,instream_video,0.0,2,0,0,0,0,0.0,0,0,0.0,0,0
120249992335170167,tw_meta_standard_ios_tw-en_pros_purchase_ongoing_no-disc_testing,facebook_reels,19.96,6045,118,0,0,0,0.0,0,0,0.0,2837,28
120249992335170167,tw_meta_standard_ios_tw-en_pros_purchase_ongoing_no-disc_testing,facebook_stories,3.95,612,28,0,0,0,0.0,0,0,0.0,204,5
120249992335170167,tw_meta_standard_ios_tw-en_pros_purchase_ongoing_no-disc_testing,feed,71.58,20859,838,0,0,0,0.0,0,0,0.0,5825,72
120249992335170167,tw_meta_standard_ios_tw-en_pros_purchase_ongoing_no-disc_testing,instagram_explore_grid_home,0.01,5,0,0,0,0,0.0,0,0,0.0,4,0
120249992335170167,tw_meta_standard_ios_tw-en_pros_purchase_ongoing_no-disc_testing,instagram_reels,95.21,20096,917,4,1,1,2.26,0,0,0.0,9113,42
120249992335170167,tw_meta_standard_ios_tw-en_pros_purchase_ongoing_no-disc_testing,instagram_stories,18.37,3302,139,1,0,0,0.0,0,0,0.0,1004,23
120249992335170167,tw_meta_standard_ios_tw-en_pros_purchase_ongoing_no-disc_testing,instream_video,0.02,2,0,0,0,0,0.0,0,0,0.0,2,1
120249992963230167,tw_meta_standard_ios_tw-en_pros_purchase_ongoing_no-disc_testing,an_classic,21.04,3153,929,0,0,0,0.0,0,0,0.0,2539,62
120249992963230167,tw_meta_standard_ios_tw-en_pros_purchase_ongoing_no-disc_testing,facebook_notification,0.06,21,0,0,0,0,0.0,0,0,0.0,0,0
120249992963230167,tw_meta_standard_ios_tw-en_pros_purchase_ongoing_no-disc_testing,facebook_reels,32.7,6852,258,0,0,0,0.0,0,0,0.0,2252,21
120249992963230167,tw_meta_standard_ios_tw-en_pros_purchase_ongoing_no-disc_testing,facebook_reels_overlay,0.05,19,1,0,0,0,0.0,0,0,0.0,0,0
120249992963230167,tw_meta_standard_ios_tw-en_pros_purchase_ongoing_no-disc_testing,facebook_stories,14.47,1920,69,0,0,0,0.0,0,0,0.0,542,16
120249992963230167,tw_meta_standard_ios_tw-en_pros_purchase_ongoing_no-disc_testing,feed,84.96,31748,399,1,1,2,3.98,0,0,0.0,6274,67
120249992963230167,tw_meta_standard_ios_tw-en_pros_purchase_ongoing_no-disc_testing,instagram_explore_grid_home,0.03,13,0,0,0,0,0.0,0,0,0.0,11,0
120249992963230167,tw_meta_standard_ios_tw-en_pros_purchase_ongoing_no-disc_testing,instagram_reels,10.32,1174,22,2,0,0,0.0,0,0,0.0,383,3
120249992963230167,tw_meta_standard_ios_tw-en_pros_purchase_ongoing_no-disc_testing,instagram_stories,52.13,11603,247,2,0,0,0.0,0,0,0.0,954,56
120249992963230167,tw_meta_standard_ios_tw-en_pros_purchase_ongoing_no-disc_testing,instream_video,0.88,179,8,0,0,0,0.0,0,0,0.0,82,4
120249992963230167,tw_meta_standard_ios_tw-en_pros_purchase_ongoing_no-disc_testing,marketplace,0.03,9,0,0,0,0,0.0,0,0,0.0,0,0
120249992963230167,tw_meta_standard_ios_tw-en_pros_purchase_ongoing_no-disc_testing,search,0.49,78,1,0,0,0,0.0,0,0,0.0,21,0
120249993034910167,tw_meta_standard_ios_tw-en_pros_purchase_ongoing_no-disc_testing,an_classic,12.89,2070,628,0,0,0,0.0,0,0,0.0,1684,52
120249993034910167,tw_meta_standard_ios_tw-en_pros_purchase_ongoing_no-disc_testing,facebook_notification,0.05,11,0,0,0,0,0.0,0,0,0.0,0,0
120249993034910167,tw_meta_standard_ios_tw-en_pros_purchase_ongoing_no-disc_testing,facebook_reels,14.66,3493,45,0,0,0,0.0,0,0,0.0,1018,9
120249993034910167,tw_meta_standard_ios_tw-en_pros_purchase_ongoing_no-disc_testing,facebook_reels_overlay,0.02,12,0,0,0,0,0.0,0,0,0.0,0,0
120249993034910167,tw_meta_standard_ios_tw-en_pros_purchase_ongoing_no-disc_testing,facebook_stories,7.71,855,25,0,0,0,0.0,0,0,0.0,224,20
120249993034910167,tw_meta_standard_ios_tw-en_pros_purchase_ongoing_no-disc_testing,feed,60.93,24661,259,0,0,0,0.0,0,0,0.0,4045,63
120249993034910167,tw_meta_standard_ios_tw-en_pros_purchase_ongoing_no-disc_testing,instagram_explore_grid_home,0.01,2,0,0,0,0,0.0,0,0,0.0,1,0
120249993034910167,tw_meta_standard_ios_tw-en_pros_purchase_ongoing_no-disc_testing,instagram_reels,20.77,2668,44,0,0,0,0.0,0,0,0.0,759,14
120249993034910167,tw_meta_standard_ios_tw-en_pros_purchase_ongoing_no-disc_testing,instagram_stories,32.52,9301,175,0,0,0,0.0,0,0,0.0,522,48
120249993034910167,tw_meta_standard_ios_tw-en_pros_purchase_ongoing_no-disc_testing,instream_video,0.47,72,2,0,0,0,0.0,0,0,0.0,40,0
120249993034910167,tw_meta_standard_ios_tw-en_pros_purchase_ongoing_no-disc_testing,marketplace,0.07,18,0,0,0,0,0.0,0,0,0.0,4,0
120249993034910167,tw_meta_standard_ios_tw-en_pros_purchase_ongoing_no-disc_testing,rewarded_video,54.29,10834,3282,0,1,2,4.23,0,0,0.0,10731,1874
120249993034910167,tw_meta_standard_ios_tw-en_pros_purchase_ongoing_no-disc_testing,search,0.24,44,0,0,0,0,0.0,0,0,0.0,7,0
120250094596930167,tw_meta_standard_ios_tw-en_pros_trial_ongoing_winning,an_classic,3.4,440,130,0,0,0,0.0,0,0,0.0,365,4
120250094596930167,tw_meta_standard_ios_tw-en_pros_trial_ongoing_winning,facebook_notification,0.98,240,5,0,0,0,0.0,0,0,0.0,0,0
120250094596930167,tw_meta_standard_ios_tw-en_pros_trial_ongoing_winning,facebook_reels,29.29,7276,181,4,1,0,0.0,0,0,0.0,3421,37
120250094596930167,tw_meta_standard_ios_tw-en_pros_trial_ongoing_winning,facebook_reels_overlay,0.02,8,0,0,0,0,0.0,0,0,0.0,0,0
120250094596930167,tw_meta_standard_ios_tw-en_pros_trial_ongoing_winning,facebook_stories,21.67,2899,133,0,0,0,0.0,0,0,0.0,1254,24
120250094596930167,tw_meta_standard_ios_tw-en_pros_trial_ongoing_winning,feed,152.19,44544,1541,4,3,1,1.9,0,0,0.0,14903,172
120250094596930167,tw_meta_standard_ios_tw-en_pros_trial_ongoing_winning,instagram_explore_grid_home,0.05,107,0,0,0,0,0.0,0,0,0.0,72,0
120250094596930167,tw_meta_standard_ios_tw-en_pros_trial_ongoing_winning,instagram_reels,211.64,43268,1731,23,9,1,1.9,0,0,0.0,22863,119
120250094596930167,tw_meta_standard_ios_tw-en_pros_trial_ongoing_winning,instagram_stories,301.74,65540,1971,13,2,5,9.11,0,0,0.0,9233,252
120250094596930167,tw_meta_standard_ios_tw-en_pros_trial_ongoing_winning,instream_video,2.3,403,16,0,0,0,0.0,0,0,0.0,233,4
120250094596930167,tw_meta_standard_ios_tw-en_pros_trial_ongoing_winning,marketplace,1.13,392,6,0,0,0,0.0,0,0,0.0,83,0
120250094596930167,tw_meta_standard_ios_tw-en_pros_trial_ongoing_winning,search,0.23,68,1,0,0,0,0.0,0,0,0.0,19,0
120250112779340167,tw_meta_standard_ios_tw-en_pros_trial_ongoing_winning,an_classic,16.72,2235,717,3,0,0,0.0,0,0,0.0,1838,52
120250112779340167,tw_meta_standard_ios_tw-en_pros_trial_ongoing_winning,biz_disco_feed,0.0,2,0,0,0,0,0.0,0,0,0.0,2,0
120250112779340167,tw_meta_standard_ios_tw-en_pros_trial_ongoing_winning,facebook_notification,0.05,23,0,0,0,0,0.0,0,0,0.0,0,0
120250112779340167,tw_meta_standard_ios_tw-en_pros_trial_ongoing_winning,facebook_profile_feed,0.3,89,0,0,0,0,0.0,0,0,0.0,12,0
120250112779340167,tw_meta_standard_ios_tw-en_pros_trial_ongoing_winning,facebook_reels,59.36,12613,109,6,2,0,0.0,0,0,0.0,3590,98
120250112779340167,tw_meta_standard_ios_tw-en_pros_trial_ongoing_winning,facebook_reels_overlay,0.33,248,2,0,0,0,0.0,0,0,0.0,0,0
120250112779340167,tw_meta_standard_ios_tw-en_pros_trial_ongoing_winning,facebook_stories,17.56,2156,105,0,0,0,0.0,0,0,0.0,403,18
120250112779340167,tw_meta_standard_ios_tw-en_pros_trial_ongoing_winning,feed,68.08,16815,240,9,4,0,0.0,0,0,0.0,3389,63
120250112779340167,tw_meta_standard_ios_tw-en_pros_trial_ongoing_winning,instagram_explore_grid_home,0.02,19,0,0,0,0,0.0,0,0,0.0,12,0
120250112779340167,tw_meta_standard_ios_tw-en_pros_trial_ongoing_winning,instagram_reels,80.3,12372,81,7,2,1,1.75,0,0,0.0,2762,57
120250112779340167,tw_meta_standard_ios_tw-en_pros_trial_ongoing_winning,instagram_stories,29.01,5811,113,5,1,0,0.0,0,0,0.0,566,66
120250112779340167,tw_meta_standard_ios_tw-en_pros_trial_ongoing_winning,instream_video,12.91,1926,74,0,0,0,0.0,0,0,0.0,1153,18
120250112779340167,tw_meta_standard_ios_tw-en_pros_trial_ongoing_winning,marketplace,0.83,329,1,0,0,0,0.0,0,0,0.0,57,1
120250112779340167,tw_meta_standard_ios_tw-en_pros_trial_ongoing_winning,search,2.16,358,4,0,0,0,0.0,0,0,0.0,84,0
120250112779340167,tw_meta_standard_ios_tw-en_pros_trial_ongoing_winning,threads_feed,3.66,2236,4,0,0,0,0.0,0,0,0.0,693,4
120250114976680167,tw_meta_standard_ios_tw-en_pros_purchase_ongoing_no-disc_testing,an_classic,5.07,567,149,0,0,0,0.0,0,0,0.0,469,11
120250114976680167,tw_meta_standard_ios_tw-en_pros_purchase_ongoing_no-disc_testing,facebook_notification,0.04,20,0,0,0,0,0.0,0,0,0.0,0,0
120250114976680167,tw_meta_standard_ios_tw-en_pros_purchase_ongoing_no-disc_testing,facebook_reels,91.47,18629,111,6,4,1,2.53,0,0,0.0,2349,62
