ad_id,spend,impressions,clicks,installs,trials,adj_trials,init_purch,trial_converts,campaign_name,ad_name,format,category,concept,creator_name,first_date,last_date,active_days,bucket,clean_name,c1,ipm,tpi,cpft,ctr,meta_paid_obs,ssot_trials,ssot_paid,ssot_ltv,af_installs,af_trials,af_trials_annual_reg,af_trials_annual_plus,af_trials_monthly,sp,phase,p1_point,p2_point
120236574936400167,6669.08,1120303,19928,435,108,187.08,26,0.0,tw_meta_standard_ios_tw-en_pros_trial_ongoing_winning,c1:na_c2:video_c3:influencer_c4:valueprop_c5:ongoing_c6:harryspeaks__c7:speak_company_c8:1208,video,valueprop,speak_company,harryspeaks_,2026-06-01,2026-06-29,29.0,Winning,influencer – harryspeaks,na_c2,0.3882878114224455,0.09640249111177958,61.75074074074074,0.01778804484144022,26.0,136.0,54.93,5674.8,931.0,203.0,161.0,26.0,2.0,2.901313465718351,Phase 1 Winner,True,False
120239549733890167,0.56,142,9,0,0,0.0,0,0.0,tw_meta_standard_ios_tw-en_pros_trial_ongoing_winning,rw_s22a2_singletestimonial_pm_zh-en_1x1_tw_testimonial_effective,,,,,2026-09-15,2026-09-15,1.0,Winning,rw_s22a2_singletestimonial_pm_zh-en_1x1_tw_testimonial_effective,Untagged,0.0,0.0,,0.06338028169014084,0.0,0.0,0.0,0.0,0.0,0.0,0.0,0.0,0.0,0.2607500852918331,Pause,False,False
120240275100650167,34.78,11197,122,2,0,0.0,1,0.0,tw_meta_standard_ios_tw-en_pros_trial_ongoing_winning,c1:m19_c2:video_c3:motion_c4:testimonial_c5:ongoing_c6:na_c7:motiontestimonial_c8:jpwinning-textandwave,video,testimonial,motiontestimonial,na,2026-06-01,2026-06-10,10.0,Winning,motion – na – motiontestimonial,m19_c2,0.17861927301955882,0.0,,0.010895775654193087,1.0,0.0,0.0,0.0,6.0,0.0,0.0,0.0,0.0,0.5395101592117078,Pause,False,False
120242147246810167,7077.57,1099687,17325,588,150,251.87,43,0.0,tw_meta_standard_ios_tw-en_pros_trial_ongoing_winning,c1:na_c2:video_c3:influencer_c4:productdemo_c5:ongoing_c6:morning.jason_c7:influencer_c8:original-reels,video,productdemo,influencer,morning.jason,2026-06-01,2026-06-29,29.0,Winning,influencer – morning.jason – influencer,na_c2,0.5346976003171812,0.1364024490605054,47.1838,0.015754482866488374,43.0,193.0,77.44,7998.9,1088.0,300.0,235.0,42.0,13.0,3.21543921868891,Phase 2 Winner,True,True
120242508326330167,50.14,17935,566,0,0,0.0,0,0.0,tw_meta_standard_ios_tw-en_pros_trial_ongoing_winning,c1!s45_c2!image_c3!generic_c4!valueprop_c5!ongoing_c6!na_c7!aspiration_c8!57200sentences-travel,,,,,2026-06-01,2026-06-15,14.0,Winning,generic – na – aspiration,s45_c2,0.0,0.0,,0.03155840535266239,0.0,0.0,0.0,0.0,0.0,0.0,0.0,0.0,0.0,1.5869485475935936,Mid-Tier,False,False
120242508965130167,71.46000000000001,20016,772,0,0,0.0,0,0.0,tw_meta_standard_ios_tw-en_pros_trial_ongoing_winning,c1!s45_c2!image_c3!generic_c4!valueprop_c5!ongoing_c6!na_c7!aspiration_c8!englishinterview,,,,,2026-06-01,2026-06-15,15.0,Winning,generic – na – aspiration,s45_c2,0.0,0.0,,0.0385691446842526,0.0,0.0,0.0,0.0,0.0,0.0,0.0,0.0,0.0,1.7940716612390795,Mid-Tier,False,False
120242510079090167,1.06,204,0,0,0,0.0,0,0.0,tw_meta_standard_ios_tw-en_pros_trial_ongoing_winning,c1!s45_c2!image_c3!generic_c4!valueprop_c5!ongoing_c6!na_c7!aspiration_c8!57200sentences-offer,,,,,2026-09-15,2026-09-15,1.0,Winning,generic – na – aspiration,s45_c2,0.0,0.0,,0.0,0.0,0.0,0.0,0.0,0.0,0.0,0.0,0.0,0.0,0.0,Pause,False,False
120243701212520167,1104.0,182777,2040,48,11,19.71,6,0.0,tw_meta_standard_ios_tw-en_pros_trial_ongoing_winning,c1:ugc6_c2:video_c3:ugc_c4:problemsolution_c5:ongoing_c6:qing_c7:englishintrovert_c8:na,video,problemsolution,englishintrovert,qing,2026-06-01,2026-06-24,24.0,Winning,ugc – qing – englishintrovert,ugc6_c2,0.2626150992739787,0.06018262691695345,100.36363636363636,0.011161141719144094,6.0,13.0,5.24,541.7,122.0,24.0,15.0,4.0,2.0,2.857018194387356,Phase 1 Winner,True,False
120245092958860167,13556.09,2147984,33912,698,256,426.15000000000003,52,10.0,tw_meta_standard_ios_tw-en_pros_trial_ongoing_winning,c1!na_c2!video_c3!influencer_c4!productdemo_c5!ongoing_c6!techervincent_c7!valueprop_c8!og-video,,,,,2026-06-01,2026-07-29,59.0,Winning,influencer – techervincent – valueprop,na_c2,0.32495586559303985,0.11918152090518365,52.9534765625,0.015787827097408547,62.0,258.0,102.26,10466.8,1522.0,428.0,328.0,72.0,14.0,3.1488272807015703,Phase 2 Winner,True,True
120245149598320167,0.31,97,4,0,0,0.0,0,0.0,tw_meta_standard_ios_tw-en_pros_trial_ongoing_winning,c1:na_c2:image_c3:influencer_c4:valueprop_c5:ongoing_c6:tantooyu_c7:valueprop_c8:og-post-keep-speaking-winning,image,valueprop,valueprop,tantooyu,2026-06-01,2026-06-02,2.0,Winning,influencer – tantooyu – valueprop,na_c2,0.0,0.0,,0.041237113402061855,0.0,0.0,0.0,0.0,0.0,0.0,0.0,0.0,0.0,4.811794400810634,Pause,False,False
120245149824260167,6.94,2085,18,0,0,0.0,0,0.0,tw_meta_standard_ios_tw-en_pros_trial_ongoing_winning,c1_ugc_c2_video_c3_ugc_c4_problemsolution_c5_ongoing_c6_ai-gen_c7_painpoint_c8_thefixforenglishbrainfreeze-1direct -winning,,,,,2026-06-01,2026-06-03,3.0,Winning,c1_ugc_c2_video_c3_ugc_c4_problemsolution_c5_ongoing_c6_ai-gen_c7_painpoint_c8_t,Untagged,0.0,0.0,,0.008633093525179856,0.0,3.0,1.17,120.4,4.0,4.0,2.0,2.0,0.0,1.043257922618918,Pause,False,False
120245417330630167,721.98,132574,4335,78,24,38.52,11,0.0,tw_meta_standard_ios_tw-en_pros_trial_ongoing_winning,c1:video_c2:video_c3:influencer_c4:productdemo_c5:promo_c6:atiendai_c7:valueprop_c8:speak-with-me-conv-winning,video,productdemo,valueprop,atiendai,2026-06-01,2026-06-07,7.0,Winning,influencer – atiendai – valueprop,video_c2,0.588350656991567,0.1810309713820206,30.0825,0.03269871920587747,11.0,30.0,11.77,1216.0,178.0,46.0,34.0,6.0,4.0,5.027396748021617,Phase 2 Winner,True,True
120245417330640167,297.21,48971,1103,28,7,11.2,2,0.0,tw_meta_standard_ios_tw-en_pros_trial_ongoing_winning,c1:video_c2:video_c3:influencer_c4:productdemo_c5:promo_c6:shasha77_c7:valueprop_c8:speak-with-me-conv-winning,video,productdemo,valueprop,shasha77,2026-06-01,2026-06-07,7.0,Winning,influencer – shasha77 – valueprop,video_c2,0.571766964121623,0.14294174103040574,42.458571428571425,0.02252353433664822,2.0,6.0,2.34,242.3,60.0,12.0,8.0,2.0,0.0,2.9414756286080985,Phase 1 Winner,True,False
120245417330650167,780.52,115455,1630,57,17,27.36,5,0.0,tw_meta_standard_ios_tw-en_pros_trial_ongoing_winning,c1:video_c2:video_c3:influencer_c4:productdemo_c5:promo_c6:illyandlean_c7:valueprop_c8:speak-with-me-conv-winning,video,productdemo,valueprop,illyandlean,2026-06-01,2026-06-07,7.0,Winning,influencer – illyandlean – valueprop,video_c2,0.49369884370533973,0.14724351478931186,45.91294117647059,0.014118054653328136,5.0,21.0,8.24,851.3,124.0,41.0,21.0,12.0,6.0,3.2128065748792682,Phase 2 Winner,True,True
120245841850380167,29.479999999999997,7835,152,1,0,0.0,0,0.0,tw_meta_standard_ios_tw-en_pros_trial_ongoing_winning,c1!na_c2!image_c3!influencer_c4!valueprop_c5!ongoing_c6!charliecareer_c7!valueprop_c8!foreign-company-scenarios-winning,,,,,2026-06-01,2026-06-03,3.0,Winning,influencer –  – valueprop,na_c2,0.1276324186343331,0.0,,0.019400127632418634,0.0,2.0,0.77,79.9,10.0,4.0,2.0,0.0,0.0,1.5652337387594524,Mid-Tier,False,False
120245842589820167,0.76,345,1,0,0,0.0,0,0.0,tw_meta_standard_ios_tw-en_pros_trial_ongoing_winning,c1!na_c2!video_c3!influencer_c4!productdemo_c5!ongoing_c6!howhowhasfriends_c7!valueprop_c8!comic-con-short-winning,,,,,2026-06-01,2026-06-01,1.0,Winning,influencer – howhowhasfriends – valueprop,na_c2,0.0,0.0,,0.002898550724637681,0.0,0.0,0.0,0.0,2.0,0.0,0.0,0.0,0.0,0.2016371504917456,Pause,False,False
120245842877290167,2.9000000000000004,175,7,3,0,0.0,0,1.0,tw_meta_standard_ios_tw-en_pros_trial_ongoing_winning,c1!na_c2!video_c3!influencer_c4!productdemo_c5!ongoing_c6!howhowhasfriends_c7!valueprop_c8!speak-system-introvert-winning,,,,,2026-06-01,2026-06-01,1.0,Winning,influencer – howhowhasfriends – valueprop,na_c2,17.142857142857142,0.0,,0.04,1.0,0.0,0.0,0.0,6.0,0.0,0.0,0.0,0.0,1.5621531201560752,Mid-Tier,False,False
120245867679760167,2.04,811,5,0,0,0.0,0,0.0,tw_meta_standard_ios_tw-en_pros_purchase_ongoing_no-disc_testing,c1!static_c2!image_c3!generic_c4!valueprop_c5!ongoing_c6!na_c7!product_c8!maycourse-upgrade-1200x628,,,,,2026-06-01,2026-06-01,1.0,Testing,generic – na – product,static_c2,0.0,0.0,,0.006165228113440197,0.0,0.0,0.0,0.0,6.0,0.0,0.0,0.0,0.0,0.32221598570946003,Pause,False,False
120245867679860167,1.51,787,7,0,0,0.0,0,0.0,tw_meta_standard_ios_tw-en_pros_purchase_ongoing_no-disc_testing,c1!static_c2!image_c3!generic_c4!productdemo_c5!ongoing_c6!na_c7!product_c8!career-interview-14days-1080x1080,,,,,2026-06-01,2026-06-01,1.0,Testing,generic – na – product,static_c2,0.0,0.0,,0.008894536213468869,0.0,2.0,0.77,79.5,12.0,5.0,3.0,0.0,0.0,1.4286455602932324,Mid-Tier,False,False
120245867679870167,0.5399999999999999,313,0,0,0,0.0,0,0.0,tw_meta_standard_ios_tw-en_pros_purchase_ongoing_no-disc_testing,c1!static_c2!image_c3!generic_c4!valueprop_c5!ongoing_c6!na_c7!product_c8!maycourse-newcourse-1080x1080,,,,,2026-06-01,2026-06-01,1.0,Testing,generic – na – product,static_c2,0.0,0.0,,0.0,0.0,0.0,0.0,0.0,0.0,0.0,0.0,0.0,0.0,0.0,Pause,False,False
120245867680560167,27.05,14573,91,0,0,0.0,0,0.0,tw_meta_standard_ios_tw-en_pros_purchase_ongoing_no-disc_testing,c1!static_c2!image_c3!generic_c4!valueprop_c5!ongoing_c6!na_c7!outcome_c8!career-computex-timelimited-1080x1350,,,,,2026-06-01,2026-06-02,2.0,Testing,generic – na – outcome,static_c2,0.0,0.0,,0.006244424620874219,0.0,0.0,0.0,0.0,0.0,0.0,0.0,0.0,0.0,0.5521258120470547,Pause,False,False
120245867680580167,15.5,5874,50,0,0,0.0,0,0.0,tw_meta_standard_ios_tw-en_pros_purchase_ongoing_no-disc_testing,c1!static_c2!image_c3!generic_c4!productdemo_c5!ongoing_c6!na_c7!product_c8!career-interview-stilltime-1080x1080,,,,,2026-06-01,2026-06-02,2.0,Testing,generic – na – product,static_c2,0.0,0.0,,0.008512087163772558,0.0,0.0,0.0,0.0,0.0,0.0,0.0,0.0,0.0,0.6756066160714442,Pause,False,False
120245867682020167,1.4700000000000002,378,3,0,0,0.0,0,0.0,tw_meta_standard_ios_tw-en_pros_purchase_ongoing_no-disc_testing,c1!static_c2!image_c3!generic_c4!valueprop_c5!ongoing_c6!na_c7!product_c8!maycourse-rookie-1200x628,,,,,2026-06-01,2026-06-01,1.0,Testing,generic – na – product,static_c2,0.0,0.0,,0.007936507936507936,0.0,0.0,0.0,0.0,0.0,0.0,0.0,0.0,0.0,0.6674140580564901,Pause,False,False
120245867682590167,30.48,16930,86,0,0,0.0,0,0.0,tw_meta_standard_ios_tw-en_pros_purchase_ongoing_no-disc_testing,c1!static_c2!image_c3!generic_c4!productdemo_c5!ongoing_c6!na_c7!product_c8!career-interview-blankmind-1200x628,,,,,2026-06-01,2026-06-02,2.0,Testing,generic – na – product,static_c2,0.0,0.0,,0.005079740106320142,0.0,1.0,0.38,39.8,8.0,2.0,2.0,0.0,0.0,0.48495423892567635,Pause,False,False
120245867684240167,0.8700000000000001,563,3,0,0,0.0,0,0.0,tw_meta_standard_ios_tw-en_pros_purchase_ongoing_no-disc_testing,c1!static_c2!image_c3!generic_c4!valueprop_c5!ongoing_c6!na_c7!outcome_c8!career-computex-showeng-1200x628,,,,,2026-06-01,2026-06-01,1.0,Testing,generic – na – outcome,static_c2,0.0,0.0,,0.0053285968028419185,0.0,2.0,0.77,79.5,6.0,4.0,0.0,0.0,0.0,1.7524763478298762,Mid-Tier,False,False
120245867700400167,1.85,886,1,0,0,0.0,0,0.0,tw_meta_standard_ios_tw-en_pros_purchase_ongoing_no-disc_testing,c1!static_c2!image_c3!generic_c4!productdemo_c5!ongoing_c6!na_c7!product_c8!career-computex-1080x1080,,,,,2026-06-01,2026-06-01,1.0,Testing,generic – na – product,static_c2,0.0,0.0,,0.001128668171557562,0.0,1.0,0.38,39.8,4.0,2.0,2.0,0.0,0.0,0.1428816521614589,Pause,False,False
120245867702310167,26.14,14445,88,0,0,0.0,0,0.0,tw_meta_standard_ios_tw-en_pros_purchase_ongoing_no-disc_testing,c1!static_c2!image_c3!generic_c4!valueprop_c5!ongoing_c6!na_c7!product_c8!maycourse-newcontent-1200x628,,,,,2026-06-01,2026-06-12,4.0,Testing,generic – na – product,static_c2,0.0,0.0,,0.006092073381793008,0.0,2.0,0.78,80.4,10.0,4.0,4.0,0.0,0.0,0.5257482049265054,Pause,False,False
120245867742990167,387.25,172710,1323,3,2,5.07,0,0.0,tw_meta_standard_ios_tw-en_pros_purchase_ongoing_no-disc_testing,c1!static_c2!image_c3!generic_c4!problemsolution_c5!ongoing_c6!na_c7!painpoint_c8!career-computex-blankmind-1200x628,,,,,2026-06-01,2026-06-02,2.0,Testing,generic – na – painpoint,static_c2,0.01737015806843842,0.01158010537895895,193.625,0.007660239708181344,0.0,6.0,2.32,240.2,28.0,12.0,10.0,2.0,0.0,1.9022560207351922,Mid-Tier,False,False
120245904196600167,3.16,1084,12,0,0,0.0,0,0.0,tw_meta_standard_ios_tw-en_pros_purchase_ongoing_no-disc_testing,c1!static_c2!image_c3!generic_c4!valueprop_c5!ongoing_c6!na_c7!valueprop_c8!handwritingnote-career-1200x628,,,,,2026-06-01,2026-06-01,1.0,Testing,generic – na – valueprop,static_c2,0.0,0.0,,0.01107011070110701,0.0,0.0,0.0,0.0,0.0,0.0,0.0,0.0,0.0,0.7419913612530359,Pause,False,False
120245904237110167,67.53,24757,195,0,0,0.0,0,0.0,tw_meta_standard_ios_tw-en_pros_purchase_ongoing_no-disc_testing,c1_ugc_c2_video_c3_ugc_c4_productdemo_c5_ongoing_c6_rhea_c7_speakmethod_c8_newyorktimeshook,,,,,2026-06-01,2026-06-02,2.0,Testing,c1_ugc_c2_video_c3_ugc_c4_productdemo_c5_ongoing_c6_rhea_c7_speakmethod_c8_newyo,Untagged,0.0,0.0,,0.007876560164801875,0.0,3.0,1.17,120.8,4.0,4.0,4.0,0.0,0.0,0.5411314924241456,Pause,False,False
120246000716790167,65.82000000000001,19591,583,3,0,0.0,0,0.0,tw_meta_standard-aem_ios_tw-en_pros_trial_ongoing_no-disc_scaling,c1:video_c2:video_c3:influencer_c4:productdemo_c5:promo_c6:shasha77_c7:valueprop_c8:speak-with-me-conv-scaling,video,productdemo,valueprop,shasha77,2026-06-01,2026-06-02,2.0,Scaling,influencer – shasha77 – valueprop,video_c2,0.15313153999285387,0.0,,0.029758562605277934,0.0,1.0,0.38,39.8,16.0,2.0,2.0,0.0,0.0,1.2066271679026033,Pause,False,False
120246000716800167,95.2,27933,546,9,0,0.0,0,0.0,tw_meta_standard-aem_ios_tw-en_pros_trial_ongoing_no-disc_scaling,c1:video_c2:video_c3:influencer_c4:productdemo_c5:promo_c6:atiendai_c7:valueprop_c8:speak-with-me-conv-scaling,video,productdemo,valueprop,atiendai,2026-06-01,2026-06-02,2.0,Scaling,influencer – atiendai – valueprop,video_c2,0.3221995489206315,0.0,,0.019546772634518313,0.0,2.0,0.77,79.5,24.0,2.0,2.0,0.0,0.0,1.3794091415199305,Pause,False,False
120246000716810167,15.190000000000001,3859,189,0,0,0.0,0,0.0,tw_meta_standard-aem_ios_tw-en_pros_trial_ongoing_no-disc_scaling,c1!na_c2!video_c3!influencer_c4!productdemo_c5!ongoing_c6!howhowhasfriends_c7!valueprop_c8!speak-system-introvert-scaling,,,,,2026-06-01,2026-06-01,1.0,Scaling,influencer – howhowhasfriends – valueprop,na_c2,0.0,0.0,,0.04897641876133713,0.0,0.0,0.0,0.0,4.0,0.0,0.0,0.0,0.0,0.7241669992430925,Pause,False,False
120246000716820167,1577.43,454753,5680,98,0,0.0,0,0.0,tw_meta_standard-aem_ios_tw-en_pros_trial_ongoing_no-disc_scaling,c1:ugc6_c2:video_c3:ugc_c4:problemsolution_c5:ongoing_c6:qing_c7:englishintrovert_c8:na-scaling,video,problemsolution,englishintrovert,qing,2026-06-01,2026-06-02,2.0,Scaling,ugc – qing – englishintrovert,ugc6_c2,0.21550160196854118,0.0,,0.01249029693042157,0.0,5.0,1.94,200.1,240.0,10.0,8.0,2.0,0.0,0.7327727312199508,Pause,False,False
120246000716910167,118.89,22937,336,8,0,0.0,0,0.0,tw_meta_standard-aem_ios_tw-en_pros_trial_ongoing_no-disc_scaling,c1:video_c2:video_c3:influencer_c4:productdemo_c5:promo_c6:illyandlean_c7:valueprop_c8:speak-with-me-conv-scaling,video,productdemo,valueprop,illyandlean,2026-06-01,2026-06-02,2.0,Scaling,influencer – illyandlean – valueprop,video_c2,0.3487814448271352,0.0,,0.014648820682739679,0.0,0.0,0.0,0.0,24.0,0.0,0.0,0.0,0.0,0.9057119421013874,Pause,False,False
120246001466140167,22.95,4471,191,0,0,0.0,0,0.0,tw_meta_standard-aem_ios_tw-en_pros_trial_ongoing_no-disc_scaling,c1:video_c2:video_c3:influencer_c4:productdemo_c5:promo_c6:shasha77_c7:valueprop_c8:speak-with-me-conv-scaling,video,productdemo,valueprop,shasha77,2026-06-01,2026-06-02,2.0,Scaling,influencer – shasha77 – valueprop,video_c2,0.0,0.0,,0.04271974949675688,0.0,0.0,0.0,0.0,0.0,0.0,0.0,0.0,0.0,0.7426649319235213,Pause,False,False
120246001466150167,10.469999999999999,1831,154,0,0,0.0,0,0.0,tw_meta_standard-aem_ios_tw-en_pros_trial_ongoing_no-disc_scaling,c1!na_c2!video_c3!influencer_c4!productdemo_c5!ongoing_c6!howhowhasfriends_c7!valueprop_c8!speak-system-introvert-scaling,,,,,2026-06-01,2026-06-01,1.0,Scaling,influencer – howhowhasfriends – valueprop,na_c2,0.0,0.0,,0.08410704533042053,0.0,0.0,0.0,0.0,0.0,0.0,0.0,0.0,0.0,0.5574611199832684,Pause,False,False
120246001466160167,14.22,3244,60,0,0,0.0,0,0.0,tw_meta_standard-aem_ios_tw-en_pros_trial_ongoing_no-disc_scaling,c1:video_c2:video_c3:influencer_c4:productdemo_c5:promo_c6:illyandlean_c7:valueprop_c8:speak-with-me-conv-scaling,video,productdemo,valueprop,illyandlean,2026-06-01,2026-06-02,2.0,Scaling,influencer – illyandlean – valueprop,video_c2,0.0,0.0,,0.018495684340320593,0.0,2.0,0.77,79.5,4.0,4.0,2.0,2.0,0.0,0.7160635512002276,Pause,False,False
120246001466170167,197.22,46729,1363,7,0,0.0,0,0.0,tw_meta_standard-aem_ios_tw-en_pros_trial_ongoing_no-disc_scaling,c1:ugc6_c2:video_c3:ugc_c4:problemsolution_c5:ongoing_c6:qing_c7:englishintrovert_c8:na-scaling,video,problemsolution,englishintrovert,qing,2026-06-01,2026-06-02,2.0,Scaling,ugc – qing – englishintrovert,ugc6_c2,0.14979991012005395,0.0,,0.0291681824990905,0.0,2.0,0.77,79.9,38.0,4.0,4.0,0.0,0.0,0.6576250507852004,Pause,False,False
120246001466180167,13.02,3181,44,1,0,0.0,0,0.0,tw_meta_standard-aem_ios_tw-en_pros_trial_ongoing_no-disc_scaling,c1:video_c2:video_c3:influencer_c4:productdemo_c5:promo_c6:atiendai_c7:valueprop_c8:speak-with-me-conv-scaling,video,productdemo,valueprop,atiendai,2026-06-01,2026-06-02,2.0,Scaling,influencer – atiendai – valueprop,video_c2,0.3143665513989311,0.0,,0.013832128261552971,0.0,0.0,0.0,0.0,4.0,0.0,0.0,0.0,0.0,0.8004242354133092,Pause,False,False
120246005436870167,0.01,1,0,0,0,0.0,0,0.0,tw_meta_standard_ios_tw-en_pros_purchase_ongoing_no-disc_testing,c1!static_c2!image_c3!generic_c4!valueprop_c5!ongoing_c6!na_c7!outcome_c8!plancomparison-1080x1080,,,,,2026-06-01,2026-06-01,1.0,Testing,generic – na – outcome,static_c2,0.0,0.0,,0.0,0.0,0.0,0.0,0.0,0.0,0.0,0.0,0.0,0.0,0.0,Pause,False,False
120246005441450167,214.55,95716,517,5,0,0.0,0,0.0,tw_meta_standard_ios_tw-en_pros_purchase_ongoing_no-disc_testing,c1!static_c2!image_c3!generic_c4!valueprop_c5!ongoing_c6!na_c7!outcome_c8!2200sentences-career-1200x628,,,,,2026-06-01,2026-06-02,2.0,Testing,generic – na – outcome,static_c2,0.0522378703665009,0.0,,0.0054013957958961925,0.0,2.0,0.77,79.5,38.0,4.0,4.0,0.0,0.0,0.29731337909595296,Pause,False,False
120246005442010167,302.26,142908,902,5,2,5.07,0,0.0,tw_meta_standard_ios_tw-en_pros_purchase_ongoing_no-disc_testing,c1!static_c2!image_c3!generic_c4!valueprop_c5!ongoing_c6!na_c7!outcome_c8!3750sentences-career-painpoint-1200x628,,,,,2026-06-01,2026-06-02,2.0,Testing,generic – na – outcome,static_c2,0.03498754443418143,0.013995017773672572,151.13,0.00631175301592633,0.0,2.0,0.78,80.2,14.0,4.0,2.0,0.0,2.0,1.2169028468372218,Pause,False,False
120246005443330167,0.21000000000000002,148,0,0,0,0.0,0,0.0,tw_meta_standard_ios_tw-en_pros_purchase_ongoing_no-disc_testing,c1!static_c2!image_c3!generic_c4!valueprop_c5!ongoing_c6!na_c7!valueprop_c8!comparecoffee-1200x628,,,,,2026-06-01,2026-06-01,1.0,Testing,generic – na – valueprop,static_c2,0.0,0.0,,0.0,0.0,0.0,0.0,0.0,0.0,0.0,0.0,0.0,0.0,0.0,Pause,False,False
120246191401160167,1708.72,313684,13359,110,22,36.15,3,0.0,tw_meta_standard_ios_tw-en_pros_trial_ongoing_winning,c1:na_c2:video_c3:influencer_c4:valueprop_c5:ongoing_c6:harryspeaks__c7:speak_company_c8:0601,video,valueprop,speak_company,harryspeaks_,2026-06-01,2026-09-15,34.0,Winning,influencer – harryspeaks,na_c2,0.3506713762895143,0.07013427525790286,77.66909090909091,0.042587444689560196,3.0,25.0,9.18,951.8,242.0,48.0,34.0,8.0,0.0,2.3319234440765935,Phase 1 Winner,True,False
120246191491930167,323.26,86767,1949,21,2,3.23,1,0.0,tw_meta_standard_ios_tw-en_pros_trial_ongoing_winning,c1!na_c2!image_c3!influencer_c4!valueprop_c5!ongoing_c6!charliecareer_c7!valueprop_c8!foreign-company-scenarios-winning,,,,,2026-06-01,2026-06-10,10.0,Winning,influencer –  – valueprop,na_c2,0.2420274989339265,0.023050237993707288,161.63,0.02246245692486775,1.0,2.0,0.78,80.8,44.0,4.0,0.0,4.0,0.0,2.0462779754095433,Phase 1 Winner,True,False
120246191491940167,18.13,5471,153,0,0,0.0,0,0.0,tw_meta_standard_ios_tw-en_pros_trial_ongoing_winning,c1:na_c2:image_c3:influencer_c4:valueprop_c5:ongoing_c6:tantooyu_c7:valueprop_c8:og-post-keep-speaking-winning,image,valueprop,valueprop,tantooyu,2026-06-01,2026-06-21,20.0,Winning,influencer – tantooyu – valueprop,na_c2,0.0,0.0,,0.027965636995064887,0.0,0.0,0.0,0.0,0.0,0.0,0.0,0.0,0.0,2.1027789752754447,Pause,False,False
120246191491950167,3545.91,615952,11725,180,41,69.05,15,2.0,tw_meta_standard_ios_tw-en_pros_trial_ongoing_winning,c1_ugc_c2_video_c3_ugc_c4_problemsolution_c5_ongoing_c6_ai-gen_c7_painpoint_c8_thefixforenglishbrainfreeze-1direct -winning,,,,,2026-06-01,2026-09-15,82.0,Winning,c1_ugc_c2_video_c3_ugc_c4_problemsolution_c5_ongoing_c6_ai-gen_c7_painpoint_c8_t,Untagged,0.2922305634205263,0.06656362833467544,86.48560975609756,0.01903557420058706,17.0,66.0,25.73,2649.5,397.0,111.0,94.0,10.0,7.0,2.6282455348719,Phase 1 Winner,True,False
120246280866310167,187.92999999999998,186418,624,2,0,0.0,0,0.0,tw_meta_standard_ios_tw-en_pros_purchase_ongoing_no-disc_testing,c1!static_c2!image_c3!generic_c4!problemsolution_c5!ongoing_c6!na_c7!painpoint_c8!notebigcharacter-afraidofspeaking-1080x1080,,,,,2026-06-02,2026-06-25,23.0,Testing,generic – na – painpoint,static_c2,0.01072857771245266,0.0,,0.00334731624628523,0.0,1.0,0.42,43.2,18.0,2.0,2.0,0.0,0.0,0.5144703213019536,Pause,False,False
120246280866870167,167.95,91009,1112,1,0,0.0,0,0.0,tw_meta_standard_ios_tw-en_pros_purchase_ongoing_no-disc_testing,c1!static_c2!image_c3!generic_c4!valueprop_c5!ongoing_c6!na_c7!valueprop_c8!june14daysconfidence-1200x628,,,,,2026-06-02,2026-06-25,22.0,Testing,generic – na – valueprop,static_c2,0.010987924271225922,0.0,,0.012218571789603226,0.0,2.0,0.81,83.8,14.0,4.0,2.0,2.0,0.0,1.0226960471183417,Pause,False,False
120246280870660167,155.13,70140,2118,3,1,2.63,0,0.0,tw_meta_standard_ios_tw-en_pros_purchase_ongoing_no-disc_testing,c1!static_c2!image_c3!generic_c4!testimonial_c5!ongoing_c6!na_c7!testimonial_c8!threadspost-career-confidence-1200x628,,,,,2026-06-02,2026-06-03,2.0,Testing,generic – na – testimonial,static_c2,0.0427715996578272,0.014257199885942401,155.13,0.030196749358426006,0.0,2.0,0.78,80.2,10.0,4.0,2.0,0.0,2.0,2.0102135113123567,Pause,False,False
120246280872770167,165.3,84061,2039,4,1,2.63,0,0.0,tw_meta_standard_ios_tw-en_pros_purchase_ongoing_no-disc_testing,c1!static_c2!image_c3!generic_c4!testimonial_c5!ongoing_c6!na_c7!testimonial_c8!threadspost-career-client-1200x628,,,,,2026-06-02,2026-06-10,9.0,Testing,generic – na – testimonial,static_c2,0.04758449221398746,0.011896123053496865,165.3,0.02425619490608011,0.0,2.0,0.79,81.1,14.0,4.0,4.0,0.0,0.0,2.451049481852862,Pause,False,False
120246280873500167,163.32999999999998,218933,477,2,2,5.49,0,0.0,tw_meta_standard_ios_tw-en_pros_purchase_ongoing_no-disc_testing,c1!static_c2!image_c3!generic_c4!productdemo_c5!ongoing_c6!na_c7!product_c8!magicdictionary-10minsaday-1200x628,,,,,2026-06-02,2026-06-26,25.0,Testing,generic – na – product,static_c2,0.009135214883092086,0.009135214883092086,81.66499999999999,0.002178748749617463,0.0,6.0,2.43,250.7,44.0,8.0,4.0,2.0,0.0,2.984224757832113,Pause,False,False
120246280884370167,508.73999999999995,453074,7623,30,6,15.45,0,0.0,tw_meta_standard_ios_tw-en_pros_purchase_ongoing_no-disc_testing,c1!static_c2!image_c3!generic_c4!testimonial_c5!ongoing_c6!na_c7!testimonial_c8!threadspost-career-aitutor-1200x628,,,,,2026-06-02,2026-06-16,15.0,Testing,generic – na – testimonial,static_c2,0.06621434909087699,0.013242869818175396,84.78999999999999,0.016825066103991843,0.0,8.0,3.15,325.7,71.0,16.0,8.0,8.0,0.0,3.759943429771412,Phase 1 Winner,True,False
120246280887120167,163.43,44012,396,8,3,7.6,0,0.0,tw_meta_standard_ios_tw-en_pros_purchase_ongoing_no-disc_testing,c1!video_c2!video_c3!generic_c4!valueprop_c5!ongoing_c6!na_c7!speakmethod_c8!andrew-speakmethod-1920x1080,,,,,2026-06-02,2026-06-18,9.0,Testing,generic – na – speakmethod,video_c2,0.18176860856130145,0.06816322821048805,54.47666666666667,0.008997546123784422,0.0,2.0,0.79,81.6,6.0,4.0,4.0,0.0,0.0,6.07842695413692,Pause,False,False
120246280893240167,1901.5900000000001,498947,3042,66,20,49.89,0,0.0,tw_meta_standard_ios_tw-en_pros_purchase_ongoing_no-disc_testing,c1!video_c2!video_c3!generic_c4!valueprop_c5!ongoing_c6!na_c7!credibility _c8!andrew-founded-1920x1080,,,,,2026-06-02,2026-06-10,9.0,Testing,generic – na,video_c2,0.13227857868671422,0.04008441778385279,95.07950000000001,0.00609683994492401,0.0,36.0,14.25,1472.3,226.0,60.0,42.0,12.0,2.0,2.0944284077725306,Phase 1 Winner,True,False
120246280900700167,159.09,44233,470,2,0,0.0,0,0.0,tw_meta_standard_ios_tw-en_pros_purchase_ongoing_no-disc_testing,c1!video_c2!video_c3!generic_c4!valueprop_c5!ongoing_c6!na_c7!credibility _c8!andrew-founded-frame-,,,,,2026-06-02,2026-06-25,23.0,Testing,generic – na,video_c2,0.04521511089005946,0.0,,0.010625551059163973,0.0,0.0,0.0,0.0,4.0,0.0,0.0,0.0,0.0,0.6259660501805824,Pause,False,False
120246280902840167,181.98,74694,582,7,1,3.04,0,0.0,tw_meta_standard_ios_tw-en_pros_purchase_ongoing_no-disc_testing,c1!video_c2!video_c3!generic_c4!valueprop_c5!ongoing_c6!na_c7!speakmethod_c8!andrew-speakmethod-framepainpoint-,,,,,2026-06-02,2026-06-25,23.0,Testing,generic – na – speakmethod,video_c2,0.09371569336225131,0.013387956194607331,181.98,0.007791790505261467,0.0,3.0,1.23,127.6,20.0,6.0,2.0,4.0,0.0,0.9320755740172909,Pause,False,False
120246280903630167,76.37,27447,224,1,0,0.0,0,0.0,tw_meta_standard_ios_tw-en_pros_purchase_ongoing_no-disc_testing,c1!video_c2!video_c3!generic_c4!valueprop_c5!ongoing_c6!na_c7!speakmethod_c8!andrew-speakmethod-frameencouraged-,,,,,2026-06-02,2026-06-24,22.0,Testing,generic – na – speakmethod,video_c2,0.03643385433745036,0.0,,0.00816118337158888,0.0,2.0,0.78,81.1,4.0,2.0,0.0,2.0,0.0,0.6362305348197692,Pause,False,False
120246282571790167,162.42,46949,515,2,2,5.25,0,0.0,tw_meta_standard_ios_tw-en_pros_purchase_ongoing_no-disc_testing,c1!ugc_c2!video_c3!ugc_c4!productdemo_c5!ongoing_c6!hua_c7!usertestimonials_c8!2026resolutionenglish5m_2cut,,,,,2026-06-02,2026-06-24,22.0,Testing,ugc – hua – usertestimonials,ugc_c2,0.042599416387995484,0.042599416387995484,81.21,0.010969349719908837,0.0,6.0,2.41,248.6,12.0,12.0,8.0,0.0,0.0,1.6530471581117385,Mid-Tier,False,False
120246282589460167,128.42,28432,260,13,4,10.2,0,0.0,tw_meta_standard_ios_tw-en_pros_purchase_ongoing_no-disc_testing,c1!ugc_c2!video_c3!ugc_c4!productdemo_c5!ongoing_c6!hua_c7!usertestimonials_c8!2026resolutionenglish5m_1full,,,,,2026-06-02,2026-06-15,14.0,Testing,ugc – hua – usertestimonials,ugc_c2,0.4572312886888013,0.14068655036578503,32.105,0.009144625773776028,0.0,3.0,1.19,122.8,18.0,6.0,4.0,2.0,0.0,3.9680079661307195,Phase 1 Winner,True,False
120246282591040167,531.85,128042,963,41,11,28.18,0,0.0,tw_meta_standard_ios_tw-en_pros_purchase_ongoing_no-disc_testing,c1!ugc_c2!video_c3!ugc_c4!productdemo_c5!ongoing_c6!hua_c7!usertestimonials_c8!2026resolutionenglish5m_3invest,,,,,2026-06-02,2026-06-11,10.0,Testing,ugc – hua – usertestimonials,ugc_c2,0.32020743193639584,0.08590931100732573,48.35,0.0075209696818231515,0.0,12.0,4.74,490.2,80.0,24.0,24.0,0.0,0.0,4.697127450500112,Phase 2 Winner,True,True
120246331786010167,265.7,50078,1440,3,0,0.0,0,0.0,tw_meta_standard_ios_tw-en_pros_purchase_ongoing_no-disc_testing,c1!ugc_c2!video_c3!ugc_c4!productdemo_c5!ongoing_c6!swm-sophia_c7!usertestimonials_c8!computex_og_post,,,,,2026-06-03,2026-06-04,2.0,Testing,ugc – swm-sophia – usertestimonials,ugc_c2,0.059906545788569826,0.0,,0.028755141978513518,0.0,2.0,0.78,80.5,18.0,4.0,4.0,0.0,0.0,2.213463031681804,Pause,False,False
120246363710740167,1277.35,550440,3752,43,10,21.400000000000002,2,0.0,tw_meta_standard_ios_tw-en_pros_trial_ongoing_scaling2,c1:rw_s14cb_notesscreenshot_humor_zh-en_1x1_tw_humor_effective_03/10/2025_c2:rw_c3:s14cb_c4:notesscreenshot_humor_c5:zh-en_c6:1x1_c7:tw_c8:humor_c9:effective_c10:45610_c11:visual-background_c12:not-applicable_c13:not-applicable_c14:not-applicable_c15:not-applicable_c16:not-applicable_c17:not-applicable_c18:not-applicable_c19:static_c20:notapplicable_c21:not-applicable,rw,notesscreenshot_humor,tw,1x1,2026-06-03,2026-06-07,5.0,Scaling,s14cb – 1x1 – tw,rw_s14cb_notesscreenshot_humor_zh,0.07811932272363926,0.018167284354334713,127.73499999999999,0.006816365089746384,2.0,12.0,4.73,488.6,142.0,24.0,12.0,8.0,4.0,1.8204413474235055,Mid-Tier,False,False
120246363710870167,3212.89,616943,5246,115,35,55.83,13,1.0,tw_meta_standard_ios_tw-en_pros_trial_ongoing_scaling2,c1_ugc_c2_video_c3_ugc_c4_problemsolution_c5_ongoing_c6_ai-gen_c7_painpoint_c8_thefixforenglishbrainfreeze-1direct -winning,,,,,2026-06-03,2026-06-24,14.0,Scaling,c1_ugc_c2_video_c3_ugc_c4_problemsolution_c5_ongoing_c6_ai-gen_c7_painpoint_c8_t,Untagged,0.1864029578097166,0.05673133498556593,91.79685714285714,0.008503216666693682,14.0,35.0,14.02,1448.2,232.0,59.0,44.0,2.0,2.0,3.0224842939337284,Phase 1 Winner,True,False
120246363710880167,4565.38,977448,12907,165,40,72.74,11,0.0,tw_meta_standard_ios_tw-en_pros_trial_ongoing_scaling2,c1:na_c2:video_c3:influencer_c4:valueprop_c5:ongoing_c6:harryspeaks__c7:speak_company_c8:0601,video,valueprop,speak_company,harryspeaks_,2026-06-03,2026-07-03,23.0,Scaling,influencer – harryspeaks,na_c2,0.1688069339750043,0.040922893084849525,114.1345,0.01320479452615382,11.0,53.0,21.45,2210.8,314.0,77.0,63.0,10.0,2.0,1.9049030707775159,Mid-Tier,False,False
120246363710890167,850.4,219149,4293,21,3,6.52,0,0.0,tw_meta_standard_ios_tw-en_pros_trial_ongoing_scaling2,c1!na_c2!image_c3!influencer_c4!valueprop_c5!ongoing_c6!charliecareer_c7!valueprop_c8!foreign-company-scenarios-winning,,,,,2026-06-03,2026-06-07,5.0,Scaling,influencer –  – valueprop,na_c2,0.09582521480818985,0.013689316401169981,283.46666666666664,0.01958941177007424,0.0,10.0,3.94,407.1,64.0,14.0,10.0,2.0,2.0,1.7551588285943505,Mid-Tier,False,False
120246363710910167,432.24,91934,849,12,3,6.78,0,0.0,tw_meta_standard_ios_tw-en_pros_trial_ongoing_scaling2,c1:ugc6_c2:video_c3:ugc_c4:problemsolution_c5:ongoing_c6:qing_c7:englishintrovert_c8:na,video,problemsolution,englishintrovert,qing,2026-06-03,2026-06-07,5.0,Scaling,ugc – qing – englishintrovert,ugc6_c2,0.1305284225640133,0.03263210564100333,144.08,0.009234885896403942,0.0,1.0,0.39,40.4,20.0,0.0,0.0,0.0,0.0,1.8203341173757064,Mid-Tier,False,False
120246363710920167,368.13,161998,1561,4,2,4.5,0,0.0,tw_meta_standard_ios_tw-en_pros_trial_ongoing_scaling2,c1:m19_c2:video_c3:motion_c4:testimonial_c5:ongoing_c6:na_c7:motiontestimonial_c8:jpwinning-textandwave,video,testimonial,motiontestimonial,na,2026-06-03,2026-06-07,5.0,Scaling,motion – na – motiontestimonial,m19_c2,0.02469166286003531,0.012345831430017655,184.065,0.009635921431128779,0.0,2.0,0.79,82.0,12.0,4.0,4.0,0.0,0.0,1.0767932773050752,Pause,False,False
120246363710970167,391.16999999999996,74407,1348,13,0,0.0,0,0.0,tw_meta_standard_ios_tw-en_pros_trial_ongoing_scaling2,c1:ugc15_c2:video_c3:ugc_c4:problemsolution_c5:ongoing_c6:jenna_c7:howtoimprove_c8:winning,video,problemsolution,howtoimprove,jenna,2026-06-03,2026-06-07,5.0,Scaling,ugc – jenna – howtoimprove,ugc15_c2,0.174714744580483,0.0,,0.018116575053422394,0.0,2.0,0.79,81.1,22.0,2.0,2.0,0.0,0.0,0.8055827639028572,Pause,False,False
120246363710980167,2689.71,836254,5630,57,14,29.52,0,0.0,tw_meta_standard_ios_tw-en_pros_trial_ongoing_scaling2,c1:ugc18_c2:video_c3:ugc_c4:problemsolution_c5:ongoing_c6:hua_c7:dailyenlearning_c8:na,video,problemsolution,dailyenlearning,hua,2026-06-03,2026-06-18,8.0,Scaling,ugc – hua – dailyenlearning,ugc18_c2,0.06816110894536827,0.01674132500412554,192.12214285714285,0.006732404269516199,0.0,34.0,13.69,1414.3,150.0,32.0,28.0,2.0,2.0,1.905098863629735,Mid-Tier,False,False
120246363710990167,16169.740000000002,3537859,30005,965,206,333.09,22,0.0,tw_meta_standard_ios_tw-en_pros_trial_ongoing_scaling2,c1:ugc44_c2:video_c3:ugc_c4:testimonial_c5:ongoing_c6:camel_c7:outcome_c8:ba2026_monthlyprogress,video,testimonial,outcome,camel,2026-06-03,2026-09-06,49.0,Scaling,ugc –  – outcome,ugc44_c2,0.27276383824228156,0.058227306401979276,78.49388349514564,0.008481118099958196,22.0,289.0,116.29,11927.4,1964.0,420.0,353.0,29.0,12.0,3.2856028678830347,Phase 1 Winner,True,False
120246363711040167,7272.389999999999,4006625,56448,183,66,110.5,13,0.0,tw_meta_standard_ios_tw-en_pros_trial_ongoing_scaling2,c1:s44_c2:image_c3:generic_c4:testimonial_c5:ongoing_c6:na_c7:threadspost_c8:mediumcontent-1080x1080_winner,image,testimonial,threadspost,na,2026-06-03,2026-07-20,40.0,Scaling,generic – na – threadspost,s44_c2,0.045674351854740586,0.016472717062365454,110.18772727272726,0.014088665647521292,13.0,106.0,42.71,4388.1,768.0,187.0,130.0,38.0,8.0,1.860821127830056,Mid-Tier,False,False
120246363711050167,1466.57,1067783,4608,19,4,6.32,0,0.0,tw_meta_standard_ios_tw-en_pros_trial_ongoing_scaling2,c1:s30_c2:image_c3:generic_c4:valueprop_c5:ongoing_c6:na_c7:26campaigniteration_c8:confidience86p-1080x1080,image,valueprop,26campaigniteration,na,2026-06-03,2026-08-06,8.0,Scaling,generic – na – 26campaigniteration,s30_c2,0.017793877594979503,0.003746079493679896,366.6425,0.004315483576719239,0.0,16.0,6.09,631.5,142.0,31.0,27.0,4.0,0.0,0.8550773089794085,Pause,False,False
120246438347130167,400.28000000000003,66114,1407,6,1,2.53,0,0.0,tw_meta_standard_ios_tw-en_pros_purchase_ongoing_no-disc_testing,c1!ugc_c2!video_c3!ugc_c4!productdemo_c5!ongoing_c6!swm-sophia_c7!usertestimonials_c8!computexd2_og_post,,,,,2026-06-04,2026-06-06,3.0,Testing,ugc – swm-sophia – usertestimonials,ugc_c2,0.09075233687267448,0.015125389478779078,400.28000000000003,0.021281422996642162,0.0,6.0,2.37,244.6,30.0,12.0,6.0,2.0,2.0,1.5352690074857573,Mid-Tier,False,False
120246694232680167,2.36,926,20,0,0,0.0,0,0.0,tw_meta_standard_ios_tw-en_pros_trial_ongoing_winning3,c1:na_c2:image_c3:influencer_c4:valueprop_c5:ongoing_c6:tantooyu_c7:valueprop_c8:og-post-keep-speaking-winning,image,valueprop,valueprop,tantooyu,2026-06-08,2026-06-09,2.0,Winning,influencer – tantooyu – valueprop,na_c2,0.0,0.0,,0.02159827213822894,0.0,0.0,0.0,0.0,0.0,0.0,0.0,0.0,0.0,2.2793220160995347,Pause,False,False
120246694232840167,890.13,258187,5406,47,11,32.47,0,0.0,tw_meta_standard_ios_tw-en_pros_trial_ongoing_winning3,c1:ugc44_c2:video_c3:ugc_c4:testimonial_c5:ongoing_c6:camel_c7:outcome_c8:ba2026_monthlyprogress,video,testimonial,outcome,camel,2026-06-08,2026-06-11,4.0,Winning,ugc –  – outcome,ugc44_c2,0.18203859992950844,0.04260477870690624,80.92090909090909,0.0209383121535941,0.0,25.0,9.87,1019.9,110.0,34.0,30.0,2.0,0.0,3.2186054676688287,Phase 1 Winner,True,False
120246694233280167,73.8,44061,224,0,0,0.0,0,0.0,tw_meta_standard_ios_tw-en_pros_trial_ongoing_winning3,c1:ugc6_c2:video_c3:ugc_c4:problemsolution_c5:ongoing_c6:qing_c7:englishintrovert_c8:winner,video,problemsolution,englishintrovert,qing,2026-06-07,2026-06-11,5.0,Winning,ugc – qing – englishintrovert,ugc6_c2,0.0,0.0,,0.005083861010871292,0.0,0.0,0.0,0.0,8.0,0.0,0.0,0.0,0.0,0.9244640528222776,Pause,False,False
120246694233300167,58.0,17529,722,1,0,0.0,0,0.0,tw_meta_standard_ios_tw-en_pros_trial_ongoing_winning3,c1:na_c2:video_c3:influencer_c4:valueprop_c5:ongoing_c6:harryspeaks__c7:speak_company_c8:0601,video,valueprop,speak_company,harryspeaks_,2026-06-07,2026-06-10,4.0,Winning,influencer – harryspeaks,na_c2,0.057048319926978154,0.0,,0.041188886987278225,0.0,0.0,0.0,0.0,4.0,0.0,0.0,0.0,0.0,2.1054383462382957,Pause,False,False
120246694233510167,84.17,27732,558,0,0,0.0,0,0.0,tw_meta_standard_ios_tw-en_pros_trial_ongoing_winning3,c1!na_c2!image_c3!influencer_c4!valueprop_c5!ongoing_c6!charliecareer_c7!valueprop_c8!foreign-company-scenarios-winning,,,,,2026-06-07,2026-06-10,4.0,Winning,influencer –  – valueprop,na_c2,0.0,0.0,,0.020121159671138037,0.0,0.0,0.0,0.0,2.0,0.0,0.0,0.0,0.0,1.6101135253979806,Mid-Tier,False,False
120246694233530167,132.63,50829,262,7,2,5.8,0,0.0,tw_meta_standard_ios_tw-en_pros_trial_ongoing_winning3,c1_ugc_c2_video_c3_ugc_c4_problemsolution_c5_ongoing_c6_ai-gen_c7_painpoint_c8_thefixforenglishbrainfreeze-1direct -winning,,,,,2026-06-07,2026-06-14,8.0,Winning,c1_ugc_c2_video_c3_ugc_c4_problemsolution_c5_ongoing_c6_ai-gen_c7_painpoint_c8_t,Untagged,0.13771665781345296,0.039347616518129416,66.315,0.005154537763874954,0.0,1.0,0.39,40.6,18.0,2.0,2.0,0.0,0.0,4.448516174561974,Pause,False,False
120246694233580167,57.71,27987,676,0,0,0.0,0,0.0,tw_meta_standard_ios_tw-en_pros_trial_ongoing_winning3,c1:m19_c2:video_c3:motion_c4:testimonial_c5:ongoing_c6:na_c7:motiontestimonial_c8:jpwinning-textandwave,video,testimonial,motiontestimonial,na,2026-06-08,2026-06-10,3.0,Winning,motion – na – motiontestimonial,m19_c2,0.0,0.0,,0.02415407153321185,0.0,2.0,0.79,82.1,6.0,4.0,2.0,0.0,0.0,1.4268619292477278,Mid-Tier,False,False
120246694266000167,754.48,120414,1745,50,6,18.34,0,0.0,tw_meta_standard_ios_tw-en_pros_trial_ongoing_winning3,c1:na_c2:video_c3:influencer_c4:productdemo_c5:ongoing_c6:morning.jason_c7:influencer_c8:original-reels,video,productdemo,influencer,morning.jason,2026-06-07,2026-06-14,8.0,Winning,influencer – morning.jason – influencer,na_c2,0.41523410899064894,0.049828093078877866,125.74666666666667,0.014491670403773648,0.0,13.0,5.18,533.9,82.0,10.0,10.0,0.0,0.0,2.1546209121771858,Phase 1 Winner,True,False
120246694266050167,350.04,66617,1476,7,2,6.4,0,0.0,tw_meta_standard_ios_tw-en_pros_trial_ongoing_winning3,c1!na_c2!video_c3!influencer_c4!productdemo_c5!ongoing_c6!techervincent_c7!valueprop_c8!og-video,,,,,2026-06-07,2026-06-14,8.0,Winning,influencer – techervincent – valueprop,na_c2,0.1050782833210742,0.030022366663164057,175.02,0.022156506597415075,0.0,4.0,1.6,164.8,12.0,8.0,6.0,2.0,0.0,1.8153255336618068,Mid-Tier,False,False
120246912412500167,3322.46,623996,5670,146,23,40.06,6,2.0,tw_meta_standard_ios_tw-en_pros_trial_ongoing_winning,c1!ugc_c2!video_c3!ugc_c4!productdemo_c5!ongoing_c6!hua_c7!usertestimonials_c8!2026resolutionenglish5m_3invest_winning,,,,,2026-06-10,2026-06-15,6.0,Winning,ugc – hua – usertestimonials,ugc_c2,0.2339758588196078,0.03685921063596561,144.45478260869567,0.009086596708953263,8.0,31.0,12.22,1263.0,282.0,36.0,24.0,6.0,0.0,1.7700929829680168,Mid-Tier,False,False
120246913718270167,3268.76,741989,6004,111,28,48.47,4,0.0,tw_meta_standard_ios_tw-en_pros_trial_ongoing_winning,c1!video_c2!video_c3!generic_c4!valueprop_c5!ongoing_c6!na_c7!credibility _c8!andrew-founded-1920x1080_winning,,,,,2026-06-10,2026-09-07,8.0,Winning,generic – na,video_c2,0.1495979050902372,0.037736408491231,116.74142857142859,0.008091764163619676,4.0,50.0,19.6,2025.4,294.0,62.0,48.0,8.0,0.0,1.7690698053460887,Mid-Tier,False,False
120246913787420167,14650.28,4027013,69181,856,196,348.95,16,8.0,tw_meta_standard_ios_tw-en_pros_trial_ongoing_winning,c1!static_c2!image_c3!generic_c4!testimonial_c5!ongoing_c6!na_c7!testimonial_c8!threadspost-career-aitutor-1200x628_winning,,,,,2026-06-10,2026-09-15,96.0,Winning,generic – na – testimonial,static_c2,0.2125644987984891,0.048671310472551244,74.74632653061225,0.017179234335722285,24.0,252.0,95.99,9897.2,2262.0,479.0,303.0,110.0,26.0,2.4860403406465728,Phase 1 Winner,True,False
120246981244000167,8664.49,1360794,13074,557,146,241.17,11,3.0,tw_meta_standard_ios_tw-en_pros_trial_ongoing_winning,c1!ugc_c2!video_c3!ugc_c4!productdemo_c5!ongoing_c6!hua_c7!usertestimonials_c8!2026resolutionenglish5m_1full_winning,,,,,2026-06-11,2026-09-15,73.0,Winning,ugc – hua – usertestimonials,ugc_c2,0.40931985296819356,0.10729030257335055,59.345821917808216,0.009607626135917707,14.0,139.0,54.49,5566.8,1214.0,247.0,188.0,38.0,11.0,3.8891202160238367,Phase 1 Winner,True,False
120246997845950167,51.150000000000006,35791,169,0,0,0.0,0,0.0,tw_meta_standard_ios_tw-en_pros_purchase_ongoing_no-disc_testing,c1!static_c2!image_c3!generic_c4!valueprop_c5!ongoing_c6!na_c7!outcome_c8!1yeartimeline-2026half-,,,,,2026-06-12,2026-06-24,11.0,Testing,generic – na – outcome,static_c2,0.0,0.0,,0.004721857450196977,0.0,0.0,0.0,0.0,2.0,0.0,0.0,0.0,0.0,0.5696311756380689,Pause,False,False
120246997845970167,55.849999999999994,42698,209,0,0,0.0,0,0.0,tw_meta_standard_ios_tw-en_pros_purchase_ongoing_no-disc_testing,c1!static_c2!image_c3!generic_c4!problemsolution_c5!ongoing_c6!na_c7!painpoint_c8!comic-realtutor-1200x628,,,,,2026-06-12,2026-06-24,12.0,Testing,generic – na – painpoint,static_c2,0.0,0.0,,0.004894842849782192,0.0,1.0,0.41,41.9,4.0,2.0,2.0,0.0,0.0,0.5716382701616,Pause,False,False
120246997847200167,55.11,27527,181,1,2,5.29,0,0.0,tw_meta_standard_ios_tw-en_pros_purchase_ongoing_no-disc_testing,c1!static_c2!image_c3!generic_c4!problemsolution_c5!ongoing_c6!na_c7!painpoint_c8!comic-engmeeting-1200x628,,,,,2026-06-12,2026-06-24,13.0,Testing,generic – na – painpoint,static_c2,0.036327968903258616,0.07265593780651723,27.555,0.00657536237148981,0.0,1.0,0.39,40.6,2.0,2.0,2.0,0.0,0.0,5.528056904221362,Pause,False,False
120246997861740167,1392.8999999999999,331292,1946,73,16,41.15,0,0.0,tw_meta_standard_ios_tw-en_pros_purchase_ongoing_no-disc_testing,c1!na_c2!video_c3!influencer_c4!productdemo_c5!ongoing_c6!havefunytchannel_c7!speakmethod_c8!vschatgpt-short,,,,,2026-06-12,2026-06-16,5.0,Testing,influencer – havefunytchannel – speakmethod,na_c2,0.22034941984714393,0.04829576325416853,87.05624999999999,0.005873972205788247,0.0,23.0,9.12,942.7,152.0,34.0,30.0,2.0,2.0,2.5269330392399127,Phase 1 Winner,True,False
120246997862210167,158.22,52310,552,0,0,0.0,0,0.0,tw_meta_standard_ios_tw-en_pros_purchase_ongoing_no-disc_testing,c1!na_c2!video_c3!influencer_c4!productdemo_c5!ongoing_c6!havefunytchannel_c7!speakmethod_c8!walkthrough-short,,,,,2026-06-12,2026-06-25,13.0,Testing,influencer – havefunytchannel – speakmethod,na_c2,0.0,0.0,,0.01055247562607532,0.0,0.0,0.0,0.0,2.0,0.0,0.0,0.0,0.0,0.7029713490773123,Pause,False,False
120246997871260167,203.92,52685,430,4,0,0.0,0,0.0,tw_meta_standard_ios_tw-en_pros_purchase_ongoing_no-disc_testing,c1!na_c2!video_c3!influencer_c4!productdemo_c5!ongoing_c6!havefunytchannel_c7!speakmethod_c8!speaksystem-short,,,,,2026-06-12,2026-06-13,2.0,Testing,influencer – havefunytchannel – speakmethod,na_c2,0.07592293821770903,0.0,,0.00816171585840372,0.0,2.0,0.79,81.5,18.0,4.0,4.0,0.0,0.0,0.5826043459475575,Pause,False,False
120247011565580167,31.9,12153,91,0,0,0.0,0,0.0,tw_meta_standard_ios_tw-en_pros_purchase_ongoing_no-disc_testing,c1!static_c2!image_c3!generic_c4!valueprop_c5!ongoing_c6!na_c7!valueprop_c8!appnotice-career-1200x628,,,,,2026-06-12,2026-06-24,11.0,Testing,generic – na – valueprop,static_c2,0.0,0.0,,0.007487863079075126,0.0,0.0,0.0,0.0,2.0,0.0,0.0,0.0,0.0,0.534024922736276,Pause,False,False
120247011565610167,26.14,20744,70,0,0,0.0,0,0.0,tw_meta_standard_ios_tw-en_pros_purchase_ongoing_no-disc_testing,c1!static_c2!image_c3!generic_c4!valueprop_c5!ongoing_c6!na_c7!valueprop_c8!appnotice-speakmore-1200x628,,,,,2026-06-12,2026-06-24,12.0,Testing,generic – na – valueprop,static_c2,0.0,0.0,,0.003374469726185885,0.0,0.0,0.0,0.0,0.0,0.0,0.0,0.0,0.0,0.4300438397237642,Pause,False,False
120247011566490167,47.8,37834,150,2,0,0.0,0,0.0,tw_meta_standard_ios_tw-en_pros_purchase_ongoing_no-disc_testing,c1!static_c2!image_c3!generic_c4!valueprop_c5!ongoing_c6!na_c7!valueprop_c8!appnotice-norush-1080x1080,,,,,2026-06-12,2026-06-24,13.0,Testing,generic – na – valueprop,static_c2,0.05286250462546915,0.0,,0.003964687846910187,0.0,0.0,0.0,0.0,2.0,0.0,0.0,0.0,0.0,0.5624401062091386,Pause,False,False
120247011569420167,157.85999999999999,120953,452,1,1,2.72,0,0.0,tw_meta_standard_ios_tw-en_pros_purchase_ongoing_no-disc_testing,c1!static_c2!image_c3!generic_c4!valueprop_c5!ongoing_c6!na_c7!valueprop_c8!appnotice-noanxiety-1200x628,,,,,2026-06-12,2026-06-27,15.0,Testing,generic – na – valueprop,static_c2,0.008267674220565012,0.008267674220565012,157.85999999999999,0.0037369887476953858,0.0,2.0,0.81,83.4,18.0,4.0,4.0,0.0,0.0,1.5159792135375847,Mid-Tier,False,False
120247011578560167,165.35,44354,502,4,1,3.04,0,1.0,tw_meta_standard_ios_tw-en_pros_purchase_ongoing_no-disc_testing,c1!ugc_c2!video_c3!ugc_c4!productdemo_c5!ongoing_c6!ai-gen_c7!outcome_c8!workplace-colleaguecompliment_2practice,,,,,2026-06-12,2026-06-24,13.0,Testing,ugc – ai-gen – outcome,ugc_c2,0.09018352347026198,0.022545880867565496,165.35,0.011318032195517878,1.0,1.0,0.41,42.1,14.0,3.0,3.0,0.0,0.0,1.164835925101747,Pause,False,False
120247011579390167,151.79999999999998,45256,543,2,0,0.0,0,0.0,tw_meta_standard_ios_tw-en_pros_purchase_ongoing_no-disc_testing,c1!ugc_c2!video_c3!ugc_c4!productdemo_c5!ongoing_c6!ai-gen_c7!outcome_c8!workplace-colleaguecompliment_3display,,,,,2026-06-12,2026-06-24,13.0,Testing,ugc – ai-gen – outcome,ugc_c2,0.044193035177656007,0.0,,0.011998409050733605,0.0,1.0,0.42,43.2,14.0,2.0,0.0,2.0,0.0,0.8409785388711829,Pause,False,False
120247011580490167,717.0,158050,1241,37,13,32.36,0,0.0,tw_meta_standard_ios_tw-en_pros_purchase_ongoing_no-disc_testing,c1!ugc_c2!video_c3!ugc_c4!productdemo_c5!ongoing_c6!ai-gen_c7!outcome_c8!workplace-colleaguecompliment_1direct,,,,,2026-06-12,2026-06-24,13.0,Testing,ugc – ai-gen – outcome,ugc_c2,0.2341031319202784,0.08225245175577349,55.15384615384615,0.007851945586839607,0.0,16.0,6.46,667.6,94.0,33.0,27.0,4.0,0.0,3.30751854512372,Phase 1 Winner,True,False
120247187088560167,216.33,54296,706,1,2,4.99,0,0.0,tw_meta_standard_ios_tw-en_pros_purchase_ongoing_no-disc_testing,c1!na_c2!video_c3!influencer_c4!productdemo_c5!ongoing_c6!chuchushoetw_c7!valueprop_c8!og-video,,,,,2026-06-15,2026-06-16,2.0,Testing,influencer –  – valueprop,na_c2,0.018417562988065416,0.03683512597613083,108.165,0.013002799469574186,0.0,2.0,0.8,82.3,16.0,4.0,4.0,0.0,0.0,1.9173159635204475,Mid-Tier,False,False
120247189268040167,2576.62,678218,4175,59,10,25.77,0,0.0,tw_meta_standard_ios_tw-en_pros_purchase_ongoing_no-disc_testing,c1!na_c2!video_c3!influencer_c4!productdemo_c5!ongoing_c6!garytalk369_c7!valueprop_c8!og-reels,,,,,2026-06-15,2026-06-28,14.0,Testing,influencer – garytalk369 – valueprop,na_c2,0.0869926778705372,0.014744521672972407,257.662,0.00615583779846598,0.0,20.0,8.36,863.3,198.0,41.0,33.0,6.0,0.0,1.37096548404795,Pause,False,False
120247235137270167,243.91,48489,1206,4,0,0.0,0,0.0,tw_meta_standard_ios_tw-en_pros_purchase_ongoing_no-disc_testing,c1!na_c2!video_c3!influencer_c4!productdemo_c5!ongoing_c6!scps_jia_c7!product_c8!og-reels,,,,,2026-06-15,2026-06-16,2.0,Testing,influencer –  – product,na_c2,0.08249293654230858,0.0,,0.024871620367506033,0.0,4.0,1.6,164.9,32.0,9.0,8.0,1.0,0.0,2.0221292886953135,Pause,False,False
120247235677870167,382.5,100399,1347,3,1,2.53,0,0.0,tw_meta_standard_ios_tw-en_pros_purchase_ongoing_no-disc_testing,c1!na_c2!video_c3!influencer_c4!productdemo_c5!ongoing_c6!techtips_c7!valueprop_c8!og-reels,,,,,2026-06-15,2026-06-30,13.0,Testing,influencer – techtips – valueprop,na_c2,0.0298807757049373,0.009960258568312433,382.5,0.013416468291516848,0.0,2.0,0.83,84.9,8.0,0.0,0.0,0.0,0.0,1.2330897259415405,Pause,False,False
120247254596060167,31.54,8052,96,3,1,2.73,0,0.0,tw_meta_standard_ios_tw-en_pros_purchase_ongoing_no-disc_testing,c1_na_c2_video_c3_influencer_c4_valueprop_c5_promo_c6_petersunreview_c7_justspeak_c8_0616,,,,,2026-06-15,2026-06-21,6.0,Testing,c1_na_c2_video_c3_influencer_c4_valueprop_c5_promo_c6_petersunreview_c7_justspea,Untagged,0.37257824143070045,0.12419274714356682,31.54,0.011922503725782414,0.0,1.0,0.4,41.7,6.0,2.0,2.0,0.0,0.0,4.47812280220455,Pause,False,False
120247256194240167,199.21,52537,560,13,4,10.75,0,0.0,tw_meta_standard_ios_tw-en_pros_purchase_ongoing_no-disc_testing,c1!ugc_c2!video_c3!whitelist_c4!testimonial_c5!ongoing_c6!swm-tsai_c7!testimonial_c8!2-weeks-testmonial,,,,,2026-06-15,2026-06-24,10.0,Testing,whitelist – swm-tsai – testimonial,ugc_c2,0.2474446580505168,0.07613681786169746,49.8025,0.010659154500637646,0.0,5.0,2.03,209.6,32.0,10.0,6.0,2.0,0.0,2.8046664270146757,Phase 1 Winner,True,False
120247333574270167,1315.68,224949,2251,86,21,36.77,2,0.0,tw_meta_standard_ios_tw-en_pros_trial_ongoing_winning,c1!na_c2!video_c3!influencer_c4!productdemo_c5!ongoing_c6!havefunytchannel_c7!speakmethod_c8!vschatgpt-short_winning,,,,,2026-06-16,2026-07-21,36.0,Winning,influencer – havefunytchannel – speakmethod,na_c2,0.3823088789014399,0.09335449368523532,62.651428571428575,0.010006712632641176,2.0,16.0,6.56,670.2,144.0,30.0,22.0,4.0,2.0,3.864927094187961,Phase 1 Winner,True,False
120247758597150167,4610.49,900074,10848,119,34,54.55,1,0.0,tw_meta_standard_ios_tw-en_pros_trial_ongoing_scaling2,c1!na_c2!video_c3!influencer_c4!productdemo_c5!ongoing_c6!techervincent_c7!valueprop_c8!og-video_scaling,,,,,2026-06-22,2026-06-29,8.0,Scaling,influencer – techervincent – valueprop,na_c2,0.13221135151109797,0.03777467186031371,135.60264705882352,0.012052342362961268,1.0,48.0,19.8,2044.8,272.0,72.0,49.0,12.0,0.0,1.7279627708990266,Mid-Tier,False,False
120247887628100167,5285.38,1209962,7022,217,54,87.24,0,0.0,tw_meta_standard_ios_tw-en_pros_trial_ongoing_scaling2,c1!ugc_c2!video_c3!ugc_c4!productdemo_c5!ongoing_c6!ai-gen_c7!outcome_c8!workplace-colleaguecompliment_1direct_scaling,,,,,2026-06-24,2026-06-28,5.0,Scaling,ugc – ai-gen – outcome,ugc_c2,0.1793444752810419,0.04462950076118093,97.8774074074074,0.0058034880434261575,0.0,58.0,24.23,2503.8,464.0,113.0,86.0,12.0,0.0,2.755343150672988,Phase 1 Winner,True,False
120247887774070167,1745.1,552251,3328,56,13,22.52,0,0.0,tw_meta_standard_ios_tw-en_pros_trial_ongoing_scaling2,c1!ugc_c2!video_c3!whitelist_c4!testimonial_c5!ongoing_c6!swm-tsai_c7!testimonial_c8!2-weeks-testmonial_scaling,,,,,2026-06-24,2026-07-04,11.0,Scaling,whitelist – swm-tsai – testimonial,ugc_c2,0.10140316631386814,0.023540020751433677,134.23846153846154,0.0060262453123670215,0.0,28.0,11.57,1185.7,188.0,54.0,42.0,10.0,0.0,1.6740070127991398,Mid-Tier,False,False
120247888457690167,299.53999999999996,85933,1632,4,0,0.0,0,0.0,tw_meta_standard_ios_tw-en_pros_trial_ongoing_winning,c1!na_c2!video_c3!influencer_c4!productdemo_c5!ongoing_c6!chuchushoetw_c7!valueprop_c8!og-video_retest_winning,,,,,2026-06-24,2026-07-16,23.0,Winning,influencer –  – valueprop,na_c2,0.046547891962342755,0.0,,0.018991539920635844,0.0,1.0,0.42,43.5,20.0,2.0,2.0,0.0,0.0,1.155844024331107,Pause,False,False
120247888972120167,465.06,531956,1639,8,6,10.52,2,0.0,tw_meta_standard_ios_tw-en_pros_trial_ongoing_scaling2,c1!static_c2!image_c3!generic_c4!problemsolution_c5!ongoing_c6!na_c7!painpoint_c8!comic-engmeeting_scaling,,,,,2026-06-24,2026-07-22,28.0,Scaling,generic – na – painpoint,static_c2,0.015038837798614924,0.011279128348961193,77.51,0.0030810818939912324,2.0,10.0,4.1,416.8,72.0,20.0,18.0,2.0,0.0,3.463086574873296,Pause,False,False
120247889143360167,2324.15,318624,3722,115,27,44.99,0,0.0,tw_meta_standard_ios_tw-en_pros_trial_ongoing_winning,c1!ugc_c2!video_c3!ugc_c4!productdemo_c5!ongoing_c6!ai-gen_c7!outcome_c8!workplace-colleaguecompliment_2practice_winning,,,,,2026-06-24,2026-08-04,42.0,Winning,ugc – ai-gen – outcome,ugc_c2,0.36092698603997186,0.08473937933112384,86.07962962962964,0.01168148036557196,0.0,30.0,11.87,1209.8,227.0,59.0,53.0,6.0,0.0,3.244552549956411,Phase 1 Winner,True,False
120247889446440167,9024.99,4206360,61435,412,118,199.12,9,2.0,tw_meta_standard_ios_tw-en_pros_trial_ongoing_scaling2,c1!static_c2!image_c3!generic_c4!testimonial_c5!ongoing_c6!na_c7!testimonial_c8!threadspost-career-aitutor-1200x628_scaling,,,,,2026-06-24,2026-09-06,56.0,Scaling,generic – na – testimonial,static_c2,0.09794691847583184,0.0280527582042431,76.48296610169491,0.014605264409132837,11.0,161.0,63.47,6497.4,1250.0,317.0,230.0,50.0,17.0,3.67361973516688,Phase 1 Winner,True,False
120248324906930167,2788.57,734334,5335,57,12,20.349999999999998,0,0.0,tw_meta_standard_ios_tw-en_pros_trial_ongoing_scaling2,c1!ugc_c2!video_c3!ugc_c4!productdemo_c5!ongoing_c6!ai-gen_c7!outcome_c8!workplace-colleaguecompliment_2practice_winning_scaling,,,,,2026-06-29,2026-07-01,3.0,Scaling,ugc – ai-gen – outcome,ugc_c2,0.07762135486032241,0.016341337865331033,232.38083333333336,0.007265086459295089,0.0,22.0,9.17,945.3,150.0,31.0,23.0,6.0,0.0,1.458080433928939,Mid-Tier,False,False
120248334930940167,41.239999999999995,46550,175,0,0,0.0,0,0.0,tw_meta_standard_ios_tw-en_pros_purchase_ongoing_no-disc_testing,c1!static_c2!image_c3!generic_c4!problemsolution_c5!ongoing_c6!na_c7!painpoint_c8!comic-realtutor-1080x1080,,,,,2026-06-29,2026-07-11,10.0,Testing,generic – na – painpoint,static_c2,0.0,0.0,,0.0037593984962406013,0.0,0.0,0.0,0.0,6.0,0.0,0.0,0.0,0.0,0.6353295122015044,Pause,False,False
120248334931480167,23.56,23555,85,0,0,0.0,0,0.0,tw_meta_standard_ios_tw-en_pros_purchase_ongoing_no-disc_testing,c1!static_c2!image_c3!generic_c4!problemsolution_c5!ongoing_c6!na_c7!painpoint_c8!comic-blankmind-1080x1080,,,,,2026-06-29,2026-07-16,16.0,Testing,generic – na – painpoint,static_c2,0.0,0.0,,0.0036085756739545746,0.0,1.0,0.42,42.2,4.0,3.0,3.0,0.0,0.0,0.5706079273702692,Pause,False,False
120248334932420167,34.68,34284,138,0,0,0.0,0,0.0,tw_meta_standard_ios_tw-en_pros_purchase_ongoing_no-disc_testing,c1!static_c2!image_c3!generic_c4!problemsolution_c5!ongoing_c6!na_c7!painpoint_c8!comic-engmeeting-299-1080x1080,,,,,2026-06-29,2026-07-06,8.0,Testing,generic – na – painpoint,static_c2,0.0,0.0,,0.004025201260063003,0.0,0.0,0.0,0.0,8.0,0.0,0.0,0.0,0.0,0.6176947864345795,Pause,False,False
120248334933310167,30.35,46130,133,0,0,0.0,0,0.0,tw_meta_standard_ios_tw-en_pros_purchase_ongoing_no-disc_testing,c1!static_c2!image_c3!generic_c4!problemsolution_c5!ongoing_c6!na_c7!painpoint_c8!comic-realtutor-299-1080x1080,,,,,2026-06-29,2026-07-06,8.0,Testing,generic – na – painpoint,static_c2,0.0,0.0,,0.002883156297420334,0.0,1.0,0.41,41.6,8.0,2.0,2.0,0.0,0.0,0.7073272774363948,Pause,False,False
120248334960360167,187.43,76008,441,3,2,4.779999999999999,0,0.0,tw_meta_standard_ios_tw-en_pros_purchase_ongoing_no-disc_testing,c1!ugc_c2!video_c3!ugc_c4!testimonial_c5!ongoing_c6!swm-claire_c7!usertestimonials_c8!afterworklearnformyself,,,,,2026-06-29,2026-06-30,2.0,Testing,ugc – swm-claire – usertestimonials,ugc_c2,0.039469529523208084,0.02631301968213872,93.715,0.005802020839911588,0.0,2.0,0.83,86.1,18.0,4.0,4.0,0.0,0.0,1.6193359698474477,Mid-Tier,False,False
120248334979440167,1437.92,355933,2552,82,21,41.589999999999996,0,0.0,tw_meta_standard_ios_tw-en_pros_purchase_ongoing_no-disc_testing,c1!na_c2!video_c3!influencer_c4!problemsolution_c5!ongoing_c6!drama_engbook_c7!testimonial_c8!input_output_short,,,,,2026-06-29,2026-07-06,8.0,Testing,influencer –  – testimonial,na_c2,0.2303804367675939,0.05899986795267649,68.47238095238096,0.007169888715010972,0.0,43.0,17.81,1806.2,224.0,59.0,49.0,4.0,2.0,3.3127876533448157,Phase 1 Winner,True,False
120248334982400167,1313.8200000000002,339827,6691,92,23,53.23,0,0.0,tw_meta_standard_ios_tw-en_pros_purchase_ongoing_no-disc_testing,c1!ugc_c2!video_c3!ugc_c4!valueprop_c5!ongoing_c6!swm-jenny_c7!scenario_c8!salarynegotiation,,,,,2026-06-29,2026-06-30,2.0,Testing,ugc – swm-jenny – scenario,ugc_c2,0.2707259870463501,0.06768149676158752,57.12260869565218,0.01968943021007748,0.0,37.0,15.38,1583.6,218.0,63.0,50.0,5.0,2.0,2.493313504629591,Phase 1 Winner,True,False
120248335034210167,132.29,50662,484,1,0,0.0,0,0.0,tw_meta_standard_ios_tw-en_pros_purchase_ongoing_no-disc_testing,c1!na_c2!video_c3!influencer_c4!problemsolution_c5!ongoing_c6!drama_engbook_c7!testimonial_c8!why_using_speak_0625,,,,,2026-06-29,2026-07-09,11.0,Testing,influencer –  – testimonial,na_c2,0.019738660139749713,0.0,,0.009553511507638862,0.0,1.0,0.42,43.4,14.0,2.0,0.0,2.0,0.0,0.6750104892424859,Pause,False,False
120248341533720167,149.98000000000002,99030,399,0,0,0.0,0,0.0,tw_meta_standard_ios_tw-en_pros_purchase_ongoing_no-disc_testing,c1!static_c2!image_c3!generic_c4!valueprop_c5!ongoing_c6!na_c7!outcome_c8!1yeartimeline-career-mnc-10mins-1080x1350,,,,,2026-06-30,2026-07-17,15.0,Testing,generic – na – outcome,static_c2,0.0,0.0,,0.004029082096334444,0.0,2.0,0.82,82.7,10.0,4.0,4.0,0.0,0.0,0.42829090867554986,Pause,False,False
120248341545680167,56.989999999999995,58156,200,0,0,0.0,0,0.0,tw_meta_standard_ios_tw-en_pros_purchase_ongoing_no-disc_testing,c1!static_c2!image_c3!generic_c4!valueprop_c5!ongoing_c6!na_c7!valueprop_c8!appnotice-career-1200x628,,,,,2026-06-30,2026-07-18,16.0,Testing,generic – na – valueprop,static_c2,0.0,0.0,,0.003439026067817594,0.0,0.0,0.0,0.0,4.0,0.0,0.0,0.0,0.0,0.4564233251202318,Pause,False,False
120248341547190167,110.88,75822,384,3,0,0.0,0,0.0,tw_meta_standard_ios_tw-en_pros_purchase_ongoing_no-disc_testing,c1!static_c2!image_c3!generic_c4!valueprop_c5!ongoing_c6!na_c7!outcome_c8!3750sentences-1200x628,,,,,2026-06-30,2026-07-18,17.0,Testing,generic – na – outcome,static_c2,0.03956635277360133,0.0,,0.00506449315502097,0.0,2.0,0.81,82.2,18.0,4.0,4.0,0.0,0.0,0.4455813291047198,Pause,False,False
120248341548470167,36.26,23037,137,0,0,0.0,0,0.0,tw_meta_standard_ios_tw-en_pros_purchase_ongoing_no-disc_testing,c1!static_c2!image_c3!generic_c4!valueprop_c5!ongoing_c6!na_c7!valueprop_c8!compareboba-1200x628,,,,,2026-07-01,2026-07-11,8.0,Testing,generic – na – valueprop,static_c2,0.0,0.0,,0.005946954898641316,0.0,0.0,0.0,0.0,4.0,0.0,0.0,0.0,0.0,0.5593388728791175,Pause,False,False
120248341561120167,487.97,194727,1081,23,7,14.4,0,0.0,tw_meta_standard_ios_tw-en_pros_purchase_ongoing_no-disc_testing,c1!motion_c2!video_c3!generic_c4!valueprop_c5!ongoing_c6!na_c7!outcome_c8!3750sentences-1080x1920,,,,,2026-06-30,2026-07-19,20.0,Testing,generic – na – outcome,motion_c2,0.11811407765743835,0.03594776276530733,69.71000000000001,0.005551361649899603,0.0,11.0,4.44,449.5,68.0,22.0,15.0,3.0,4.0,2.5722539937937166,Phase 1 Winner,True,False
120248341577480167,942.27,277290,2309,36,18,34.37,0,0.0,tw_meta_standard_ios_tw-en_pros_purchase_ongoing_no-disc_testing,c1!video_c2!video_c3!generic_c4!valueprop_c5!ongoing_c6!na_c7!credibility_c8!connor-keyskillsintheaiera-2cut,,,,,2026-06-30,2026-07-06,7.0,Testing,generic – na,video_c2,0.12982797792924375,0.06491398896462187,52.34833333333333,0.008327022251072885,0.0,17.0,6.99,707.4,84.0,30.0,10.0,14.0,4.0,2.7951245000307545,Phase 2 Winner,True,True
120248489704700167,3975.5699999999997,855525,15023,208,61,99.14,4,2.0,tw_meta_standard_ios_tw-en_pros_trial_ongoing_winning,c1!ugc_c2!video_c3!ugc_c4!valueprop_c5!ongoing_c6!swm-jenny_c7!scenario_c8!salarynegotiation_winning,,,,,2026-06-30,2026-07-07,8.0,Winning,ugc – swm-jenny – scenario,ugc_c2,0.24312556617281786,0.07130124777183601,65.17327868852459,0.01755997779141463,6.0,98.0,40.53,4103.6,452.0,112.0,80.0,15.0,11.0,2.793937479850682,Phase 1 Winner,True,False
120248526868210167,3158.94,713599,12770,169,49,78.51,3,1.0,tw_meta_standard_ios_tw-en_pros_trial_ongoing_winning,c1!ugc_c2!video_c3!ugc_c4!valueprop_c5!ongoing_c6!swm-jenny_c7!scenario_c8!salarynegotiation_winning_ccp-control,,,,,2026-07-01,2026-07-04,4.0,Winning,ugc – swm-jenny – scenario,ugc_c2,0.23682768613745256,0.06866601550730873,64.46816326530612,0.017895204449557806,4.0,97.0,39.68,4017.5,354.0,97.0,71.0,18.0,8.0,2.7350738188864248,Phase 1 Winner,True,False
120248530261670167,668.82,132304,2750,67,14,28.689999999999998,0,0.0,tw_meta_standard_ios_tw-en_pros_purchase_ongoing_no-disc_testing,c1!na_c2!video_c3!influencer_c4!productdemo_c5!ongoing_c6!brianptseng_c7!product_c8!og-video,,,,,2026-07-01,2026-07-03,3.0,Testing,influencer – brianptseng – product,na_c2,0.5064094811948241,0.10581690651832144,47.77285714285715,0.02078546378038457,0.0,18.0,7.36,745.4,124.0,34.0,24.0,6.0,4.0,3.220084186590388,Phase 2 Winner,True,True
120248612012470167,7804.69,1110140,19560,522,121,212.58,0,0.0,tw_meta_standard_ios_tw-en_pros_trial_ongoing_scaling2,c1!na_c2!video_c3!influencer_c4!productdemo_c5!ongoing_c6!brianptseng_c7!product_c8!og-video_scaling,,,,,2026-07-03,2026-08-02,31.0,Scaling,influencer – brianptseng – product,na_c2,0.47021096438287063,0.10899526185886466,64.50157024793388,0.017619399355036303,0.0,114.0,45.71,4629.1,866.0,186.0,146.0,20.0,12.0,3.047126534384584,Phase 1 Winner,True,False
120248612089090167,9847.74,2633171,37870,411,110,185.62,5,0.0,tw_meta_standard_ios_tw-en_pros_trial_ongoing_scaling2,c1!ugc_c2!video_c3!ugc_c4!valueprop_c5!ongoing_c6!swm-jenny_c7!scenario_c8!salarynegotiation_scaling,,,,,2026-07-03,2026-08-09,22.0,Scaling,ugc – swm-jenny – scenario,ugc_c2,0.15608557135104403,0.04177472712558356,89.52490909090909,0.014381899238598632,5.0,167.0,65.44,6663.4,1098.0,266.0,181.0,49.0,26.0,2.6653832007751395,Phase 1 Winner,True,False
120248612147470167,162.16,45972,604,4,3,6.069999999999999,0,0.0,tw_meta_standard_ios_tw-en_pros_purchase_ongoing_no-disc_testing,c1!na_c2!video_c3!influencer_c4!productdemo_c5!ongoing_c6!bigeartv_c7!product_c8!og-reel,,,,,2026-07-03,2026-07-05,3.0,Testing,influencer – bigeartv – product,na_c2,0.08700948403375969,0.06525711302531977,54.053333333333335,0.013138432089097712,0.0,0.0,0.0,0.0,2.0,0.0,0.0,0.0,0.0,2.4897183376340264,Pause,False,False
120248612260260167,157.56,52091,662,9,3,5.550000000000001,0,0.0,tw_meta_standard_ios_tw-en_pros_purchase_ongoing_no-disc_testing,c1!na_c2!video_c3!influencer_c4!productdemo_c5!ongoing_c6!bigeartv_c7!product_c8!og-video,,,,,2026-07-03,2026-07-07,5.0,Testing,influencer – bigeartv – product,na_c2,0.17277456758365167,0.057591522527883895,52.52,0.01270852930448638,0.0,3.0,1.24,125.7,16.0,6.0,6.0,0.0,0.0,3.558885528710072,Pause,False,False
120248686842540167,1851.85,502152,4254,62,13,22.05,3,1.0,tw_meta_standard_ios_tw-en_pros_trial_ongoing_winning,c1!video_c2!video_c3!generic_c4!valueprop_c5!ongoing_c6!na_c7!credibility_c8!connor-keyskillsintheaiera-2cut_winning,,,,,2026-07-06,2026-07-19,14.0,Winning,generic – na,video_c2,0.12346859118354603,0.02588857557074352,142.45,0.008471538498303302,4.0,25.0,10.05,1017.5,164.0,32.0,24.0,6.0,2.0,1.3229456855869557,Pause,False,False
120248715194060167,817.61,264704,2277,19,5,8.99,0,0.0,tw_meta_standard_ios_tw-en_pros_trial_ongoing_scaling2,c1!video_c2!video_c3!generic_c4!valueprop_c5!ongoing_c6!na_c7!credibility_c8!connor-keyskillsintheaiera-2cut_scaling,,,,,2026-07-06,2026-07-08,3.0,Scaling,generic – na,video_c2,0.07177828820116054,0.01888902321083172,163.522,0.008602061170212765,0.0,7.0,2.87,290.3,44.0,12.0,10.0,2.0,0.0,1.3257215766926882,Pause,False,False
120248715237150167,7091.79,1705941,10630,284,93,166.42000000000002,4,2.0,tw_meta_standard_ios_tw-en_pros_trial_ongoing_scaling2,c1!na_c2!video_c3!influencer_c4!problemsolution_c5!ongoing_c6!drama_engbook_c7!testimonial_c8!input_output_short_scaling,,,,,2026-07-06,2026-08-06,32.0,Scaling,influencer –  – testimonial,na_c2,0.16647703525502933,0.054515367178583546,76.2558064516129,0.006231165087186486,6.0,120.0,48.18,4883.2,765.0,207.0,151.0,14.0,40.0,2.9693023783161605,Phase 1 Winner,True,False
120248718076390167,348.7,63913,913,14,0,0.0,0,0.0,tw_meta_standard_ios_tw-en_pros_trial_ongoing_winning,c1!na_c2!video_c3!influencer_c4!productdemo_c5!ongoing_c6!bigeartv_c7!product_c8!og-video_winning,,,,,2026-07-06,2026-08-02,28.0,Winning,influencer – bigeartv – product,na_c2,0.21904776805970616,0.0,,0.014285043731322266,0.0,0.0,0.0,0.0,26.0,0.0,0.0,0.0,0.0,0.8709322522541133,Pause,False,False
120248718399620167,1093.54,261339,9030,132,21,41.21,0,0.0,tw_meta_standard_ios_tw-en_pros_purchase_ongoing_no-disc_testing,c1!na_c2!video_c3!influencer_c4!productdemo_c5!ongoing_c6!eaglish.fam_c7!product_c8!og-video,,,,,2026-07-06,2026-07-09,4.0,Testing,influencer – eaglish.fam – product,na_c2,0.5050910885860893,0.08035540045687785,52.07333333333333,0.03455282219645747,0.0,30.0,12.3,1245.1,268.0,48.0,40.0,0.0,6.0,3.4819705911611805,Phase 2 Winner,True,True
120248719356730167,697.65,199468,3270,84,20,38.92,0,0.0,tw_meta_standard_ios_tw-en_pros_purchase_ongoing_no-disc_testing,c1!na_c2!video_c3!influencer_c4!productdemo_c5!ongoing_c6!harryspeaks__c7!product_c8!og-video,,,,,2026-07-07,2026-07-09,3.0,Testing,influencer – harryspeaks – product,na_c2,0.42112017967794335,0.10026670944712936,34.8825,0.01639360699460565,0.0,34.0,14.01,1418.2,162.0,39.0,27.0,6.0,2.0,2.757058581370131,Phase 2 Winner,True,True
120248719873780167,163.88,118078,1009,0,0,0.0,0,0.0,tw_meta_standard_ios_tw-en_pros_purchase_ongoing_no-disc_testing,c1!static_c2!image_c3!generic_c4!testimonial_c5!ongoing_c6!na_c7!testimonial_c8!instagramstory-native-,,,,,2026-07-06,2026-07-14,9.0,Testing,generic – na – testimonial,static_c2,0.0,0.0,,0.008545198936296346,0.0,1.0,0.41,41.7,18.0,2.0,2.0,0.0,0.0,0.5694944975947418,Pause,False,False
120248719893710167,397.06,125077,822,5,2,3.94,0,0.0,tw_meta_standard_ios_tw-en_pros_purchase_ongoing_no-disc_testing,c1!na_c2!video_c3!generic_c4!senario_c5!ongoing_c6!na_c7!us-winning_c8!start-tomorrow,,,,,2026-07-06,2026-07-12,7.0,Testing,generic – na – us-winning,na_c2,0.03997537516889596,0.015990150067558384,198.53,0.006571951677766496,0.0,5.0,2.04,206.7,36.0,10.0,6.0,0.0,2.0,1.0308706062830204,Pause,False,False
120248719912650167,1040.91,374169,3494,29,10,18.87,0,0.0,tw_meta_standard_ios_tw-en_pros_purchase_ongoing_no-disc_testing,c1!ugc_c2!video_c3!ugc_c4!testimonial_c5!ongoing_c6!mip-asianleadership_c7!usertestimonials_c8!fromsilenttospeakingup,,,,,2026-07-07,2026-07-12,6.0,Testing,ugc – mip-asianleadership – usertestimonials,ugc_c2,0.07750508460080872,0.02672589124165818,104.09100000000001,0.009338026399835369,0.0,13.0,5.24,530.5,116.0,26.0,22.0,2.0,2.0,1.6435000379980673,Mid-Tier,False,False
120248720012760167,317.38,204017,1770,12,1,1.97,0,0.0,tw_meta_standard_ios_tw-en_pros_purchase_ongoing_no-disc_testing,c1!static_c2!image_c3!generic_c4!testimonial_c5!ongoing_c6!na_c7!testimonial_c8!instagramstory-introvert-,,,,,2026-07-07,2026-07-13,7.0,Testing,generic – na – testimonial,static_c2,0.058818627859443084,0.0049015523216202565,317.38,0.008675747609267856,0.0,8.0,3.27,331.3,52.0,17.0,12.0,2.0,0.0,0.8920039580915998,Pause,False,False
120248720435220167,268.15,108054,1334,1,1,1.98,0,0.0,tw_meta_standard_ios_tw-en_pros_purchase_ongoing_no-disc_testing,c1!na_c2!image_c3!ugc_c4!senario_c5!ongoing_c6!miso.speaks_c7!interview_c8!interview-tips-carousel,,,,,2026-07-06,2026-07-11,6.0,Testing,ugc – miso.speaks – interview,na_c2,0.009254631943287616,0.009254631943287616,268.15,0.012345679012345678,0.0,4.0,1.6,162.5,26.0,8.0,6.0,0.0,2.0,0.8181028150219599,Pause,False,False
120248789397960167,43484.13,7571144,133476,2799,659,1020.9799999999999,0,0.0,tw_meta_standard_ios_tw-en_pros_trial_ongoing_scaling2,c1!na_c2!video_c3!influencer_c4!productdemo_c5!ongoing_c6!harryspeaks__c7!product_c8!og-video_scaling,,,,,2026-07-08,2026-09-15,47.0,Scaling,influencer – harryspeaks – product,na_c2,0.36969314016481525,0.08704100727710369,65.98502276176023,0.01762956826603747,0.0,735.0,278.87,28508.6,5154.0,1156.0,869.0,173.0,54.0,2.5446162254050297,Phase 1 Winner,True,False
120248790253970167,10853.99,2110493,42334,956,192,314.53,0,0.0,tw_meta_standard_ios_tw-en_pros_trial_ongoing_winning,c1!na_c2!video_c3!influencer_c4!productdemo_c5!ongoing_c6!eaglish.fam_c7!product_c8!og-video_c9!app-cpr,,,,,2026-07-08,2026-09-15,37.0,Winning,influencer – eaglish.fam – product,na_c2,0.45297473149638495,0.09097400465199364,56.53119791666666,0.020058820379882804,0.0,225.0,85.95,8782.8,1958.0,339.0,285.0,36.0,8.0,2.9626353772073117,Phase 1 Winner,True,False
120248822296120167,5251.9800000000005,1005778,20895,409,93,159.63,0,0.0,tw_meta_standard_ios_tw-en_pros_trial_ongoing_scaling2,c1!na_c2!video_c3!influencer_c4!productdemo_c5!ongoing_c6!eaglish.fam_c7!product_c8!og-video_scaling,,,,,2026-07-09,2026-08-05,28.0,Scaling,influencer – eaglish.fam – product,na_c2,0.4066503741382293,0.0924657329947563,56.472903225806455,0.020774962268015406,0.0,91.0,35.68,3614.7,787.0,168.0,138.0,12.0,12.0,2.9802514846739254,Phase 1 Winner,True,False
120248898262300167,3.57,2310,12,0,0,0.0,0,0.0,tw_meta_standard_ios_tw-en_pros_purchase_ongoing_no-disc_testing,c1!static_c2!image_c3!generic_c4!valueprop_c5!ongoing_c6!na_c7!valueprop_c8!billboard-canspeak-1200x628,,,,,2026-07-12,2026-07-16,5.0,Testing,generic – na – valueprop,static_c2,0.0,0.0,,0.005194805194805195,0.0,0.0,0.0,0.0,0.0,0.0,0.0,0.0,0.0,0.5930733515568692,Pause,False,False
120248898263350167,288.0,122085,865,2,0,0.0,0,0.0,tw_meta_standard_ios_tw-en_pros_purchase_ongoing_no-disc_testing,c1!static_c2!image_c3!generic_c4!valueprop_c5!ongoing_c6!na_c7!valueprop_c8!billboard-fromspeak-1200x628,,,,,2026-07-12,2026-07-17,6.0,Testing,generic – na – valueprop,static_c2,0.016382028914281033,0.0,,0.007085227505426547,0.0,4.0,1.59,160.6,16.0,8.0,2.0,4.0,2.0,0.521534689948807,Pause,False,False
120248898272860167,307.96,98979,1674,2,2,4.25,0,0.0,tw_meta_standard_ios_tw-en_pros_purchase_ongoing_no-disc_testing,c1!na_c2!video_c3!influencer_c4!productdemo_c5!ongoing_c6!atiendai_c7!product_c8!speak-product,,,,,2026-07-12,2026-07-16,5.0,Testing,influencer – atiendai – product,na_c2,0.020206306388223766,0.020206306388223766,153.98,0.016912678446943292,0.0,2.0,0.8,81.4,16.0,5.0,3.0,0.0,2.0,1.4010743361856828,Mid-Tier,False,False
120248898277620167,284.55,111730,1417,6,0,0.0,0,0.0,tw_meta_standard_ios_tw-en_pros_purchase_ongoing_no-disc_testing,c1!ugc_c2!image_c3!ugc_c4!painpoint _c5!ongoing_c6!jessica_c7!ba.lifestyle.walking_c8!dontletenglishholdyouback_v2_engiperson,,,,,2026-07-13,2026-07-14,2.0,Testing,ugc – jessica – ba.lifestyle.walking,ugc_c2,0.05370088606462006,0.0,,0.012682359258927772,0.0,2.0,0.82,83.1,18.0,4.0,2.0,2.0,0.0,1.0426349354088575,Pause,False,False
120248898277700167,258.67,122792,1071,5,1,2.11,0,0.0,tw_meta_standard_ios_tw-en_pros_purchase_ongoing_no-disc_testing,c1!ugc_c2!image_c3!ugc_c4!painpoint _c5!ongoing_c6!jessica_c7!ba.lifestyle.walking_c8!dontletenglishholdyouback_v1_og,,,,,2026-07-13,2026-07-15,3.0,Testing,ugc – jessica – ba.lifestyle.walking,ugc_c2,0.0407192650987035,0.008143853019740698,258.67,0.008722066584142289,0.0,1.0,0.4,40.9,16.0,2.0,0.0,0.0,0.0,0.9178107242502233,Pause,False,False
120248898278030167,159.5,53424,672,0,0,0.0,1,1.0,tw_meta_standard_ios_tw-en_pros_purchase_ongoing_no-disc_testing,c1!ugc_c2!video_c3!ugc_c4!testimonial_c5!ongoing_c6!qing_c7!product_c8!doesaienglishlearningwork_3cut,,,,,2026-07-13,2026-07-15,3.0,Testing,ugc – qing – product,ugc_c2,0.0,0.0,,0.012578616352201259,2.0,0.0,0.0,0.0,0.0,0.0,0.0,0.0,0.0,0.8674871009166114,Pause,False,False
120248898278710167,187.26,63868,1197,0,0,0.0,0,0.0,tw_meta_standard_ios_tw-en_pros_purchase_ongoing_no-disc_testing,c1!na_c2!video_c3!influencer_c4!productdemo_c5!ongoing_c6!atiendai_c7!product_c8!vs-online-course,,,,,2026-07-13,2026-07-15,3.0,Testing,influencer – atiendai – product,na_c2,0.0,0.0,,0.01874177992108724,0.0,1.0,0.41,41.5,12.0,2.0,2.0,0.0,0.0,0.9612139553234051,Pause,False,False
120248898291360167,253.0,83208,1330,8,3,6.09,1,0.0,tw_meta_standard_ios_tw-en_pros_purchase_ongoing_no-disc_testing,c1!na_c2!video_c3!influencer_c4!productdemo_c5!ongoing_c6!atiendai_c7!product_c8!og-video,,,,,2026-07-13,2026-07-22,6.0,Testing,influencer – atiendai – product,na_c2,0.09614460148062687,0.03605422555523507,84.33333333333333,0.015984039996154217,1.0,1.0,0.41,41.7,30.0,2.0,0.0,2.0,0.0,1.9993108417524093,Mid-Tier,False,False
120248964820460167,347.26,157589,581,16,3,5.07,0,0.0,tw_meta_standard_ios_tw-en_pros_trial_ongoing_scaling2,c1!motion_c2!video_c3!generic_c4!valueprop_c5!ongoing_c6!na_c7!outcome_c8!3750sentences-1080x1920_scaling,,,,,2026-07-15,2026-07-22,8.0,Scaling,generic – na – outcome,motion_c2,0.10152992911941824,0.01903686170989092,115.75333333333333,0.0036868055511488744,0.0,8.0,3.13,317.1,60.0,14.0,14.0,0.0,0.0,5.212631929745832,Phase 1 Winner,True,False
120249017523680167,76.19,17801,105,3,1,1.52,1,0.0,tw_meta_standard_ios_tw-en_pros_trial_ongoing_winning,c1!motion_c2!video_c3!generic_c4!valueprop_c5!ongoing_c6!na_c7!outcome_c8!3750sentences-1080x1920_winning,,,,,2026-07-17,2026-07-29,11.0,Winning,generic – na – outcome,motion_c2,0.1685298578731532,0.05617661929105106,76.19,0.005898545025560362,1.0,2.0,0.77,78.0,10.0,4.0,2.0,2.0,0.0,2.774327984355531,Pause,False,False
120249017782920167,188.90999999999997,59734,1862,10,0,0.0,0,0.0,tw_meta_standard_ios_tw-en_pros_purchase_ongoing_no-disc_testing,c1!ugc_c2!image_c3!whitelist_c4!valueprop_c5!ongoing_c6!mip-alicechenlife_c7!ba.lifestyle.testscore_c8!9-year-in-us,,,,,2026-07-16,2026-07-19,4.0,Testing,whitelist – mip-alicechenlife – ba.lifestyle.testscore,ugc_c2,0.16740884588341648,0.0,,0.03117152710349215,0.0,1.0,0.4,40.4,26.0,2.0,2.0,0.0,0.0,2.5222358440593573,Phase 1 Winner,True,False
120249017877220167,393.93,101594,3677,29,9,20.49,0,0.0,tw_meta_standard_ios_tw-en_pros_purchase_ongoing_no-disc_testing,c1!ugc_c2!image_c3!whitelist_c4!valueprop_c5!ongoing_c6!mip-emily_life_c7!allenhook_c8!learning-technique-sharing,,,,,2026-07-16,2026-07-20,5.0,Testing,whitelist –  – allenhook,ugc_c2,0.2854499281453629,0.0885879087347678,43.77,0.03619308226863791,0.0,15.0,5.89,596.1,78.0,27.0,22.0,2.0,2.0,3.3605418299320737,Phase 1 Winner,True,False
120249017985740167,293.3,74476,1436,4,3,6.68,0,0.0,tw_meta_standard_ios_tw-en_pros_purchase_ongoing_no-disc_testing,c1!ugc_c2!video_c3!whitelist_c4!testimonial_c5!ongoing_c6!mip-asianleadership_c7!usertestimonials_c8!og-post,,,,,2026-07-16,2026-07-22,4.0,Testing,whitelist – mip-asianleadership – usertestimonials,ugc_c2,0.053708577259788386,0.04028143294484129,97.76666666666667,0.01928137923626403,0.0,5.0,1.98,201.6,14.0,6.0,2.0,0.0,2.0,2.5493482650694212,Pause,False,False
120249018197870167,280.07,108885,1446,2,1,2.17,0,0.0,tw_meta_standard_ios_tw-en_pros_purchase_ongoing_no-disc_testing,c1!ugc_c2!video_c3!whitelist_c4!productdemo_c5!ongoing_c6!mip-xlittleprince_c7!indoorselfie.vs_c8!vs-cramschool,,,,,2026-07-16,2026-08-09,13.0,Testing,whitelist – mip-xlittleprince – indoorselfie.vs,ugc_c2,0.01836800293888047,0.009184001469440236,280.07,0.01328006612481058,0.0,3.0,1.13,115.2,28.0,6.0,4.0,2.0,0.0,1.12916199785803,Pause,False,False
120249018598560167,529.9699999999999,131910,7413,13,4,9.08,0,0.0,tw_meta_standard_ios_tw-en_pros_purchase_ongoing_no-disc_testing,c1!ugc_c2!video_c3!whitelist_c4!productdemo_c5!ongoing_c6!mip-kellyyangdes_c7!patterninterrupt_c8!pineapple-cutting,,,,,2026-07-16,2026-07-19,4.0,Testing,whitelist – mip-kellyyangdes – patterninterrupt,ugc_c2,0.09855204305966189,0.03032370555681904,132.49249999999998,0.056197407323174894,0.0,7.0,2.74,277.8,42.0,14.0,6.0,6.0,2.0,4.326697440219352,Phase 1 Winner,True,False
120249019731940167,33054.54,5043361,101586,1899,388,629.12,0,0.0,tw_meta_standard_ios_tw-en_pros_trial_ongoing_scaling2,c1:video_c2:video_c3:influencer_c4:productdemo_c5:promo_c6:atiendai_c7:valueprop_c8:speak-with-me-conv_scaling,video,productdemo,valueprop,atiendai,2026-07-16,2026-08-14,30.0,Scaling,influencer – atiendai – valueprop,video_c2,0.3765346164987991,0.07693282317089735,85.19211340206186,0.020142520037728807,0.0,464.0,175.64,18146.0,3869.0,719.0,567.0,66.0,68.0,2.510190040396695,Phase 1 Winner,True,False
120249020624430167,489.18,168667,1898,42,8,18.340000000000003,0,0.0,tw_meta_standard_ios_tw-en_pros_purchase_ongoing_no-disc_testing,c1!ugc_c2!video_c3!ugc_c4!testimonial_c5!ongoing_c6!jpkol_c7!ba.lifestyle_c8!japanofficeguyvlog,,,,,2026-07-17,2026-07-20,4.0,Testing,ugc – jpkol – ba.lifestyle,ugc_c2,0.24901136559018658,0.047430736302892684,61.1475,0.01125294218786129,0.0,15.0,5.82,588.7,108.0,26.0,20.0,4.0,2.0,2.0360727140747943,Phase 1 Winner,True,False
120249020669720167,311.17,123878,964,5,0,0.0,0,0.0,tw_meta_standard_ios_tw-en_pros_purchase_ongoing_no-disc_testing,c1!video_c2!video_c3!generic_c4!valueprop_c5!ongoing_c6!na_c7!credibility _c8!andrew-tech-frame-1080x1080,,,,,2026-07-17,2026-08-03,17.0,Testing,generic – na,video_c2,0.04036229193238509,0.0,,0.007781849884563845,0.0,3.0,1.12,116.7,30.0,7.0,5.0,0.0,2.0,0.590989104179421,Pause,False,False
120249020714940167,3120.4700000000003,637245,5579,141,35,71.28999999999999,2,1.0,tw_meta_standard_ios_tw-en_pros_purchase_ongoing_no-disc_testing,c1!ugc_c2!video_c3!ugc_c4!testimonial_c5!ongoing_c6!qing_c7!product_c8!doesaienglishlearningwork_2humantutor,,,,,2026-07-17,2026-08-09,22.0,Testing,ugc – qing – product,ugc_c2,0.22126497657886685,0.054923930356456305,89.15628571428572,0.008754874498819136,3.0,42.0,15.67,1629.4,372.0,85.0,75.0,2.0,8.0,2.9462712167491576,Phase 1 Winner,True,False
120249020715110167,207.4,81251,826,4,1,2.45,0,0.0,tw_meta_standard_ios_tw-en_pros_purchase_ongoing_no-disc_testing,c1!ugc_c2!video_c3!ugc_c4!testimonial_c5!ongoing_c6!qing_c7!product_c8!doesaienglishlearningwork_1og,,,,,2026-07-17,2026-07-28,12.0,Testing,ugc – qing – product,ugc_c2,0.04923016332106682,0.012307540830266705,207.4,0.010166028725800297,0.0,6.0,2.29,231.6,24.0,12.0,8.0,4.0,0.0,1.1145540225547201,Pause,False,False
120249069884080167,1877.2,441932,9007,65,14,23.229999999999997,0,0.0,tw_meta_standard_ios_tw-en_pros_trial_ongoing_scaling2,c1!ugc_c2!image_c3!whitelist_c4!valueprop_c5!ongoing_c6!mip-emily_life_c7!allenhook_c8!learning-technique-sharing_scaling,,,,,2026-07-19,2026-07-21,3.0,Scaling,whitelist –  – allenhook,ugc_c2,0.1470814514450187,0.03167908184969633,134.0857142857143,0.020380963587158206,0.0,21.0,8.11,820.7,154.0,42.0,36.0,4.0,2.0,2.0593941842052415,Phase 1 Winner,True,False
120249069900960167,25.99,5356,26,1,0,0.0,0,0.0,tw_meta_standard_ios_tw-en_pros_trial_ongoing_winning,c1!motion_c2!video_c3!generic_c4!valueprop_c5!ongoing_c6!na_c7!outcome_c8!3750sentences_winning,,,,,2026-07-19,2026-07-26,6.0,Winning,generic – na – outcome,motion_c2,0.18670649738610906,0.0,,0.0048543689320388345,0.0,0.0,0.0,0.0,4.0,0.0,0.0,0.0,0.0,0.4589523106922161,Pause,False,False
120249069928080167,190.99,42779,2028,1,0,0.0,0,0.0,tw_meta_standard_ios_tw-en_pros_purchase_ongoing_no-disc_testing,c1!ugc_c2!video_c3!whitelist_c4!productdemo_c5!ongoing_c6!mip-little_0202_c7!openquestion_c8!foreign-company-wannabe,,,,,2026-07-19,2026-07-22,4.0,Testing,whitelist –  – openquestion,ugc_c2,0.023375955492180744,0.0,,0.04740643773814255,0.0,0.0,0.0,0.0,6.0,0.0,0.0,0.0,0.0,3.894138023888079,Pause,False,False
120249069950380167,224.28,71924,1360,3,0,0.0,0,0.0,tw_meta_standard_ios_tw-en_pros_purchase_ongoing_no-disc_testing,c1!ugc_c2!video_c3!whitelist_c4!productdemo_c5!ongoing_c6!mip-sunthings_c7!lifestyle.sharing_c8!canada-internship,,,,,2026-07-19,2026-07-22,4.0,Testing,whitelist – mip-sunthings – lifestyle.sharing,ugc_c2,0.041710694622101106,0.0,,0.018908848228685837,0.0,1.0,0.38,38.2,16.0,0.0,0.0,0.0,0.0,1.4731710435102798,Mid-Tier,False,False
120249069969790167,295.78000000000003,67412,1902,9,1,2.27,0,0.0,tw_meta_standard_ios_tw-en_pros_purchase_ongoing_no-disc_testing,c1!ugc_c2!video_c3!whitelist_c4!productdemo_c5!ongoing_c6!mip-shih_veganwonderland_c7!lifestyle.sharing_c8!move-to-german,,,,,2026-07-19,2026-07-21,3.0,Testing,whitelist –  – lifestyle.sharing,ugc_c2,0.13350738740876997,0.014834154156529994,295.78000000000003,0.02821456120572005,0.0,0.0,0.0,0.0,16.0,0.0,0.0,0.0,0.0,2.548173993282273,Pause,False,False
120249069983680167,972.48,231979,4005,31,7,17.18,0,0.0,tw_meta_standard_ios_tw-en_pros_purchase_ongoing_no-disc_testing,c1!ugc_c2!video_c3!whitelist_c4!productdemo_c5!ongoing_c6!mip-happygang5215_c7!openquestion_c8!learn-with-child,,,,,2026-07-19,2026-07-26,8.0,Testing,whitelist – mip-happygang5215 – openquestion,ugc_c2,0.13363278572629417,0.030175145164001913,138.9257142857143,0.017264493768832524,0.0,14.0,5.33,539.4,82.0,26.0,20.0,4.0,2.0,2.1983852417982135,Phase 1 Winner,True,False
120249089547390167,1742.09,316034,13372,41,10,15.49,0,0.0,tw_meta_standard_ios_tw-en_pros_trial_ongoing_winning,c1!ugc_c2!video_c3!whitelist_c4!productdemo_c5!ongoing_c6!mip-kellyyangdes_c7!patterninterrupt_c8!pineapple-cutting_winning,,,,,2026-07-20,2026-07-23,4.0,Winning,whitelist – mip-kellyyangdes – patterninterrupt,ugc_c2,0.12973287684236506,0.031642165083503676,174.209,0.042311903149661115,0.0,14.0,5.37,543.5,106.0,22.0,12.0,6.0,4.0,3.1290582899049246,Phase 1 Winner,True,False
120249089572460167,1221.8,267434,5072,41,8,13.7,0,0.0,tw_meta_standard_ios_tw-en_pros_trial_ongoing_scaling2,c1!UGC_c2!video_c3!whitelist_c4!valueprop_c5!ongoing_c6!MIP-emily_life_c7!AllEnHook_c8!learning-technique-sharing_scaling,,,,,2026-07-20,2026-07-20,1.0,Scaling,whitelist –  – AllEnHook,UGC_c2,0.15330885377326742,0.029913922687466815,152.725,0.01896542698385396,0.0,12.0,4.65,470.7,94.0,25.0,17.0,2.0,6.0,1.780850579604071,Mid-Tier,False,False
120249089633250167,695.64,128447,4335,61,3,4.7,0,0.0,tw_meta_standard_ios_tw-en_pros_trial_ongoing_winning,c1:video_c2:video_c3:influencer_c4:productdemo_c5:promo_c6:atiendai_c7:valueprop_c8:speak-with-me-conv_winning,video,productdemo,valueprop,atiendai,2026-07-20,2026-07-23,4.0,Winning,influencer – atiendai – valueprop,video_c2,0.4749040460267659,0.023355936689840946,231.88,0.033749328516820165,0.0,12.0,4.63,468.4,110.0,14.0,8.0,4.0,2.0,2.786767113489356,Phase 1 Winner,True,False
120249105317450167,974.49,248806,6414,31,3,4.6,0,0.0,tw_meta_standard_ios_tw-en_pros_trial_ongoing_winning,c1!ugc_c2!image_c3!whitelist_c4!valueprop_c5!ongoing_c6!mip-alicechenlife_c7!ba.lifestyle.testscore_c8!9-year-in-us_winning,,,,,2026-07-20,2026-07-23,4.0,Winning,whitelist – mip-alicechenlife – ba.lifestyle.testscore,ugc_c2,0.124595066035385,0.012057587035682419,324.83,0.02577912108228901,0.0,9.0,3.41,347.8,66.0,8.0,8.0,0.0,0.0,2.069203894264044,Phase 1 Winner,True,False
120249105347140167,19963.77,5600558,46589,879,203,334.78,0,0.0,tw_meta_standard_ios_tw-en_pros_trial_ongoing_scaling2,c1!ugc_c2!video_c3!ugc_c4!testimonial_c5!ongoing_c6!jpkol_c7!ba.lifestyle_c8!japanofficeguyvlog_scaling,,,,,2026-07-20,2026-08-13,18.0,Scaling,ugc – jpkol – ba.lifestyle,ugc_c2,0.15694864690268362,0.03624638830630805,98.34369458128079,0.008318635393116187,0.0,329.0,125.85,12817.4,2396.0,526.0,385.0,74.0,45.0,2.201808536058322,Phase 1 Winner,True,False
120249114098820167,813.8199999999999,212628,9008,18,2,3.09,0,0.0,tw_meta_standard_ios_tw-en_pros_trial_ongoing_winning,c1!na_c2!video_c3!influencer_c4!productdemo_c5!ongoing_c6!atiendai_c7!product_c8!og-video_winning,,,,,2026-07-21,2026-07-23,3.0,Winning,influencer – atiendai – product,na_c2,0.08465489023082567,0.009406098914536185,406.90999999999997,0.042365069511070975,0.0,5.0,1.9,192.5,62.0,8.0,4.0,2.0,2.0,3.533062361466726,Phase 1 Winner,True,False
120249135201100167,1800.67,486434,12489,33,1,1.48,0,0.0,tw_meta_standard_ios_tw-en_pros_trial_ongoing_winning,c1!ugc_c2!image_c3!whitelist_c4!valueprop_c5!ongoing_c6!mip-alicechenlife_c7!ba.lifestyle.testscore_c8!9-year-in-us_winning,,,,,2026-07-21,2026-07-26,6.0,Winning,whitelist – mip-alicechenlife – ba.lifestyle.testscore,ugc_c2,0.06784065258596234,0.002055777351089768,1800.67,0.02567460333776011,0.0,18.0,6.84,694.8,190.0,32.0,21.0,9.0,0.0,1.9286931524964246,Mid-Tier,False,False
120249176070740167,155.78,33251,835,5,4,9.79,0,0.0,tw_meta_standard_ios_tw-en_pros_purchase_ongoing_no-disc_testing,c1!na_c2!video_c3!influencer_c4!speakmethod_c5!ongoing_c6!thedodomen_c7!noframe_c8!no-pressure,,,,,2026-07-23,2026-07-29,7.0,Testing,influencer – thedodomen – noframe,na_c2,0.15037141740098042,0.12029713392078434,38.945,0.02511202670596373,0.0,7.0,2.65,267.8,28.0,14.0,4.0,4.0,4.0,2.6336184534879297,Pause,False,False
120249176071730167,291.96,76532,879,64,12,27.490000000000002,0,0.0,tw_meta_standard_ios_tw-en_pros_purchase_ongoing_no-disc_testing,c1!na_c2!video_c3!influencer_c4!speakmethod_c5!ongoing_c6!thedodomen_c7!noframe_c8!speak-without-fear,,,,,2026-07-23,2026-07-26,4.0,Testing,influencer – thedodomen – noframe,na_c2,0.8362515026394188,0.156797156744891,24.33,0.011485391731563268,0.0,13.0,4.96,501.8,124.0,22.0,18.0,2.0,0.0,4.1455841870443475,Phase 2 Winner,True,True
120249176072350167,228.45,80005,935,8,3,6.16,0,0.0,tw_meta_standard_ios_tw-en_pros_purchase_ongoing_no-disc_testing,c1!na_c2!video_c3!influencer_c4!speakmethod_c5!ongoing_c6!thedodomen_c7!frame-learning_c8!keep-learning,,,,,2026-07-23,2026-08-09,13.0,Testing,influencer – thedodomen – frame-learning,na_c2,0.09999375039060059,0.037497656396475225,76.14999999999999,0.011686769576901443,0.0,5.0,1.88,193.8,36.0,8.0,8.0,0.0,0.0,2.707171433930049,Pause,False,False
120249176072690167,426.36,138910,1593,4,2,3.88,0,0.0,tw_meta_standard_ios_tw-en_pros_purchase_ongoing_no-disc_testing,c1!na_c2!video_c3!influencer_c4!speakmethod_c5!ongoing_c6!thedodomen_c7!frame-spanish_c8!no-pressure,,,,,2026-07-23,2026-08-04,12.0,Testing,influencer – thedodomen – frame-spanish,na_c2,0.028795623065294075,0.014397811532647038,213.18,0.011467856885753365,0.0,8.0,2.97,307.8,34.0,12.0,10.0,2.0,0.0,1.194839771753821,Pause,False,False
120249176075550167,1434.1100000000001,391643,15197,94,21,49.88,1,0.0,tw_meta_standard_ios_tw-en_pros_purchase_ongoing_no-disc_testing,c1!na_c2!video_c3!influencer_c4!speakmethod_c5!ongoing_c6!thedodomen_c7!noframe_c8!og-video,,,,,2026-07-23,2026-07-26,4.0,Testing,influencer – thedodomen – noframe,na_c2,0.2400145030040113,0.05362026130940678,68.29095238095239,0.03880319576757404,1.0,30.0,11.46,1159.8,288.0,54.0,48.0,6.0,0.0,3.528631748689909,Phase 1 Winner,True,False
120249176077580167,3614.26,971171,13807,170,44,89.0,1,0.0,tw_meta_standard_ios_tw-en_pros_purchase_ongoing_no-disc_testing,c1!na_c2!video_c3!influencer_c4!speakmethod_c5!ongoing_c6!thedodomen_c7!noframe_c8!product-demo,,,,,2026-07-23,2026-08-02,11.0,Testing,influencer – thedodomen – noframe,na_c2,0.17504641304157556,0.045306130434290146,82.14227272727273,0.014216857793323729,1.0,60.0,22.52,2297.9,504.0,116.0,88.0,16.0,10.0,2.0017523823320063,Phase 1 Winner,True,False
120249190061250167,382.75,96632,1523,6,2,2.95,0,0.0,tw_meta_standard_ios_tw-en_pros_trial_ongoing_winning,c1!ugc_c2!video_c3!whitelist_c4!productdemo_c5!ongoing_c6!mip-happygang5215_c7!openquestion_c8!learn-with-child_winning,,,,,2026-07-23,2026-07-27,5.0,Winning,whitelist – mip-happygang5215 – openquestion,ugc_c2,0.062091232717940224,0.020697077572646744,191.375,0.015760824571570495,0.0,2.0,0.76,76.8,18.0,4.0,4.0,0.0,0.0,2.131687712028316,Pause,False,False
120249242631140167,3543.6,1062460,25363,157,32,52.79,1,0.0,tw_meta_standard_ios_tw-en_pros_trial_ongoing_scaling2,c1!na_c2!video_c3!influencer_c4!speakmethod_c5!ongoing_c6!thedodomen_c7!noframe_c8!og-video_scaling,,,,,2026-07-26,2026-07-29,4.0,Scaling,influencer – thedodomen – noframe,na_c2,0.1477702689983623,0.03011878094234136,110.7375,0.023871957532518872,1.0,50.0,18.69,1894.5,419.0,93.0,75.0,8.0,6.0,2.1876151647817172,Phase 1 Winner,True,False
120249242654880167,37726.6,7735511,85068,2500,496,827.8100000000001,28,10.0,tw_meta_standard_ios_tw-en_pros_trial_ongoing_scaling2,c1!na_c2!video_c3!influencer_c4!speakmethod_c5!ongoing_c6!thedodomen_c7!noframe_c8!speak-without-fear_scaling,,,,,2026-07-26,2026-09-15,31.0,Scaling,influencer – thedodomen – noframe,na_c2,0.32318485488547555,0.06411987520927835,76.0616935483871,0.010997075694159053,38.0,657.0,251.52,26066.2,5736.0,1053.0,813.0,137.0,48.0,2.5428547932158,Phase 1 Winner,True,False
120249248763350167,25.400000000000002,5697,123,0,0,0.0,0,0.0,tw_meta_standard_ios_tw-en_pros_trial_ongoing_winning,c1!ugc_c2!video_c3!whitelist_c4!productdemo_c5!ongoing_c6!mip-happygang5215_c7!openquestion_c8!learn-with-child_winning,,,,,2026-07-26,2026-07-27,2.0,Winning,whitelist – mip-happygang5215 – openquestion,ugc_c2,0.0,0.0,,0.021590310689836755,0.0,0.0,0.0,0.0,0.0,0.0,0.0,0.0,0.0,1.7101858783352726,Mid-Tier,False,False
120249315126190167,3083.25,792630,9974,135,36,57.6,3,2.0,tw_meta_standard_ios_tw-en_pros_trial_ongoing_scaling2,c1!na_c2!video_c3!influencer_c4!speakmethod_c5!ongoing_c6!thedodomen_c7!noframe_c8!product-demo_scaling,,,,,2026-07-28,2026-08-09,11.0,Scaling,influencer – thedodomen – noframe,na_c2,0.17031906438060634,0.04541841716816169,85.64583333333333,0.012583424800979019,5.0,45.0,16.86,1730.6,383.0,82.0,72.0,2.0,8.0,1.963695562012147,Mid-Tier,False,False
120249469567010167,1805.31,362082,3723,124,34,82.82000000000001,2,0.0,tw_meta_standard_ios_tw-en_pros_purchase_ongoing_no-disc_testing,c1!ugc_c2!video_c3!ugc_c4!testimonial_c5!promo_c6!qing_c7!testimonial.ba.hook_c8!2026nyr-v2-putoffforyears,,,,,2026-08-09,2026-08-20,12.0,Testing,ugc – qing – testimonial.ba.hook,ugc_c2,0.3424638617771665,0.09390138145502952,53.09735294117647,0.010282201269325733,2.0,45.0,17.73,1843.3,376.0,84.0,63.0,13.0,0.0,4.502467559280278,Phase 2 Winner,True,True
120249469567030167,164.65,39358,624,3,0,0.0,0,0.0,tw_meta_standard_ios_tw-en_pros_purchase_ongoing_no-disc_testing,c1!ugc_c2!video_c3!ugc_c4!painpoint _c5!promo_c6!camel_c7!testimonial.ba.hook_c8!workplaceengcomms-v3-fluentcoworker,,,,,2026-08-09,2026-08-17,9.0,Testing,ugc –  – testimonial.ba.hook,ugc_c2,0.07622338533462067,0.0,,0.015854464149601098,0.0,0.0,0.0,0.0,16.0,0.0,0.0,0.0,0.0,0.871802825036862,Pause,False,False
120249469567140167,234.26,46811,505,4,0,0.0,0,0.0,tw_meta_standard_ios_tw-en_pros_purchase_ongoing_no-disc_testing,c1!ugc_c2!video_c3!ugc_c4!senario_c5!promo_c6!jenny_c7!hook.realscene.fulleng_c8!interviewsalarynegotiation-v2-cut,,,,,2026-08-08,2026-08-11,4.0,Testing,ugc – jenny – hook.realscene.fulleng,ugc_c2,0.08545000106812502,0.0,,0.010788062634850782,0.0,4.0,1.53,158.7,22.0,8.0,4.0,2.0,0.0,0.8552635216726345,Pause,False,False
120249469567200167,1124.75,220651,2910,50,10,27.37,2,0.0,tw_meta_standard_ios_tw-en_pros_purchase_ongoing_no-disc_testing,c1!ugc_c2!video_c3!ugc_c4!speakmethod_c5!promo_c6!sophia_c7!hook.testimonial_c8!outputinputandspeakmethod-v2-cut,,,,,2026-08-09,2026-08-17,9.0,Testing,ugc – sophia – hook.testimonial,ugc_c2,0.22660219078998056,0.045320438157996114,112.475,0.013188247503976869,2.0,20.0,7.7,800.9,144.0,38.0,26.0,10.0,2.0,2.5241355697589345,Phase 1 Winner,True,False
120249469568100167,173.31,135862,621,2,0,0.0,0,0.0,tw_meta_standard_ios_tw-en_pros_purchase_ongoing_no-disc_testing,c1!static_c2!image_c3!generic_c4!outcome_c5!ongoing_c6!na_c7!progress_c8!line26q3day1,,,,,2026-08-08,2026-08-14,7.0,Testing,generic – na – progress,static_c2,0.014720819655238403,0.0,,0.0045708145029515245,0.0,5.0,1.9,198.0,44.0,11.0,4.0,7.0,0.0,0.6666706413877701,Pause,False,False
120249641611010167,385.35,114708,1560,2,0,0.0,0,0.0,tw_meta_standard_ios_tw-en_pros_purchase_ongoing_no-disc_testing,c1!ugc_c2!video_c3!ugc_c4!problemsolution_c5!ongoing_c6!mip-youth.may_c7!testimonial.ba.aboardlife_c8!product-walk-through,,,,,2026-08-08,2026-08-13,6.0,Testing,ugc – mip-youth.may – testimonial.ba.aboardlife,ugc_c2,0.01743557554834885,0.0,,0.013599748927712103,0.0,3.0,1.16,120.3,34.0,4.0,2.0,0.0,0.0,0.9967136052265326,Pause,False,False
120249641651420167,252.15,76578,1803,3,1,2.43,0,0.0,tw_meta_standard_ios_tw-en_pros_purchase_ongoing_no-disc_testing,c1!ugc_c2!video_c3!ugc_c4!boldclaim _c5!ongoing_c6!mip-lavendora_c7!testimonial.aboardlife_c8!product-walk-through,,,,,2026-08-08,2026-08-11,4.0,Testing,ugc – mip-lavendora – testimonial.aboardlife,ugc_c2,0.0391757423803181,0.01305858079343937,252.15,0.023544621170571184,0.0,2.0,0.76,79.1,34.0,5.0,5.0,0.0,0.0,2.0381389638028815,Pause,False,False
120249641692540167,207.29000000000002,58652,3185,8,1,2.25,0,0.0,tw_meta_standard_ios_tw-en_pros_purchase_ongoing_no-disc_testing,c1!ugc_c2!video_c3!ugc_c4!problemsolution_c5!ongoing_c6!mip-yclife_c7!aboardlife_c8!learn-with-kid-dou-ling,,,,,2026-08-08,2026-08-10,3.0,Testing,ugc – mip-yclife – aboardlife,ugc_c2,0.13639773579758577,0.01704971697469822,207.29000000000002,0.05430334856441383,0.0,2.0,0.77,79.9,30.0,4.0,4.0,0.0,0.0,4.841998744327688,Pause,False,False
120249641760720167,287.41,77838,5529,1,0,0.0,0,0.0,tw_meta_standard_ios_tw-en_pros_purchase_ongoing_no-disc_testing,c1!ugc_c2!video_c3!ugc_c4!problemsolution_c5!ongoing_c6!mip-bpw.study_c7!share.learnskill_c8!how-i-promo-myself,,,,,2026-08-08,2026-08-10,3.0,Testing,ugc – mip-bpw.study – share.learnskill,ugc_c2,0.012847195457231685,0.0,,0.071032143683034,0.0,6.0,2.3,239.0,46.0,10.0,6.0,4.0,0.0,5.387300396814489,Pause,False,False
120249641997610167,430.95,50529,1046,18,4,8.33,1,0.0,tw_meta_standard_ios_tw-en_pros_trial_ongoing_winning,c1!ugc_c2!video_c3!ugc_c4!testimonial_c5!ongoing_c6!qing_c7!product_c8!doesaienglishlearningwork_2humantutor_winning,,,,,2026-08-08,2026-08-18,11.0,Winning,ugc – qing – product,ugc_c2,0.3562310752241287,0.07916246116091749,107.7375,0.020700983593579924,1.0,7.0,2.74,284.5,64.0,13.0,11.0,2.0,0.0,3.902811571913676,Phase 1 Winner,True,False
120249642037430167,599.51,140017,1487,39,5,8.82,2,0.0,tw_meta_standard_ios_tw-en_pros_trial_ongoing_winning,c1!na_c2!video_c3!influencer_c4!speakmethod_c5!ongoing_c6!thedodomen_c7!frame-learning_c8!keep-learning_winning,,,,,2026-08-08,2026-08-10,3.0,Winning,influencer – thedodomen – frame-learning,na_c2,0.2785376061478249,0.0357099495061314,119.902,0.010620138983123478,2.0,11.0,4.2,436.4,122.0,20.0,18.0,0.0,0.0,1.6607255301852604,Mid-Tier,False,False
120249652815090167,726.49,180075,2182,9,3,4.89,1,0.0,tw_meta_standard_ios_tw-en_pros_trial_ongoing_scaling2,c1!ugc_c2!video_c3!ugc_c4!testimonial_c5!ongoing_c6!qing_c7!product_c8!doesaienglishlearningwork_2humantutor_scaling,,,,,2026-08-09,2026-08-09,1.0,Scaling,ugc – qing – product,ugc_c2,0.04997917534360683,0.01665972511453561,242.16333333333333,0.012117173399972234,1.0,7.0,2.67,278.1,56.0,14.0,11.0,2.0,0.0,1.4693416557159595,Mid-Tier,False,False
120249701534270167,16060.83,3078281,57722,782,157,226.68,0,0.0,tw_meta_standard_ios_tw-en_pros_trial_ongoing_scaling2,c1!video_c2!video_c3!influencer_c4!productdemo_c5!promo_c6!illyandlean_c7!relaunch_c8!speak-with-me,,,,,2026-08-10,2026-09-13,17.0,Scaling,influencer – illyandlean – relaunch,video_c2,0.254037886729639,0.051002491325515764,102.29828025477707,0.018751374549626887,0.0,188.0,69.24,7199.9,1708.0,356.0,280.0,31.0,0.0,1.977901889210313,Mid-Tier,False,False
120249779562090167,488.63,111040,1325,25,4,10.39,0,0.0,tw_meta_standard_ios_tw-en_pros_purchase_ongoing_no-disc_testing,c1!video_c2!video_c3!influencer_c4!productdemo_c5!promo_c6!morning.jason_c7!26q3campaign_c8!og-video_c9!app,,,,,2026-08-13,2026-08-17,5.0,Testing,influencer – morning.jason – 26q3campaign,video_c2,0.22514409221902015,0.03602305475504323,122.1575,0.011932636887608069,0.0,7.0,2.71,281.7,76.0,12.0,8.0,2.0,0.0,1.7892674210234671,Mid-Tier,False,False
120249779562110167,654.7800000000001,122370,2286,41,8,19.810000000000002,2,0.0,tw_meta_standard_ios_tw-en_pros_purchase_ongoing_no-disc_testing,c1!video_c2!video_c3!influencer_c4!productdemo_c5!promo_c6!dachien_c7!26q3campaign_c8!police-conversation_c9!app,,,,,2026-08-13,2026-08-17,5.0,Testing,influencer – dachien – 26q3campaign,video_c2,0.3350494402222767,0.06537550053117594,81.84750000000001,0.018681049276783525,2.0,14.0,5.54,576.1,106.0,26.0,22.0,2.0,2.0,2.072836169937897,Phase 1 Winner,True,False
120249779562130167,177.67,35572,623,6,1,2.68,0,0.0,tw_meta_standard_ios_tw-en_pros_purchase_ongoing_no-disc_testing,c1!video_c2!video_c3!influencer_c4!senario_c5!promo_c6!chenlily_c7!26q3campaign_c8!brick-hook_c9!app,,,,,2026-08-13,2026-08-17,5.0,Testing,influencer –  – 26q3campaign,video_c2,0.16867198920499268,0.028111998200832114,177.67,0.01751377487911841,0.0,2.0,0.78,80.6,14.0,4.0,2.0,0.0,0.0,1.6109149080891652,Mid-Tier,False,False
120249779562150167,1579.27,335794,5540,78,20,44.13,0,0.0,tw_meta_standard_ios_tw-en_pros_purchase_ongoing_no-disc_testing,c1!n:a_c2!video_c3!influencer_c4!campaign_c5!promo_c6!illyandlean_c7!26q3campaign_c8!outro-promo-long_c9!app,,,,,2026-08-13,2026-08-25,13.0,Testing,influencer – illyandlean – 26q3campaign,n,0.23228527013585712,0.059560325675860795,78.9635,0.01649821021221344,0.0,30.0,11.91,1239.0,230.0,57.0,44.0,11.0,2.0,2.4415943981370765,Phase 1 Winner,True,False
120249779562330167,160.59,48553,651,1,0,0.0,0,0.0,tw_meta_standard_ios_tw-en_pros_purchase_ongoing_no-disc_testing,c1!video_c2!video_c3!influencer_c4!productdemo_c5!promo_c6!harryspeaks_c7!26q3campaign_c8!og-video_c9!app,,,,,2026-08-13,2026-08-16,4.0,Testing,influencer – harryspeaks – 26q3campaign,video_c2,0.02059604967767182,0.0,,0.013408028340164356,0.0,1.0,0.39,40.3,14.0,2.0,0.0,0.0,0.0,0.9372065541214101,Pause,False,False
120249784171630167,8053.83,1438996,15215,391,64,120.3,1,1.0,tw_meta_standard_ios_tw-en_pros_trial_ongoing_scaling2,c1!video_c2!video_c3!influencer_c4!productdemo_c5!promo_c6!morning.jason_c7!26q3campaign_c8!og-video_c9!app_scaling,,,,,2026-08-14,2026-08-20,7.0,Scaling,influencer – morning.jason – 26q3campaign,video_c2,0.27171722506525386,0.04447545371912083,125.84109375,0.010573344192756616,2.0,79.0,31.06,3230.2,864.0,149.0,119.0,25.0,2.0,2.03484001156476,Phase 1 Winner,True,False
120249784181830167,2054.77,449624,7295,31,8,14.770000000000001,0,0.0,tw_meta_standard_ios_tw-en_pros_trial_ongoing_scaling2,c1!video_c2!video_c3!influencer_c4!productdemo_c5!promo_c6!harryspeaks_c7!26q3campaign_c8!og-video_c9!app_scaling,,,,,2026-08-14,2026-08-20,7.0,Scaling,influencer – harryspeaks – 26q3campaign,video_c2,0.0689464975179261,0.01779264452075512,256.84625,0.016224667722363573,0.0,16.0,6.24,648.7,118.0,31.0,21.0,6.0,0.0,1.5489652441108526,Mid-Tier,False,False
120249784194200167,14687.99,2594782,33706,774,174,327.12,17,8.0,tw_meta_standard_ios_tw-en_pros_trial_ongoing_scaling2,c1!video_c2!video_c3!influencer_c4!productdemo_c5!promo_c6!dachien_c7!26q3campaign_c8!police-conversation_c9!app_scaling,,,,,2026-08-14,2026-09-10,19.0,Scaling,influencer – dachien – 26q3campaign,video_c2,0.2982909546929183,0.06705765648135373,84.4137356321839,0.012989915915864994,25.0,191.0,74.98,7797.7,1792.0,353.0,298.0,31.0,10.0,2.9868876815360355,Phase 1 Winner,True,False
120249859615790167,9010.98,2226519,32995,384,118,185.96,5,1.0,tw_meta_standard_ios_tw-en_pros_trial_ongoing_scaling2,c1!ugc_c2!video_c3!ugc_c4!testimonial_c5!promo_c6!qing_c7!testimonial.ba.hook_c8!2026nyr-v2-putoffforyears_c9!scaling,,,,,2026-08-17,2026-09-15,18.0,Scaling,ugc – qing – testimonial.ba.hook,ugc_c2,0.17246652734605006,0.052997526632379964,76.36423728813558,0.014819096535893025,6.0,162.0,61.5,6395.7,931.0,259.0,203.0,28.0,7.0,3.6835023572067116,Phase 1 Winner,True,False
120249917976060167,7633.47,1701163,20956,428,73,139.88,5,4.0,tw_meta_standard_ios_tw-en_pros_trial_ongoing_winning,c1!ugc_c2!video_c3!ugc_c4!testimonial_c5!promo_c6!qing_c7!testimonial.ba.hook_c8!2026nyr-v2-putoffforyears_c9!cpr,,,,,2026-08-20,2026-09-15,27.0,Winning,ugc – qing – testimonial.ba.hook,ugc_c2,0.2515925869537487,0.04291181973743845,104.56808219178083,0.012318631430380275,9.0,117.0,42.93,4463.7,1246.0,216.0,160.0,28.0,10.0,2.8659691418628497,Phase 1 Winner,True,False
120249918145530167,2940.6499999999996,676030,25458,113,32,50.39,3,3.0,tw_meta_standard_ios_tw-en_pros_trial_ongoing_scaling2,c1!ugc_c2!video_c3!ugc_c4!speakmethod_c5!promo_c6!sophia_c7!hook.testimonial_c8!outputinputandspeakmethod-v2-cut_c9!scaling,,,,,2026-08-20,2026-09-15,19.0,Scaling,ugc – sophia – hook.testimonial,ugc_c2,0.16715234531011935,0.04733517743295416,91.89531249999999,0.03765809209650459,6.0,34.0,12.82,1333.4,254.0,65.0,47.0,4.0,2.0,2.372513770873246,Phase 1 Winner,True,False
120249918254160167,5000.08,1394288,11532,182,40,80.39,4,2.0,tw_meta_standard_ios_tw-en_pros_trial_ongoing_scaling2,c1!ugc_c2!video_c3!ugc_c4!testimonial_c5!promo_c6!qing_c7!testimonial.ba.hook_c8!2026nyr-v2-putoffforyears_c9!scaling,,,,,2026-08-20,2026-08-24,5.0,Scaling,ugc – qing – testimonial.ba.hook,ugc_c2,0.13053257289742146,0.028688477559872853,125.002,0.008270888080511343,6.0,58.0,22.98,2389.4,550.0,120.0,89.0,19.0,4.0,2.796902295301927,Phase 1 Winner,True,False
120249918291540167,2802.0899999999997,851542,9638,51,20,40.35,0,0.0,tw_meta_standard_ios_tw-en_pros_trial_ongoing_scaling2,c1!n:a_c2!video_c3!influencer_c4!campaign_c5!promo_c6!illyandlean_c7!26q3campaign_c8!outro-promo-long_c9!app-scaling,,,,,2026-08-20,2026-09-07,12.0,Scaling,influencer – illyandlean – 26q3campaign,n,0.059891350044977226,0.023486803939206755,140.10449999999997,0.011318290818303735,0.0,32.0,12.73,1324.1,208.0,62.0,44.0,10.0,0.0,1.80262853022408,Mid-Tier,False,False
120249918296230167,2229.72,505509,6976,115,21,44.71,2,2.0,tw_meta_standard_ios_tw-en_pros_trial_ongoing_winning,c1!video_c2!video_c3!influencer_c4!productdemo_c5!promo_c6!morning.jason_c7!26q3campaign_c8!og-video_c9!app-cpr,,,,,2026-08-20,2026-09-15,19.0,Winning,influencer – morning.jason – 26q3campaign,video_c2,0.2274934768718262,0.04154228708094218,106.17714285714285,0.01379995212745965,4.0,27.0,10.37,1078.0,268.0,55.0,42.0,6.0,0.0,1.9047986277614994,Mid-Tier,False,False
120249918716020167,184.87,47252,1315,0,0,0.0,0,0.0,tw_meta_standard_ios_tw-en_pros_purchase_ongoing_no-disc_testing,c1!ugc_c2!video_c3!ugc_c4!senario_c5!ongoing_c6!mip-linwen_stay_c7!abroadlife.vlog_c8!speak-without-fear_c9!app-testing,,,,,2026-08-20,2026-08-22,3.0,Testing,ugc –  – abroadlife.vlog,ugc_c2,0.0,0.0,,0.027829509862016422,0.0,1.0,0.4,41.2,8.0,2.0,2.0,0.0,0.0,1.8215825024021515,Mid-Tier,False,False
120249918769370167,177.55,41849,1276,1,0,0.0,0,0.0,tw_meta_standard_ios_tw-en_pros_purchase_ongoing_no-disc_testing,c1!ugc_c2!video_c3!ugc_c4!entertainment_c5!ongoing_c6!mip-kevins_lifesnotte_c7!pun_c8!english-break-through_c9!app-testing,,,,,2026-08-20,2026-08-26,7.0,Testing,ugc –  – pun,ugc_c2,0.02389543358264236,0.0,,0.030490573251451648,0.0,1.0,0.4,41.9,4.0,2.0,2.0,0.0,0.0,1.117563345041495,Pause,False,False
120249918847860167,197.18,60999,1303,5,1,2.22,0,0.0,tw_meta_standard_ios_tw-en_pros_purchase_ongoing_no-disc_testing,c1!ugc_c2!video_c3!ugc_c4!senario_c5!ongoing_c6!mip-bubble_studylog_c7!abroadlife.oneshot.demo_c8!prep-3-senario-3-country_c9!app-testing,,,,,2026-08-20,2026-08-24,5.0,Testing,ugc –  – abroadlife.oneshot.demo,ugc_c2,0.0819685568615879,0.016393711372317578,197.18,0.021361005918129804,0.0,2.0,0.81,83.8,24.0,4.0,4.0,0.0,0.0,1.6778283744580205,Mid-Tier,False,False
120249918894470167,172.99,41233,1877,3,1,2.1,0,0.0,tw_meta_standard_ios_tw-en_pros_purchase_ongoing_no-disc_testing,c1!ugc_c2!video_c3!ugc_c4!painpoint _c5!ongoing_c6!mip-sanawu33_c7!oneshot_c8!english-degrade_c9!app-testing,,,,,2026-08-20,2026-08-25,6.0,Testing,ugc – mip-sanawu33 – oneshot,ugc_c2,0.07275725753643926,0.024252419178813087,172.99,0.04552179079863217,0.0,1.0,0.39,41.0,14.0,2.0,2.0,0.0,0.0,1.7075182090525538,Mid-Tier,False,False
120249918980570167,3907.98,1029411,30711,157,36,76.53999999999999,0,0.0,tw_meta_standard_ios_tw-en_pros_purchase_ongoing_no-disc_testing,c1!ugc_c2!video_c3!ugc_c4!painpoint _c5!ongoing_c6!mip-chenchensiss_c7!vlog.walking.allenglish_c8!taiwanese-good-at-english-yesandno_c9!app-testing,,,,,2026-08-20,2026-09-01,13.0,Testing,ugc – mip-chenchensiss – vlog.walking.allenglish,ugc_c2,0.1525143990106964,0.03497145455022338,108.555,0.02983356501921973,0.0,52.0,19.73,2051.4,520.0,96.0,55.0,21.0,2.0,2.3936991291210634,Phase 1 Winner,True,False
120249919047430167,248.47,52921,2861,6,1,2.38,0,0.0,tw_meta_standard_ios_tw-en_pros_purchase_ongoing_no-disc_testing,c1!ugc_c2!video_c3!ugc_c4!senario_c5!ongoing_c6!mip-yoyo_business_english_c7!oneshot_c8!teach-egnlish_c9!app-testing,,,,,2026-08-20,2026-09-07,7.0,Testing,ugc –  – oneshot,ugc_c2,0.11337654239337881,0.01889609039889647,248.47,0.0540617146312428,0.0,1.0,0.4,41.8,18.0,2.0,2.0,0.0,0.0,1.4446250432527201,Mid-Tier,False,False
120249990578130167,201.89,47316,1112,5,0,0.0,0,0.0,tw_meta_standard_ios_tw-en_pros_purchase_ongoing_no-disc_testing,c1!ugc_c2!video_c3!whitelist_c4!painpoint _c5!ongoing_c6!mip-kellyyen0122_c7!oneshot_c8!ai-conversion-interview_c9!app-testing,,,,,2026-08-25,2026-08-28,4.0,Testing,whitelist – mip-kellyyen0122 – oneshot,ugc_c2,0.105672499788655,0.0,,0.023501563952996872,0.0,1.0,0.38,39.2,14.0,2.0,2.0,0.0,0.0,1.8232559723249135,Mid-Tier,False,False
120249990614210167,2377.09,498853,15054,28,13,28.740000000000002,0,0.0,tw_meta_standard_ios_tw-en_pros_purchase_ongoing_no-disc_testing,c1!ugc_c2!video_c3!whitelist_c4!painpoint _c5!ongoing_c6!mip-saraworld_c7!aboardlife.remoworker_c8!ai-conversion-self-discipline_c9!app-testing,,,,,2026-08-25,2026-09-13,13.0,Testing,whitelist – mip-saraworld – aboardlife.remoworker,ugc_c2,0.05612875937400397,0.026059781137930414,182.85307692307694,0.030177226557723417,0.0,22.0,7.87,818.3,184.0,45.0,32.0,6.0,0.0,2.037102771769312,Phase 1 Winner,True,False
120249990690510167,273.53,74458,3876,1,0,0.0,0,0.0,tw_meta_standard_ios_tw-en_pros_purchase_ongoing_no-disc_testing,c1!ugc_c2!video_c3!whitelist_c4!painpoint _c5!ongoing_c6!mip-mrjun_c7!oneshot.home_c8!fear-speak-interview_c9!,,,,,2026-08-25,2026-08-27,3.0,Testing,whitelist – mip-mrjun – oneshot.home,ugc_c2,0.013430390287141743,0.0,,0.0520561927529614,0.0,2.0,0.76,79.1,22.0,4.0,4.0,0.0,0.0,3.287500150293166,Pause,False,False
120249990716300167,165.01999999999998,40868,1337,1,0,0.0,0,0.0,tw_meta_standard_ios_tw-en_pros_purchase_ongoing_no-disc_testing,c1!ugc_c2!video_c3!whitelist_c4!speakmethod_c5!ongoing_c6!mip-chiayen_c7!interview.punhook_c8!street-interview_c9!app-testing,,,,,2026-08-25,2026-08-27,3.0,Testing,whitelist – mip-chiayen – interview.punhook,ugc_c2,0.024469022217872175,0.0,,0.0327150827052951,0.0,3.0,1.11,115.5,20.0,2.0,2.0,0.0,0.0,2.3071721774011653,Pause,False,False
120249991414980167,1116.18,277571,26717,17,8,17.6,0,0.0,tw_meta_standard_ios_tw-en_pros_purchase_ongoing_no-disc_testing,c1!ugc_c2!video_c3!whitelist_c4!painpoint _c5!ongoing_c6!mip-saraworld_c7!aboardlife.sharing_c8!highschool-english-fail_c9!app-testing,,,,,2026-08-25,2026-09-13,20.0,Testing,whitelist – mip-saraworld – aboardlife.sharing,ugc_c2,0.06124559121810275,0.028821454690871887,139.5225,0.09625285062200302,0.0,10.0,3.56,370.0,70.0,18.0,12.0,4.0,0.0,1.7525224433390338,Mid-Tier,False,False
120249991458770167,210.29,52244,1990,6,2,4.52,0,0.0,tw_meta_standard_ios_tw-en_pros_purchase_ongoing_no-disc_testing,c1!ugc_c2!video_c3!whitelist_c4!speakmethod_c5!ongoing_c6!mip-cocoinfinland_c7!vlog_c8!international-relationship_c9!app-testing,,,,,2026-08-25,2026-08-28,4.0,Testing,whitelist – mip-cocoinfinland – vlog,ugc_c2,0.11484572391087972,0.03828190797029324,105.145,0.03809049843044177,0.0,3.0,1.12,116.6,30.0,2.0,2.0,0.0,0.0,3.2031850378293543,Pause,False,False
120249992156470167,202.35,48539,2276,3,0,0.0,0,0.0,tw_meta_standard_ios_tw-en_pros_purchase_ongoing_no-disc_testing,c1!ugc_c2!video_c3!whitelist_c4!speakmethod_c5!ongoing_c6!mip-jenny_c7!ba_c8!mom-study-english_c9!app-testing,,,,,2026-08-25,2026-08-28,4.0,Testing,whitelist – mip-jenny – ba,ugc_c2,0.06180597045674613,0.0,,0.04689012958651806,0.0,0.0,0.0,0.0,10.0,0.0,0.0,0.0,0.0,3.4748124005080525,Pause,False,False
120249992189790167,266.66,81302,2698,0,0,0.0,0,0.0,tw_meta_standard_ios_tw-en_pros_purchase_ongoing_no-disc_testing,c1!ugc_c2!video_c3!whitelist_c4!speakmethod_c5!ongoing_c6!mip-shiiiwen_c7!oneshot.personalevent_c8!break-up-motivation_c9!app-testing,,,,,2026-08-25,2026-08-30,6.0,Testing,whitelist – mip-shiiiwen – oneshot.personalevent,ugc_c2,0.0,0.0,,0.0331849155002337,0.0,4.0,1.49,155.4,20.0,8.0,6.0,0.0,0.0,2.580149812840884,Pause,False,False
120249992226780167,195.45999999999998,61447,1712,2,0,0.0,0,0.0,tw_meta_standard_ios_tw-en_pros_purchase_ongoing_no-disc_testing,c1!ugc_c2!video_c3!whitelist_c4!speakmethod_c5!ongoing_c6!mip-shiiiwen_c7!whileing.vlog_c8!restaurant.conversation_c9!app-testing,,,,,2026-08-25,2026-08-29,5.0,Testing,whitelist – mip-shiiiwen – whileing.vlog,ugc_c2,0.032548375022377014,0.0,,0.02786140901915472,0.0,0.0,0.0,0.0,14.0,0.0,0.0,0.0,0.0,1.6665382958313357,Mid-Tier,False,False
120249992335170167,209.1,50921,2040,5,1,2.26,0,0.0,tw_meta_standard_ios_tw-en_pros_purchase_ongoing_no-disc_testing,c1!ugc_c2!video_c3!whitelist_c4!speakmethod_c5!ongoing_c6!mip-kaooopei_c7!qa_c8!ask-question-to-boyfriend_c9!app-testing,,,,,2026-08-25,2026-08-27,3.0,Testing,whitelist – mip-kaooopei – qa,ugc_c2,0.0981913159600165,0.0196382631920033,209.1,0.04006205691168673,0.0,4.0,1.53,159.2,24.0,8.0,8.0,0.0,0.0,3.223914041053921,Pause,False,False
120249992963230167,217.16,56769,1934,5,2,3.98,0,0.0,tw_meta_standard_ios_tw-en_pros_purchase_ongoing_no-disc_testing,c1!ugc_c2!video_c3!whitelist_c4!productdemo_c5!ongoing_c6!mip-yclife_c7!vlog.parent_c8!learn-with-kid_c9!app-testing,,,,,2026-08-25,2026-08-30,6.0,Testing,whitelist – mip-yclife – vlog.parent,ugc_c2,0.08807623879229862,0.035230495516919445,108.58,0.0340678891648611,0.0,4.0,1.5,155.6,14.0,8.0,4.0,2.0,0.0,1.8746130147969462,Mid-Tier,False,False
120249993034910167,204.63,54041,4460,0,2,4.23,0,0.0,tw_meta_standard_ios_tw-en_pros_purchase_ongoing_no-disc_testing,c1!ugc_c2!video_c3!whitelist_c4!productdemo_c5!ongoing_c6!mip-amychou_c7!oneshot.appscreen_c8!en-esp-restaurant_c9!app-testing,,,,,2026-08-26,2026-08-30,5.0,Testing,whitelist – mip-amychou – oneshot.appscreen,ugc_c2,0.0,0.03700893765844451,102.315,0.08252993097833126,0.0,2.0,0.73,76.2,10.0,4.0,0.0,4.0,0.0,1.7846817674264863,Mid-Tier,False,False
120250094596930167,724.64,165185,5715,44,7,12.91,0,0.0,tw_meta_standard_ios_tw-en_pros_trial_ongoing_winning,c1!ugc_c2!video_c3!ugc_c4!painpoint _c5!ongoing_c6!mip-chenchensiss_c7!vlog.walking.allenglish_c8!taiwanese-good-at-english-yesandno_c9!app-cpr,,,,,2026-09-01,2026-09-15,15.0,Winning,ugc – mip-chenchensiss – vlog.walking.allenglish,ugc_c2,0.2663680116233314,0.042376729121893636,103.52,0.03459757241880316,0.0,9.0,3.18,330.4,142.0,14.0,8.0,6.0,0.0,2.8656035852871304,Phase 1 Winner,True,False
120250112779340167,291.28999999999996,57232,1450,30,1,1.75,0,0.0,tw_meta_standard_ios_tw-en_pros_trial_ongoing_winning,c1!video_c2!video_c3!influencer_c4!productdemo_c5!promo_c6!harryspeaks_c7!26q3campaign_c8!og-video_c9!app_cpr,,,,,2026-09-01,2026-09-07,7.0,Winning,influencer – harryspeaks – 26q3campaign,video_c2,0.524182275649986,0.0174727425216662,291.28999999999996,0.02533547665641599,0.0,1.0,0.35,35.9,56.0,0.0,0.0,0.0,0.0,1.5713794240740264,Mid-Tier,False,False
120250114976680167,96.58,19216,260,6,1,2.53,0,0.0,tw_meta_standard_ios_tw-en_pros_purchase_ongoing_no-disc_testing,c1!ugc_c2!video_c3!ugc_c4!speakmethod_c5!promo_c6!sophia_c7!hook.testimonial_c8!outputinputandspeakmethod-v1-full,,,,,2026-09-02,2026-09-04,3.0,Testing,ugc – sophia – hook.testimonial,ugc_c2,0.3122398001665279,0.05203996669442132,96.58,0.013530391340549543,0.0,8.0,2.84,295.4,76.0,14.0,10.0,0.0,0.0,2.1972816326202067,Pause,False,False
