ad_id,spend,impressions,clicks,installs,trials,adj_trials,init_purch,trial_converts,campaign_name,ad_name,format,category,concept,creator_name,first_date,last_date,active_days,bucket,clean_name,c1,ipm,tpi,cpft,ctr,meta_paid_obs,ssot_trials,ssot_paid,ssot_ltv,af_installs,af_trials,af_trials_annual_reg,af_trials_annual_plus,af_trials_monthly,sp,phase,p1_point,p2_point,ltv_cac,ltv_cac_lo,ltv_cac_hi,days,signups,cpi,cps,EI,spend_per_day,SI,SP2,on_target,p1,sp2_winner,sp2_phase
120236574936400167,6669.08,1120303,19928,435,108,187.08,26,0.0,tw_meta_standard_ios_tw-en_pros_trial_ongoing_winning,c1:na_c2:video_c3:influencer_c4:valueprop_c5:ongoing_c6:harryspeaks__c7:speak_company_c8:1208,video,valueprop,speak_company,harryspeaks_,2026-06-01,2026-06-29,29.0,Winning,influencer – harryspeaks,na_c2,0.3882878114224455,0.0964024911117795,61.75074074074074,0.0177880448414402,26.0,136.0,54.93,5674.8,931.0,203.0,161.0,26.0,2.0,2.901313465718351,Phase 1 Winner,True,False,1.365,0.961,1.884,29,216.0,15.331218390804597,30.87537037037037,0.9991937527709257,229.96827586206896,4.0,3.996775011083703,True,True,False,Watch
120239549733890167,0.56,142,9,0,0,0.0,0,0.0,tw_meta_standard_ios_tw-en_pros_trial_ongoing_winning,rw_s22a2_singletestimonial_pm_zh-en_1x1_tw_testimonial_effective,,,,,2026-09-15,2026-09-15,1.0,Winning,rw_s22a2_singletestimonial_pm_zh-en_1x1_tw_testimonial_effective,Untagged,0.0,0.0,,0.0633802816901408,0.0,0.0,0.0,0.0,0.0,0.0,0.0,0.0,0.0,0.2607500852918331,Pause,False,False,0.0,0.0,0.0,1,0.0,,,,0.56,0.25,,False,False,False,No installs yet
120240275100650167,34.78,11197,122,2,0,0.0,1,0.0,tw_meta_standard_ios_tw-en_pros_trial_ongoing_winning,c1:m19_c2:video_c3:motion_c4:testimonial_c5:ongoing_c6:na_c7:motiontestimonial_c8:jpwinning-textandwave,video,testimonial,motiontestimonial,na,2026-06-01,2026-06-10,10.0,Winning,motion – na – motiontestimonial,m19_c2,0.1786192730195588,0.0,,0.010895775654193,1.0,0.0,0.0,0.0,6.0,0.0,0.0,0.0,0.0,0.5395101592117078,Pause,False,False,0.0,0.0,0.0,10,1.0,17.39,34.78,0.8809003817400044,3.478,0.25,0.2202250954350011,False,False,False,Watch
120242147246810167,7077.57,1099687,17325,588,150,251.87,43,0.0,tw_meta_standard_ios_tw-en_pros_trial_ongoing_winning,c1:na_c2:video_c3:influencer_c4:productdemo_c5:ongoing_c6:morning.jason_c7:influencer_c8:original-reels,video,productdemo,influencer,morning.jason,2026-06-01,2026-06-29,29.0,Winning,influencer – morning.jason – influencer,na_c2,0.5346976003171812,0.1364024490605054,47.1838,0.0157544828664883,43.0,193.0,77.44,7998.9,1088.0,300.0,235.0,42.0,13.0,3.21543921868891,Phase 2 Winner,True,True,2.222,1.651,2.908,29,339.0,12.036683673469387,20.877787610619468,1.2726809189331512,244.05413793103446,4.0,5.090723675732605,True,True,True,Scalable winner
120242508326330167,50.14,17935,566,0,0,0.0,0,0.0,tw_meta_standard_ios_tw-en_pros_trial_ongoing_winning,c1!s45_c2!image_c3!generic_c4!valueprop_c5!ongoing_c6!na_c7!aspiration_c8!57200sentences-travel,,,,,2026-06-01,2026-06-15,14.0,Winning,generic – na – aspiration,s45_c2,0.0,0.0,,0.0315584053526623,0.0,0.0,0.0,0.0,0.0,0.0,0.0,0.0,0.0,1.5869485475935936,Mid-Tier,False,False,0.0,0.0,0.0,14,0.0,,,,3.5814285714285714,0.25,,False,False,False,No installs yet
120242508965130167,71.46000000000001,20016,772,0,0,0.0,0,0.0,tw_meta_standard_ios_tw-en_pros_trial_ongoing_winning,c1!s45_c2!image_c3!generic_c4!valueprop_c5!ongoing_c6!na_c7!aspiration_c8!englishinterview,,,,,2026-06-01,2026-06-15,15.0,Winning,generic – na – aspiration,s45_c2,0.0,0.0,,0.0385691446842526,0.0,0.0,0.0,0.0,0.0,0.0,0.0,0.0,0.0,1.7940716612390797,Mid-Tier,False,False,0.0,0.0,0.0,15,0.0,,,,4.764,0.25,,False,False,False,No installs yet
120242510079090167,1.06,204,0,0,0,0.0,0,0.0,tw_meta_standard_ios_tw-en_pros_trial_ongoing_winning,c1!s45_c2!image_c3!generic_c4!valueprop_c5!ongoing_c6!na_c7!aspiration_c8!57200sentences-offer,,,,,2026-09-15,2026-09-15,1.0,Winning,generic – na – aspiration,s45_c2,0.0,0.0,,0.0,0.0,0.0,0.0,0.0,0.0,0.0,0.0,0.0,0.0,0.0,Pause,False,False,0.0,0.0,0.0,1,0.0,,,,1.06,0.25,,False,False,False,No installs yet
120243701212520167,1104.0,182777,2040,48,11,19.71,6,0.0,tw_meta_standard_ios_tw-en_pros_trial_ongoing_winning,c1:ugc6_c2:video_c3:ugc_c4:problemsolution_c5:ongoing_c6:qing_c7:englishintrovert_c8:na,video,problemsolution,englishintrovert,qing,2026-06-01,2026-06-24,24.0,Winning,ugc – qing – englishintrovert,ugc6_c2,0.2626150992739787,0.0601826269169534,100.36363636363636,0.011161141719144,6.0,13.0,5.24,541.7,122.0,24.0,15.0,4.0,2.0,2.857018194387356,Phase 1 Winner,True,False,0.586,0.218,1.122,24,29.0,23.0,38.06896551724138,0.6660372886286382,46.0,0.9333865939267009,0.6216702762612596,False,True,False,Pause
120245092958860167,13556.09,2147984,33912,698,256,426.15,52,10.0,tw_meta_standard_ios_tw-en_pros_trial_ongoing_winning,c1!na_c2!video_c3!influencer_c4!productdemo_c5!ongoing_c6!techervincent_c7!valueprop_c8!og-video,,,,,2026-06-01,2026-07-29,59.0,Winning,influencer – techervincent – valueprop,na_c2,0.3249558655930398,0.1191815209051836,52.9534765625,0.0157878270974085,62.0,258.0,102.26,10466.8,1522.0,428.0,328.0,72.0,14.0,3.1488272807015703,Phase 2 Winner,True,True,1.848,1.425,2.352,59,432.0,19.421332378223497,31.379837962962963,0.7887645059633093,229.7642372881356,4.0,3.155058023853237,True,True,False,Pause
120245149598320167,0.31,97,4,0,0,0.0,0,0.0,tw_meta_standard_ios_tw-en_pros_trial_ongoing_winning,c1:na_c2:image_c3:influencer_c4:valueprop_c5:ongoing_c6:tantooyu_c7:valueprop_c8:og-post-keep-speaking-winning,image,valueprop,valueprop,tantooyu,2026-06-01,2026-06-02,2.0,Winning,influencer – tantooyu – valueprop,na_c2,0.0,0.0,,0.0412371134020618,0.0,0.0,0.0,0.0,0.0,0.0,0.0,0.0,0.0,4.811794400810634,Pause,False,False,0.0,0.0,0.0,2,0.0,,,,0.155,0.25,,False,False,False,No installs yet
120245149824260167,6.94,2085,18,0,0,0.0,0,0.0,tw_meta_standard_ios_tw-en_pros_trial_ongoing_winning,c1_ugc_c2_video_c3_ugc_c4_problemsolution_c5_ongoing_c6_ai-gen_c7_painpoint_c8_thefixforenglishbrainfreeze-1direct -winning,,,,,2026-06-01,2026-06-03,3.0,Winning,c1_ugc_c2_video_c3_ugc_c4_problemsolution_c5_ongoing_c6_ai-gen_c7_painpoint_c8_t,Untagged,0.0,0.0,,0.0086330935251798,0.0,3.0,1.17,120.4,4.0,4.0,2.0,2.0,0.0,1.043257922618918,Pause,False,False,14.048,0.0,55.273,3,0.0,,,,2.3133333333333335,0.25,,True,False,False,No installs yet
120245417330630167,721.98,132574,4335,78,24,38.52,11,0.0,tw_meta_standard_ios_tw-en_pros_trial_ongoing_winning,c1:video_c2:video_c3:influencer_c4:productdemo_c5:promo_c6:atiendai_c7:valueprop_c8:speak-with-me-conv-winning,video,productdemo,valueprop,atiendai,2026-06-01,2026-06-07,7.0,Winning,influencer – atiendai – valueprop,video_c2,0.588350656991567,0.1810309713820206,30.0825,0.0326987192058774,11.0,30.0,11.77,1216.0,178.0,46.0,34.0,6.0,4.0,5.027396748021617,Phase 2 Winner,True,True,2.364,1.262,3.848,7,42.0,9.256153846153847,17.19,1.6549916837028404,103.14,2.092815071686955,3.463591539169874,True,True,True,Scalable winner
120245417330640167,297.21,48971,1103,28,7,11.2,2,0.0,tw_meta_standard_ios_tw-en_pros_trial_ongoing_winning,c1:video_c2:video_c3:influencer_c4:productdemo_c5:promo_c6:shasha77_c7:valueprop_c8:speak-with-me-conv-winning,video,productdemo,valueprop,shasha77,2026-06-01,2026-06-07,7.0,Winning,influencer – shasha77 – valueprop,video_c2,0.571766964121623,0.1429417410304057,42.45857142857143,0.0225235343366482,2.0,6.0,2.34,242.3,60.0,12.0,8.0,2.0,0.0,2.9414756286080985,Phase 1 Winner,True,False,0.862,0.0,2.115,7,14.0,10.614642857142856,21.229285714285712,1.443181635465977,42.458571428571425,0.8615274210588657,1.2433405525225192,True,True,False,"Efficient, unproven scale"
120245417330650167,780.52,115455,1630,57,17,27.36,5,0.0,tw_meta_standard_ios_tw-en_pros_trial_ongoing_winning,c1:video_c2:video_c3:influencer_c4:productdemo_c5:promo_c6:illyandlean_c7:valueprop_c8:speak-with-me-conv-winning,video,productdemo,valueprop,illyandlean,2026-06-01,2026-06-07,7.0,Winning,influencer – illyandlean – valueprop,video_c2,0.4936988437053397,0.1472435147893118,45.91294117647059,0.0141180546533281,5.0,21.0,8.24,851.3,124.0,41.0,21.0,12.0,6.0,3.212806574879268,Phase 2 Winner,True,True,1.328,0.572,2.404,7,39.0,13.693333333333333,20.013333333333332,1.11870917515521,111.50285714285714,2.262505913949281,2.531086124777985,True,True,True,Scalable winner
120245841850380167,29.48,7835,152,1,0,0.0,0,0.0,tw_meta_standard_ios_tw-en_pros_trial_ongoing_winning,c1!na_c2!image_c3!influencer_c4!valueprop_c5!ongoing_c6!charliecareer_c7!valueprop_c8!foreign-company-scenarios-winning,,,,,2026-06-01,2026-06-03,3.0,Winning,influencer –  – valueprop,na_c2,0.1276324186343331,0.0,,0.0194001276324186,0.0,2.0,0.77,79.9,10.0,4.0,2.0,0.0,0.0,1.5652337387594524,Mid-Tier,False,False,2.866,0.0,9.397,3,1.0,29.48,29.48,0.5196356051037543,9.826666666666666,0.25,0.12990890127593857,True,False,False,Pause
120245842589820167,0.76,345,1,0,0,0.0,0,0.0,tw_meta_standard_ios_tw-en_pros_trial_ongoing_winning,c1!na_c2!video_c3!influencer_c4!productdemo_c5!ongoing_c6!howhowhasfriends_c7!valueprop_c8!comic-con-short-winning,,,,,2026-06-01,2026-06-01,1.0,Winning,influencer – howhowhasfriends – valueprop,na_c2,0.0,0.0,,0.0028985507246376,0.0,0.0,0.0,0.0,2.0,0.0,0.0,0.0,0.0,0.2016371504917456,Pause,False,False,0.0,0.0,0.0,1,0.0,,,,0.76,0.25,,False,False,False,No installs yet
120245842877290167,2.9000000000000004,175,7,3,0,0.0,0,1.0,tw_meta_standard_ios_tw-en_pros_trial_ongoing_winning,c1!na_c2!video_c3!influencer_c4!productdemo_c5!ongoing_c6!howhowhasfriends_c7!valueprop_c8!speak-system-introvert-winning,,,,,2026-06-01,2026-06-01,1.0,Winning,influencer – howhowhasfriends – valueprop,na_c2,17.142857142857142,0.0,,0.04,1.0,0.0,0.0,0.0,6.0,0.0,0.0,0.0,0.0,1.5621531201560752,Mid-Tier,False,False,0.0,0.0,0.0,1,0.0,0.9666666666666668,,15.847094108750355,2.9000000000000004,0.25,3.9617735271875887,False,False,True,Scalable winner
120245867679760167,2.04,811,5,0,0,0.0,0,0.0,tw_meta_standard_ios_tw-en_pros_purchase_ongoing_no-disc_testing,c1!static_c2!image_c3!generic_c4!valueprop_c5!ongoing_c6!na_c7!product_c8!maycourse-upgrade-1200x628,,,,,2026-06-01,2026-06-01,1.0,Testing,generic – na – product,static_c2,0.0,0.0,,0.0061652281134401,0.0,0.0,0.0,0.0,6.0,0.0,0.0,0.0,0.0,0.32221598570946,Pause,False,False,0.0,0.0,0.0,1,0.0,,,,2.04,0.25,,False,False,False,No installs yet
120245867679860167,1.51,787,7,0,0,0.0,0,0.0,tw_meta_standard_ios_tw-en_pros_purchase_ongoing_no-disc_testing,c1!static_c2!image_c3!generic_c4!productdemo_c5!ongoing_c6!na_c7!product_c8!career-interview-14days-1080x1080,,,,,2026-06-01,2026-06-01,1.0,Testing,generic – na – product,static_c2,0.0,0.0,,0.0088945362134688,0.0,2.0,0.77,79.5,12.0,5.0,3.0,0.0,0.0,1.4286455602932324,Mid-Tier,False,False,55.777,0.0,180.237,1,0.0,,,,1.51,0.25,,True,False,False,No installs yet
120245867679870167,0.5399999999999999,313,0,0,0,0.0,0,0.0,tw_meta_standard_ios_tw-en_pros_purchase_ongoing_no-disc_testing,c1!static_c2!image_c3!generic_c4!valueprop_c5!ongoing_c6!na_c7!product_c8!maycourse-newcourse-1080x1080,,,,,2026-06-01,2026-06-01,1.0,Testing,generic – na – product,static_c2,0.0,0.0,,0.0,0.0,0.0,0.0,0.0,0.0,0.0,0.0,0.0,0.0,0.0,Pause,False,False,0.0,0.0,0.0,1,0.0,,,,0.5399999999999999,0.25,,False,False,False,No installs yet
120245867680560167,27.05,14573,91,0,0,0.0,0,0.0,tw_meta_standard_ios_tw-en_pros_purchase_ongoing_no-disc_testing,c1!static_c2!image_c3!generic_c4!valueprop_c5!ongoing_c6!na_c7!outcome_c8!career-computex-timelimited-1080x1350,,,,,2026-06-01,2026-06-02,2.0,Testing,generic – na – outcome,static_c2,0.0,0.0,,0.0062444246208742,0.0,0.0,0.0,0.0,0.0,0.0,0.0,0.0,0.0,0.5521258120470547,Pause,False,False,0.0,0.0,0.0,2,0.0,,,,13.525,0.33364786274183306,,False,False,False,No installs yet
120245867680580167,15.5,5874,50,0,0,0.0,0,0.0,tw_meta_standard_ios_tw-en_pros_purchase_ongoing_no-disc_testing,c1!static_c2!image_c3!generic_c4!productdemo_c5!ongoing_c6!na_c7!product_c8!career-interview-stilltime-1080x1080,,,,,2026-06-01,2026-06-02,2.0,Testing,generic – na – product,static_c2,0.0,0.0,,0.0085120871637725,0.0,0.0,0.0,0.0,0.0,0.0,0.0,0.0,0.0,0.6756066160714442,Pause,False,False,0.0,0.0,0.0,2,0.0,,,,7.75,0.25,,False,False,False,No installs yet
120245867682020167,1.4700000000000002,378,3,0,0,0.0,0,0.0,tw_meta_standard_ios_tw-en_pros_purchase_ongoing_no-disc_testing,c1!static_c2!image_c3!generic_c4!valueprop_c5!ongoing_c6!na_c7!product_c8!maycourse-rookie-1200x628,,,,,2026-06-01,2026-06-01,1.0,Testing,generic – na – product,static_c2,0.0,0.0,,0.0079365079365079,0.0,0.0,0.0,0.0,0.0,0.0,0.0,0.0,0.0,0.6674140580564901,Pause,False,False,0.0,0.0,0.0,1,0.0,,,,1.4700000000000002,0.25,,False,False,False,No installs yet
120245867682590167,30.48,16930,86,0,0,0.0,0,0.0,tw_meta_standard_ios_tw-en_pros_purchase_ongoing_no-disc_testing,c1!static_c2!image_c3!generic_c4!productdemo_c5!ongoing_c6!na_c7!product_c8!career-interview-blankmind-1200x628,,,,,2026-06-01,2026-06-02,2.0,Testing,generic – na – product,static_c2,0.0,0.0,,0.0050797401063201,0.0,1.0,0.38,39.8,8.0,2.0,2.0,0.0,0.0,0.4849542389256763,Pause,False,False,0.0,0.0,6.003,2,0.0,,,,15.24,0.375955151806694,,False,False,False,No installs yet
120245867684240167,0.8700000000000001,563,3,0,0,0.0,0,0.0,tw_meta_standard_ios_tw-en_pros_purchase_ongoing_no-disc_testing,c1!static_c2!image_c3!generic_c4!valueprop_c5!ongoing_c6!na_c7!outcome_c8!career-computex-showeng-1200x628,,,,,2026-06-01,2026-06-01,1.0,Testing,generic – na – outcome,static_c2,0.0,0.0,,0.0053285968028419,0.0,2.0,0.77,79.5,6.0,4.0,0.0,0.0,0.0,1.7524763478298762,Mid-Tier,False,False,96.213,0.0,318.342,1,0.0,,,,0.8700000000000001,0.25,,True,False,False,No installs yet
120245867700400167,1.85,886,1,0,0,0.0,0,0.0,tw_meta_standard_ios_tw-en_pros_purchase_ongoing_no-disc_testing,c1!static_c2!image_c3!generic_c4!productdemo_c5!ongoing_c6!na_c7!product_c8!career-computex-1080x1080,,,,,2026-06-01,2026-06-01,1.0,Testing,generic – na – product,static_c2,0.0,0.0,,0.0011286681715575,0.0,1.0,0.38,39.8,4.0,2.0,2.0,0.0,0.0,0.1428816521614589,Pause,False,False,0.0,0.0,98.259,1,0.0,,,,1.85,0.25,,False,False,False,No installs yet
120245867702310167,26.14,14445,88,0,0,0.0,0,0.0,tw_meta_standard_ios_tw-en_pros_purchase_ongoing_no-disc_testing,c1!static_c2!image_c3!generic_c4!valueprop_c5!ongoing_c6!na_c7!product_c8!maycourse-newcontent-1200x628,,,,,2026-06-01,2026-06-12,4.0,Testing,generic – na – product,static_c2,0.0,0.0,,0.006092073381793,0.0,2.0,0.78,80.4,10.0,4.0,4.0,0.0,0.0,0.5257482049265054,Pause,False,False,3.185,0.0,10.264,4,0.0,,,,6.535,0.25,,True,False,False,No installs yet
120245867742990167,387.25,172710,1323,3,2,5.07,0,0.0,tw_meta_standard_ios_tw-en_pros_purchase_ongoing_no-disc_testing,c1!static_c2!image_c3!generic_c4!problemsolution_c5!ongoing_c6!na_c7!painpoint_c8!career-computex-blankmind-1200x628,,,,,2026-06-01,2026-06-02,2.0,Testing,generic – na – painpoint,static_c2,0.0173701580684384,0.0115801053789589,193.625,0.0076602397081813,0.0,6.0,2.32,240.2,28.0,12.0,10.0,2.0,0.0,1.902256020735192,Mid-Tier,False,False,0.55,0.0,1.496,2,3.0,129.08333333333334,129.08333333333334,0.11867417150516729,193.625,4.0,0.47469668602066917,False,False,False,Pause
120245904196600167,3.16,1084,12,0,0,0.0,0,0.0,tw_meta_standard_ios_tw-en_pros_purchase_ongoing_no-disc_testing,c1!static_c2!image_c3!generic_c4!valueprop_c5!ongoing_c6!na_c7!valueprop_c8!handwritingnote-career-1200x628,,,,,2026-06-01,2026-06-01,1.0,Testing,generic – na – valueprop,static_c2,0.0,0.0,,0.011070110701107,0.0,0.0,0.0,0.0,0.0,0.0,0.0,0.0,0.0,0.7419913612530359,Pause,False,False,0.0,0.0,0.0,1,0.0,,,,3.16,0.25,,False,False,False,No installs yet
120245904237110167,67.53,24757,195,0,0,0.0,0,0.0,tw_meta_standard_ios_tw-en_pros_purchase_ongoing_no-disc_testing,c1_ugc_c2_video_c3_ugc_c4_productdemo_c5_ongoing_c6_rhea_c7_speakmethod_c8_newyorktimeshook,,,,,2026-06-01,2026-06-02,2.0,Testing,c1_ugc_c2_video_c3_ugc_c4_productdemo_c5_ongoing_c6_rhea_c7_speakmethod_c8_newyo,Untagged,0.0,0.0,,0.0078765601648018,0.0,3.0,1.17,120.8,4.0,4.0,4.0,0.0,0.0,0.5411314924241456,Pause,False,False,1.41,0.0,5.159,2,0.0,,,,33.765,0.8329478806268387,,True,False,False,No installs yet
120246000716790167,65.82000000000001,19591,583,3,0,0.0,0,0.0,tw_meta_standard-aem_ios_tw-en_pros_trial_ongoing_no-disc_scaling,c1:video_c2:video_c3:influencer_c4:productdemo_c5:promo_c6:shasha77_c7:valueprop_c8:speak-with-me-conv-scaling,video,productdemo,valueprop,shasha77,2026-06-01,2026-06-02,2.0,Scaling,influencer – shasha77 – valueprop,video_c2,0.1531315399928538,0.0,,0.0297585626052779,0.0,1.0,0.38,39.8,16.0,2.0,2.0,0.0,0.0,1.2066271679026033,Pause,False,False,0.0,0.0,2.825,2,2.0,21.94,32.910000000000004,0.6982159361193563,32.910000000000004,1.3683991683991685,0.9554381063487741,False,False,False,Pause
120246000716800167,95.2,27933,546,9,0,0.0,0,0.0,tw_meta_standard-aem_ios_tw-en_pros_trial_ongoing_no-disc_scaling,c1:video_c2:video_c3:influencer_c4:productdemo_c5:promo_c6:atiendai_c7:valueprop_c8:speak-with-me-conv-scaling,video,productdemo,valueprop,atiendai,2026-06-01,2026-06-02,2.0,Scaling,influencer – atiendai – valueprop,video_c2,0.3221995489206315,0.0,,0.0195467726345183,0.0,2.0,0.77,79.5,24.0,2.0,2.0,0.0,0.0,1.3794091415199303,Pause,False,False,0.886,0.0,2.854,2,5.0,10.577777777777778,19.04,1.4482113313668916,47.6,1.9792099792099793,2.866314319046322,True,False,True,Scalable winner
120246000716810167,15.19,3859,189,0,0,0.0,0,0.0,tw_meta_standard-aem_ios_tw-en_pros_trial_ongoing_no-disc_scaling,c1!na_c2!video_c3!influencer_c4!productdemo_c5!ongoing_c6!howhowhasfriends_c7!valueprop_c8!speak-system-introvert-scaling,,,,,2026-06-01,2026-06-01,1.0,Scaling,influencer – howhowhasfriends – valueprop,na_c2,0.0,0.0,,0.0489764187613371,0.0,0.0,0.0,0.0,4.0,0.0,0.0,0.0,0.0,0.7241669992430925,Pause,False,False,0.0,0.0,0.0,1,0.0,,,,15.19,0.6316008316008316,,False,False,False,No installs yet
120246000716820167,1577.43,454753,5680,98,0,0.0,0,0.0,tw_meta_standard-aem_ios_tw-en_pros_trial_ongoing_no-disc_scaling,c1:ugc6_c2:video_c3:ugc_c4:problemsolution_c5:ongoing_c6:qing_c7:englishintrovert_c8:na-scaling,video,problemsolution,englishintrovert,qing,2026-06-01,2026-06-02,2.0,Scaling,ugc – qing – englishintrovert,ugc6_c2,0.2155016019685411,0.0,,0.0124902969304215,0.0,5.0,1.94,200.1,240.0,10.0,8.0,2.0,0.0,0.7327727312199508,Pause,False,False,0.118,0.0,0.323,2,53.0,16.09622448979592,29.762830188679246,0.951705019283867,788.715,4.0,3.806820077135468,False,False,False,Watch
120246000716910167,118.89,22937,336,8,0,0.0,0,0.0,tw_meta_standard-aem_ios_tw-en_pros_trial_ongoing_no-disc_scaling,c1:video_c2:video_c3:influencer_c4:productdemo_c5:promo_c6:illyandlean_c7:valueprop_c8:speak-with-me-conv-scaling,video,productdemo,valueprop,illyandlean,2026-06-01,2026-06-02,2.0,Scaling,influencer – illyandlean – valueprop,video_c2,0.3487814448271352,0.0,,0.0146488206827396,0.0,0.0,0.0,0.0,24.0,0.0,0.0,0.0,0.0,0.9057119421013874,Pause,False,False,0.0,0.0,0.0,2,5.0,14.86125,23.778,1.0307920019149586,59.445,2.4717255717255715,2.5478349502633972,False,False,True,Scalable winner
120246001466140167,22.95,4471,191,0,0,0.0,0,0.0,tw_meta_standard-aem_ios_tw-en_pros_trial_ongoing_no-disc_scaling,c1:video_c2:video_c3:influencer_c4:productdemo_c5:promo_c6:shasha77_c7:valueprop_c8:speak-with-me-conv-scaling,video,productdemo,valueprop,shasha77,2026-06-01,2026-06-02,2.0,Scaling,influencer – shasha77 – valueprop,video_c2,0.0,0.0,,0.0427197494967568,0.0,0.0,0.0,0.0,0.0,0.0,0.0,0.0,0.0,0.7426649319235213,Pause,False,False,0.0,0.0,0.0,2,0.0,,,,11.475,0.47713097713097713,,False,False,False,No installs yet
120246001466150167,10.47,1831,154,0,0,0.0,0,0.0,tw_meta_standard-aem_ios_tw-en_pros_trial_ongoing_no-disc_scaling,c1!na_c2!video_c3!influencer_c4!productdemo_c5!ongoing_c6!howhowhasfriends_c7!valueprop_c8!speak-system-introvert-scaling,,,,,2026-06-01,2026-06-01,1.0,Scaling,influencer – howhowhasfriends – valueprop,na_c2,0.0,0.0,,0.0841070453304205,0.0,0.0,0.0,0.0,0.0,0.0,0.0,0.0,0.0,0.5574611199832684,Pause,False,False,0.0,0.0,0.0,1,0.0,,,,10.47,0.43534303534303537,,False,False,False,No installs yet
120246001466160167,14.22,3244,60,0,0,0.0,0,0.0,tw_meta_standard-aem_ios_tw-en_pros_trial_ongoing_no-disc_scaling,c1:video_c2:video_c3:influencer_c4:productdemo_c5:promo_c6:illyandlean_c7:valueprop_c8:speak-with-me-conv-scaling,video,productdemo,valueprop,illyandlean,2026-06-01,2026-06-02,2.0,Scaling,influencer – illyandlean – valueprop,video_c2,0.0,0.0,,0.0184956843403205,0.0,2.0,0.77,79.5,4.0,4.0,2.0,2.0,0.0,0.7160635512002276,Pause,False,False,6.001,0.0,20.818,2,0.0,,,,7.11,0.29563409563409565,,True,False,False,No installs yet
120246001466170167,197.22,46729,1363,7,0,0.0,0,0.0,tw_meta_standard-aem_ios_tw-en_pros_trial_ongoing_no-disc_scaling,c1:ugc6_c2:video_c3:ugc_c4:problemsolution_c5:ongoing_c6:qing_c7:englishintrovert_c8:na-scaling,video,problemsolution,englishintrovert,qing,2026-06-01,2026-06-02,2.0,Scaling,ugc – qing – englishintrovert,ugc6_c2,0.1497999101200539,0.0,,0.0291681824990905,0.0,2.0,0.77,79.9,38.0,4.0,4.0,0.0,0.0,0.6576250507852004,Pause,False,False,0.424,0.0,1.382,2,4.0,28.174285714285713,49.305,0.543717693282683,98.61,4.0,2.174870773130732,False,False,False,Pause
120246001466180167,13.02,3181,44,1,0,0.0,0,0.0,tw_meta_standard-aem_ios_tw-en_pros_trial_ongoing_no-disc_scaling,c1:video_c2:video_c3:influencer_c4:productdemo_c5:promo_c6:atiendai_c7:valueprop_c8:speak-with-me-conv-scaling,video,productdemo,valueprop,atiendai,2026-06-01,2026-06-02,2.0,Scaling,influencer – atiendai – valueprop,video_c2,0.3143665513989311,0.0,,0.0138321282615529,0.0,0.0,0.0,0.0,4.0,0.0,0.0,0.0,0.0,0.8004242354133092,Pause,False,False,0.0,0.0,0.0,2,0.0,13.02,,1.1765635667018954,6.51,0.27068607068607065,0.31847936878292465,False,False,False,"Efficient, unproven scale"
120246005436870167,0.01,1,0,0,0,0.0,0,0.0,tw_meta_standard_ios_tw-en_pros_purchase_ongoing_no-disc_testing,c1!static_c2!image_c3!generic_c4!valueprop_c5!ongoing_c6!na_c7!outcome_c8!plancomparison-1080x1080,,,,,2026-06-01,2026-06-01,1.0,Testing,generic – na – outcome,static_c2,0.0,0.0,,0.0,0.0,0.0,0.0,0.0,0.0,0.0,0.0,0.0,0.0,0.0,Pause,False,False,0.0,0.0,0.0,1,0.0,,,,0.01,0.25,,False,False,False,No installs yet
120246005441450167,214.55,95716,517,5,0,0.0,0,0.0,tw_meta_standard_ios_tw-en_pros_purchase_ongoing_no-disc_testing,c1!static_c2!image_c3!generic_c4!valueprop_c5!ongoing_c6!na_c7!outcome_c8!2200sentences-career-1200x628,,,,,2026-06-01,2026-06-02,2.0,Testing,generic – na – outcome,static_c2,0.0522378703665009,0.0,,0.0054013957958961,0.0,2.0,0.77,79.5,38.0,4.0,4.0,0.0,0.0,0.2973133790959529,Pause,False,False,0.396,0.0,1.271,2,3.0,42.910000000000004,71.51666666666667,0.35699971191933527,107.275,2.646364101710177,0.9447512219442036,False,False,False,Pause
120246005442010167,302.26,142908,902,5,2,5.07,0,0.0,tw_meta_standard_ios_tw-en_pros_purchase_ongoing_no-disc_testing,c1!static_c2!image_c3!generic_c4!valueprop_c5!ongoing_c6!na_c7!outcome_c8!3750sentences-career-painpoint-1200x628,,,,,2026-06-01,2026-06-02,2.0,Testing,generic – na – outcome,static_c2,0.0349875444341814,0.0139950177736725,151.13,0.0063117530159263,0.0,2.0,0.78,80.2,14.0,4.0,2.0,0.0,2.0,1.2169028468372218,Pause,False,False,0.245,0.0,0.873,2,2.0,60.452,151.13,0.25340530732579036,151.13,3.728221922083048,0.9447512219442037,False,False,False,Pause
120246005443330167,0.21,148,0,0,0,0.0,0,0.0,tw_meta_standard_ios_tw-en_pros_purchase_ongoing_no-disc_testing,c1!static_c2!image_c3!generic_c4!valueprop_c5!ongoing_c6!na_c7!valueprop_c8!comparecoffee-1200x628,,,,,2026-06-01,2026-06-01,1.0,Testing,generic – na – valueprop,static_c2,0.0,0.0,,0.0,0.0,0.0,0.0,0.0,0.0,0.0,0.0,0.0,0.0,0.0,Pause,False,False,0.0,0.0,0.0,1,0.0,,,,0.21,0.25,,False,False,False,No installs yet
120246191401160167,1708.72,313684,13359,110,22,36.15,3,0.0,tw_meta_standard_ios_tw-en_pros_trial_ongoing_winning,c1:na_c2:video_c3:influencer_c4:valueprop_c5:ongoing_c6:harryspeaks__c7:speak_company_c8:0601,video,valueprop,speak_company,harryspeaks_,2026-06-01,2026-09-15,34.0,Winning,influencer – harryspeaks,na_c2,0.3506713762895143,0.0701342752579028,77.66909090909091,0.0425874446895601,3.0,25.0,9.18,951.8,242.0,48.0,34.0,8.0,0.0,2.331923444076593,Phase 1 Winner,True,False,0.651,0.288,1.15,34,54.0,15.533818181818182,31.642962962962965,0.986161770348831,50.256470588235295,1.0197546935897905,1.0056430939520375,False,True,False,Watch
120246191491930167,323.26,86767,1949,21,2,3.23,1,0.0,tw_meta_standard_ios_tw-en_pros_trial_ongoing_winning,c1!na_c2!image_c3!influencer_c4!valueprop_c5!ongoing_c6!charliecareer_c7!valueprop_c8!foreign-company-scenarios-winning,,,,,2026-06-01,2026-06-10,10.0,Winning,influencer –  – valueprop,na_c2,0.2420274989339265,0.0230502379937072,161.63,0.0224624569248677,1.0,2.0,0.78,80.8,44.0,4.0,0.0,4.0,0.0,2.0462779754095437,Phase 1 Winner,True,False,0.273,0.0,1.042,10,10.0,15.393333333333333,32.326,0.9951618214676491,32.326,0.6559272833755333,0.6527537900743225,False,True,False,Watch
120246191491940167,18.13,5471,153,0,0,0.0,0,0.0,tw_meta_standard_ios_tw-en_pros_trial_ongoing_winning,c1:na_c2:image_c3:influencer_c4:valueprop_c5:ongoing_c6:tantooyu_c7:valueprop_c8:og-post-keep-speaking-winning,image,valueprop,valueprop,tantooyu,2026-06-01,2026-06-21,20.0,Winning,influencer – tantooyu – valueprop,na_c2,0.0,0.0,,0.0279656369950648,0.0,0.0,0.0,0.0,0.0,0.0,0.0,0.0,0.0,2.1027789752754447,Pause,False,False,0.0,0.0,0.0,20,0.0,,,,0.9065,0.25,,False,False,False,No installs yet
120246191491950167,3545.91,615952,11725,180,41,69.05,15,2.0,tw_meta_standard_ios_tw-en_pros_trial_ongoing_winning,c1_ugc_c2_video_c3_ugc_c4_problemsolution_c5_ongoing_c6_ai-gen_c7_painpoint_c8_thefixforenglishbrainfreeze-1direct -winning,,,,,2026-06-01,2026-09-15,82.0,Winning,c1_ugc_c2_video_c3_ugc_c4_problemsolution_c5_ongoing_c6_ai-gen_c7_painpoint_c8_t,Untagged,0.2922305634205263,0.0665636283346754,86.48560975609756,0.019035574200587,17.0,66.0,25.73,2649.5,397.0,111.0,94.0,10.0,7.0,2.6282455348719,Phase 1 Winner,True,False,1.122,0.717,1.641,82,80.0,19.6995,44.323875,0.7776267234426598,43.24280487804878,0.8774403121078017,0.6823210349208947,True,True,False,Pause
120246280866310167,187.93,186418,624,2,0,0.0,0,0.0,tw_meta_standard_ios_tw-en_pros_purchase_ongoing_no-disc_testing,c1!static_c2!image_c3!generic_c4!problemsolution_c5!ongoing_c6!na_c7!painpoint_c8!notebigcharacter-afraidofspeaking-1080x1080,,,,,2026-06-02,2026-06-25,23.0,Testing,generic – na – painpoint,static_c2,0.0107285777124526,0.0,,0.0033473162462852,0.0,1.0,0.42,43.2,18.0,2.0,2.0,0.0,0.0,0.5144703213019536,Pause,False,False,0.0,0.0,0.977,23,2.0,93.965,93.965,0.16302727226582958,8.17086956521739,0.25,0.040756818066457395,False,False,False,Pause
120246280866870167,167.95,91009,1112,1,0,0.0,0,0.0,tw_meta_standard_ios_tw-en_pros_purchase_ongoing_no-disc_testing,c1!static_c2!image_c3!generic_c4!valueprop_c5!ongoing_c6!na_c7!valueprop_c8!june14daysconfidence-1200x628,,,,,2026-06-02,2026-06-25,22.0,Testing,generic – na – valueprop,static_c2,0.0109879242712259,0.0,,0.0122185717896032,0.0,2.0,0.81,83.8,14.0,4.0,2.0,2.0,0.0,1.0226960471183415,Pause,False,False,0.509,0.0,1.791,22,0.0,167.95,,0.09121082249752115,7.634090909090909,0.25,0.022802705624380287,False,False,False,Pause
120246280870660167,155.13,70140,2118,3,1,2.63,0,0.0,tw_meta_standard_ios_tw-en_pros_purchase_ongoing_no-disc_testing,c1!static_c2!image_c3!generic_c4!testimonial_c5!ongoing_c6!na_c7!testimonial_c8!threadspost-career-confidence-1200x628,,,,,2026-06-02,2026-06-03,2.0,Testing,generic – na – testimonial,static_c2,0.0427715996578272,0.0142571998859424,155.13,0.030196749358426,0.0,2.0,0.78,80.2,10.0,4.0,2.0,0.0,2.0,2.0102135113123567,Pause,False,False,0.454,0.0,1.645,2,2.0,51.71,77.565,0.29624555479517845,77.565,1.9134489074728487,0.5668507331665221,False,False,False,Pause
120246280872770167,165.3,84061,2039,4,1,2.63,0,0.0,tw_meta_standard_ios_tw-en_pros_purchase_ongoing_no-disc_testing,c1!static_c2!image_c3!generic_c4!testimonial_c5!ongoing_c6!na_c7!testimonial_c8!threadspost-career-client-1200x628,,,,,2026-06-02,2026-06-10,9.0,Testing,generic – na – testimonial,static_c2,0.0475844922139874,0.0118961230534968,165.3,0.0242561949060801,0.0,2.0,0.79,81.1,14.0,4.0,4.0,0.0,0.0,2.451049481852862,Pause,False,False,0.513,0.0,1.656,9,5.0,41.325,33.06,0.37069225985380944,18.366666666666667,0.45308680806099816,0.16795577279008062,False,False,False,Pause
120246280873500167,163.32999999999998,218933,477,2,2,5.49,0,0.0,tw_meta_standard_ios_tw-en_pros_purchase_ongoing_no-disc_testing,c1!static_c2!image_c3!generic_c4!productdemo_c5!ongoing_c6!na_c7!product_c8!magicdictionary-10minsaday-1200x628,,,,,2026-06-02,2026-06-26,25.0,Testing,generic – na – product,static_c2,0.009135214883092,0.009135214883092,81.66499999999999,0.0021787487496174,0.0,6.0,2.43,250.7,44.0,8.0,4.0,2.0,0.0,2.984224757832113,Pause,False,False,1.381,0.0,3.681,25,0.0,81.66499999999999,,0.18758167683167426,6.533199999999999,0.25,0.046895419207918565,True,False,False,Pause
120246280884370167,508.74,453074,7623,30,6,15.45,0,0.0,tw_meta_standard_ios_tw-en_pros_purchase_ongoing_no-disc_testing,c1!static_c2!image_c3!generic_c4!testimonial_c5!ongoing_c6!na_c7!testimonial_c8!threadspost-career-aitutor-1200x628,,,,,2026-06-02,2026-06-16,15.0,Testing,generic – na – testimonial,static_c2,0.0662143490908769,0.0132428698181753,84.78999999999999,0.0168250661039918,0.0,8.0,3.15,325.7,71.0,16.0,8.0,8.0,0.0,3.759943429771412,Phase 1 Winner,True,False,0.682,0.072,1.626,15,14.0,16.958000000000002,36.33857142857143,0.9033410566374972,33.916000000000004,0.8366728955824038,0.755800977555363,False,True,False,Watch
120246280887120167,163.43,44012,396,8,3,7.6,0,0.0,tw_meta_standard_ios_tw-en_pros_purchase_ongoing_no-disc_testing,c1!video_c2!video_c3!generic_c4!valueprop_c5!ongoing_c6!na_c7!speakmethod_c8!andrew-speakmethod-1920x1080,,,,,2026-06-02,2026-06-18,9.0,Testing,generic – na – speakmethod,video_c2,0.1817686085613014,0.068163228210488,54.47666666666667,0.0089975461237844,0.0,2.0,0.79,81.6,6.0,4.0,4.0,0.0,0.0,6.07842695413692,Pause,False,False,0.509,0.0,1.657,9,4.0,20.42875,40.8575,0.7498675953476682,18.15888888888889,0.44796114362618833,0.3359115455801613,False,False,False,Pause
120246280893240167,1901.59,498947,3042,66,20,49.89,0,0.0,tw_meta_standard_ios_tw-en_pros_purchase_ongoing_no-disc_testing,c1!video_c2!video_c3!generic_c4!valueprop_c5!ongoing_c6!na_c7!credibility _c8!andrew-founded-1920x1080,,,,,2026-06-02,2026-06-10,9.0,Testing,generic – na,video_c2,0.1322785786867142,0.0400844177838527,95.0795,0.006096839944924,0.0,36.0,14.25,1472.3,226.0,60.0,42.0,12.0,2.0,2.0944284077725306,Phase 1 Winner,True,False,0.713,0.332,1.237,9,39.0,28.811969696969697,48.758717948717944,0.5316838036265823,211.28777777777776,4.0,2.126735214506329,False,True,False,Pause
120246280900700167,159.09,44233,470,2,0,0.0,0,0.0,tw_meta_standard_ios_tw-en_pros_purchase_ongoing_no-disc_testing,c1!video_c2!video_c3!generic_c4!valueprop_c5!ongoing_c6!na_c7!credibility _c8!andrew-founded-frame-,,,,,2026-06-02,2026-06-25,23.0,Testing,generic – na,video_c2,0.0452151108900594,0.0,,0.0106255510591639,0.0,0.0,0.0,0.0,4.0,0.0,0.0,0.0,0.0,0.6259660501805824,Pause,False,False,0.0,0.0,0.0,23,2.0,79.545,79.545,0.19258102506076658,6.916956521739131,0.25,0.048145256265191644,False,False,False,Pause
120246280902840167,181.98,74694,582,7,1,3.04,0,0.0,tw_meta_standard_ios_tw-en_pros_purchase_ongoing_no-disc_testing,c1!video_c2!video_c3!generic_c4!valueprop_c5!ongoing_c6!na_c7!speakmethod_c8!andrew-speakmethod-framepainpoint-,,,,,2026-06-02,2026-06-25,23.0,Testing,generic – na – speakmethod,video_c2,0.0937156933622513,0.0133879561946073,181.98,0.0077917905052614,0.0,3.0,1.23,127.6,20.0,6.0,2.0,4.0,0.0,0.9320755740172908,Pause,False,False,0.543,0.0,2.204,23,4.0,25.997142857142855,45.495,0.589251585169858,7.912173913043477,0.25,0.1473128962924645,False,False,False,Pause
120246280903630167,76.37,27447,224,1,0,0.0,0,0.0,tw_meta_standard_ios_tw-en_pros_purchase_ongoing_no-disc_testing,c1!video_c2!video_c3!generic_c4!valueprop_c5!ongoing_c6!na_c7!speakmethod_c8!andrew-speakmethod-frameencouraged-,,,,,2026-06-02,2026-06-24,22.0,Testing,generic – na – speakmethod,video_c2,0.0364338543374503,0.0,,0.0081611833715888,0.0,2.0,0.78,81.1,4.0,2.0,0.0,2.0,0.0,0.6362305348197692,Pause,False,False,1.121,0.0,3.913,22,0.0,76.37,,0.20058737250829745,3.4713636363636367,0.25,0.05014684312707436,True,False,False,Pause
120246282571790167,162.42,46949,515,2,2,5.25,0,0.0,tw_meta_standard_ios_tw-en_pros_purchase_ongoing_no-disc_testing,c1!ugc_c2!video_c3!ugc_c4!productdemo_c5!ongoing_c6!hua_c7!usertestimonials_c8!2026resolutionenglish5m_2cut,,,,,2026-06-02,2026-06-24,22.0,Testing,ugc – hua – usertestimonials,ugc_c2,0.0425994163879954,0.0425994163879954,81.21,0.0109693497199088,0.0,6.0,2.41,248.6,12.0,12.0,8.0,0.0,0.0,1.6530471581117383,Mid-Tier,False,False,1.213,0.0,3.364,22,1.0,81.21,162.42,0.18863265162490678,7.382727272727272,0.25,0.047158162906226694,True,False,False,Pause
120246282589460167,128.42,28432,260,13,4,10.2,0,0.0,tw_meta_standard_ios_tw-en_pros_purchase_ongoing_no-disc_testing,c1!ugc_c2!video_c3!ugc_c4!productdemo_c5!ongoing_c6!hua_c7!usertestimonials_c8!2026resolutionenglish5m_1full,,,,,2026-06-02,2026-06-15,14.0,Testing,ugc – hua – usertestimonials,ugc_c2,0.4572312886888013,0.140686550365785,32.105,0.009144625773776,0.0,3.0,1.19,122.8,18.0,6.0,4.0,2.0,0.0,3.96800796613072,Phase 1 Winner,True,False,0.748,0.0,2.922,14,7.0,9.878461538461538,18.345714285714283,1.5507331358041023,9.172857142857142,0.25,0.3876832839510256,False,True,False,"Efficient, unproven scale"
120246282591040167,531.85,128042,963,41,11,28.18,0,0.0,tw_meta_standard_ios_tw-en_pros_purchase_ongoing_no-disc_testing,c1!ugc_c2!video_c3!ugc_c4!productdemo_c5!ongoing_c6!hua_c7!usertestimonials_c8!2026resolutionenglish5m_3invest,,,,,2026-06-02,2026-06-11,10.0,Testing,ugc – hua – usertestimonials,ugc_c2,0.3202074319363958,0.0859093110073257,48.35,0.0075209696818231,0.0,12.0,4.74,490.2,80.0,24.0,24.0,0.0,0.0,4.697127450500112,Phase 2 Winner,True,True,0.793,0.178,1.665,10,23.0,12.971951219512196,23.12391304347826,1.1809216192099385,53.185,1.3120193404750011,1.549392003988494,False,True,False,"Efficient, unproven scale"
120246331786010167,265.7,50078,1440,3,0,0.0,0,0.0,tw_meta_standard_ios_tw-en_pros_purchase_ongoing_no-disc_testing,c1!ugc_c2!video_c3!ugc_c4!productdemo_c5!ongoing_c6!swm-sophia_c7!usertestimonials_c8!computex_og_post,,,,,2026-06-03,2026-06-04,2.0,Testing,ugc – swm-sophia – usertestimonials,ugc_c2,0.0599065457885698,0.0,,0.0287551419785135,0.0,2.0,0.78,80.5,18.0,4.0,4.0,0.0,0.0,2.213463031681804,Pause,False,False,0.319,0.0,1.037,2,1.0,88.56666666666666,265.7,0.17296414345267608,132.85,3.277273091700741,0.5668507331665222,False,False,False,Pause
120246363710740167,1277.35,550440,3752,43,10,21.4,2,0.0,tw_meta_standard_ios_tw-en_pros_trial_ongoing_scaling2,c1:rw_s14cb_notesscreenshot_humor_zh-en_1x1_tw_humor_effective_03/10/2025_c2:rw_c3:s14cb_c4:notesscreenshot_humor_c5:zh-en_c6:1x1_c7:tw_c8:humor_c9:effective_c10:45610_c11:visual-background_c12:not-applicable_c13:not-applicable_c14:not-applicable_c15:not-applicable_c16:not-applicable_c17:not-applicable_c18:not-applicable_c19:static_c20:notapplicable_c21:not-applicable,rw,notesscreenshot_humor,tw,1x1,2026-06-03,2026-06-07,5.0,Scaling,s14cb – 1x1 – tw,rw_s14cb_notesscreenshot_humor_zh,0.0781193227236392,0.0181672843543347,127.735,0.0068163650897463,2.0,12.0,4.73,488.6,142.0,24.0,12.0,8.0,4.0,1.8204413474235053,Mid-Tier,False,False,0.415,0.119,0.862,5,16.0,29.70581395348837,79.834375,0.5156855039368404,255.46999999999997,0.8903968340544642,0.4591647400731437,False,False,False,Pause
120246363710870167,3212.89,616943,5246,115,35,55.83,13,1.0,tw_meta_standard_ios_tw-en_pros_trial_ongoing_scaling2,c1_ugc_c2_video_c3_ugc_c4_problemsolution_c5_ongoing_c6_ai-gen_c7_painpoint_c8_thefixforenglishbrainfreeze-1direct -winning,,,,,2026-06-03,2026-06-24,14.0,Scaling,c1_ugc_c2_video_c3_ugc_c4_problemsolution_c5_ongoing_c6_ai-gen_c7_painpoint_c8_t,Untagged,0.1864029578097166,0.0567313349855659,91.79685714285714,0.0085032166666936,14.0,35.0,14.02,1448.2,232.0,59.0,44.0,2.0,2.0,3.0224842939337284,Phase 1 Winner,True,False,0.638,0.364,0.998,14,61.0,27.938173913043478,52.67032786885245,0.5483127739893827,229.49214285714285,0.7998554720334085,0.4385709726612253,False,True,False,Pause
120246363710880167,4565.38,977448,12907,165,40,72.74,11,0.0,tw_meta_standard_ios_tw-en_pros_trial_ongoing_scaling2,c1:na_c2:video_c3:influencer_c4:valueprop_c5:ongoing_c6:harryspeaks__c7:speak_company_c8:0601,video,valueprop,speak_company,harryspeaks_,2026-06-03,2026-07-03,23.0,Scaling,influencer – harryspeaks,na_c2,0.1688069339750043,0.0409228930848495,114.1345,0.0132047945261538,11.0,53.0,21.45,2210.8,314.0,77.0,63.0,10.0,2.0,1.904903070777516,Mid-Tier,False,False,0.625,0.375,0.952,23,79.0,27.668969696969697,57.78962025316456,0.5536475628196736,198.49478260869566,0.6918194935260961,0.3830241765018641,False,False,False,Pause
120246363710890167,850.4,219149,4293,21,3,6.52,0,0.0,tw_meta_standard_ios_tw-en_pros_trial_ongoing_scaling2,c1!na_c2!image_c3!influencer_c4!valueprop_c5!ongoing_c6!charliecareer_c7!valueprop_c8!foreign-company-scenarios-winning,,,,,2026-06-03,2026-06-07,5.0,Scaling,influencer –  – valueprop,na_c2,0.0958252148081898,0.0136893164011699,283.46666666666664,0.0195894117700742,0.0,10.0,3.94,407.1,64.0,14.0,10.0,2.0,2.0,1.7551588285943505,Mid-Tier,False,False,0.431,0.102,0.954,5,11.0,40.49523809523809,77.30909090909091,0.3782878767728507,170.07999999999998,0.5927846460875378,0.2242432451520004,False,False,False,Pause
120246363710910167,432.24,91934,849,12,3,6.78,0,0.0,tw_meta_standard_ios_tw-en_pros_trial_ongoing_scaling2,c1:ugc6_c2:video_c3:ugc_c4:problemsolution_c5:ongoing_c6:qing_c7:englishintrovert_c8:na,video,problemsolution,englishintrovert,qing,2026-06-03,2026-06-07,5.0,Scaling,ugc – qing – englishintrovert,ugc6_c2,0.1305284225640133,0.0326321056410033,144.08,0.0092348858964039,0.0,1.0,0.39,40.4,20.0,0.0,0.0,0.0,0.0,1.8203341173757064,Mid-Tier,False,False,0.0,0.0,0.434,5,6.0,36.02,72.04,0.4252875524280587,86.44800000000001,0.30129966536321423,0.12813899722971453,False,False,False,Pause
120246363710920167,368.13,161998,1561,4,2,4.5,0,0.0,tw_meta_standard_ios_tw-en_pros_trial_ongoing_scaling2,c1:m19_c2:video_c3:motion_c4:testimonial_c5:ongoing_c6:na_c7:motiontestimonial_c8:jpwinning-textandwave,video,testimonial,motiontestimonial,na,2026-06-03,2026-06-07,5.0,Scaling,motion – na – motiontestimonial,m19_c2,0.0246916628600353,0.0123458314300176,184.065,0.0096359214311287,0.0,2.0,0.79,82.0,12.0,4.0,4.0,0.0,0.0,1.0767932773050752,Pause,False,False,0.228,0.0,0.743,5,1.0,92.0325,368.13,0.16645052170112382,73.626,0.2566107852354249,0.042712999076571515,False,False,False,Pause
120246363710970167,391.17,74407,1348,13,0,0.0,0,0.0,tw_meta_standard_ios_tw-en_pros_trial_ongoing_scaling2,c1:ugc15_c2:video_c3:ugc_c4:problemsolution_c5:ongoing_c6:jenna_c7:howtoimprove_c8:winning,video,problemsolution,howtoimprove,jenna,2026-06-03,2026-06-07,5.0,Scaling,ugc – jenna – howtoimprove,ugc15_c2,0.174714744580483,0.0,,0.0181165750534223,0.0,2.0,0.79,81.1,22.0,2.0,2.0,0.0,0.0,0.8055827639028572,Pause,False,False,0.217,0.0,0.697,5,3.0,30.09,130.39000000000001,0.5091012840963336,78.23400000000001,0.2726711782808822,0.13881724699885745,False,False,False,Pause
120246363710980167,2689.71,836254,5630,57,14,29.52,0,0.0,tw_meta_standard_ios_tw-en_pros_trial_ongoing_scaling2,c1:ugc18_c2:video_c3:ugc_c4:problemsolution_c5:ongoing_c6:hua_c7:dailyenlearning_c8:na,video,problemsolution,dailyenlearning,hua,2026-06-03,2026-06-18,8.0,Scaling,ugc – hua – dailyenlearning,ugc18_c2,0.0681611089453682,0.0167413250041255,192.12214285714285,0.0067324042695161,0.0,34.0,13.69,1414.3,150.0,32.0,28.0,2.0,2.0,1.905098863629735,Mid-Tier,False,False,0.438,0.202,0.76,8,30.0,47.187894736842104,89.657,0.3246353270025931,336.21375,1.1718153151664743,0.3804126480257151,False,False,False,Pause
120246363710990167,16169.740000000002,3537859,30005,965,206,333.09,22,0.0,tw_meta_standard_ios_tw-en_pros_trial_ongoing_scaling2,c1:ugc44_c2:video_c3:ugc_c4:testimonial_c5:ongoing_c6:camel_c7:outcome_c8:ba2026_monthlyprogress,video,testimonial,outcome,camel,2026-06-03,2026-09-06,49.0,Scaling,ugc –  – outcome,ugc44_c2,0.2727638382422815,0.0582273064019792,78.49388349514564,0.0084811180999581,22.0,289.0,116.29,11927.4,1964.0,420.0,353.0,29.0,12.0,3.2856028678830347,Phase 1 Winner,True,False,0.781,0.556,1.063,49,517.0,16.75620725388601,31.27609284332689,0.9142198712603062,329.9946938775511,1.1501398625409778,1.051480717063559,False,True,False,Watch
120246363711040167,7272.389999999999,4006625,56448,183,66,110.5,13,0.0,tw_meta_standard_ios_tw-en_pros_trial_ongoing_scaling2,c1:s44_c2:image_c3:generic_c4:testimonial_c5:ongoing_c6:na_c7:threadspost_c8:mediumcontent-1080x1080_winner,image,testimonial,threadspost,na,2026-06-03,2026-07-20,40.0,Scaling,generic – na – threadspost,s44_c2,0.0456743518547405,0.0164727170623654,110.18772727272726,0.0140886656475212,13.0,106.0,42.71,4388.1,768.0,187.0,130.0,38.0,8.0,1.860821127830056,Mid-Tier,False,False,0.777,0.502,1.126,40,110.0,39.73983606557377,66.11263636363635,0.3854786318992708,181.80974999999998,0.6336666763229876,0.24426496346914328,False,False,False,Pause
120246363711050167,1466.57,1067783,4608,19,4,6.32,0,0.0,tw_meta_standard_ios_tw-en_pros_trial_ongoing_scaling2,c1:s30_c2:image_c3:generic_c4:valueprop_c5:ongoing_c6:na_c7:26campaigniteration_c8:confidience86p-1080x1080,image,valueprop,26campaigniteration,na,2026-06-03,2026-08-06,8.0,Scaling,generic – na – 26campaigniteration,s30_c2,0.0177938775949795,0.0037460794936798,366.6425,0.0043154835767192,0.0,16.0,6.09,631.5,142.0,31.0,27.0,4.0,0.0,0.8550773089794085,Pause,False,False,0.414,0.129,0.806,8,5.0,77.1878947368421,293.31399999999996,0.19846191803372148,183.32125,0.6389347501268524,0.1268042160085717,False,False,False,Pause
120246438347130167,400.28,66114,1407,6,1,2.53,0,0.0,tw_meta_standard_ios_tw-en_pros_purchase_ongoing_no-disc_testing,c1!ugc_c2!video_c3!ugc_c4!productdemo_c5!ongoing_c6!swm-sophia_c7!usertestimonials_c8!computexd2_og_post,,,,,2026-06-04,2026-06-06,3.0,Testing,ugc – swm-sophia – usertestimonials,ugc_c2,0.0907523368726744,0.015125389478779,400.28,0.0212814229966421,0.0,6.0,2.37,244.6,30.0,12.0,6.0,2.0,2.0,1.5352690074857571,Mid-Tier,False,False,0.532,0.0,1.431,3,4.0,66.71333333333332,100.07,0.22962212908651963,133.42666666666665,3.2914988662551057,0.7558009775553629,False,False,False,Pause
120246694232680167,2.36,926,20,0,0,0.0,0,0.0,tw_meta_standard_ios_tw-en_pros_trial_ongoing_winning3,c1:na_c2:image_c3:influencer_c4:valueprop_c5:ongoing_c6:tantooyu_c7:valueprop_c8:og-post-keep-speaking-winning,image,valueprop,valueprop,tantooyu,2026-06-08,2026-06-09,2.0,Winning,influencer – tantooyu – valueprop,na_c2,0.0,0.0,,0.0215982721382289,0.0,0.0,0.0,0.0,0.0,0.0,0.0,0.0,0.0,2.2793220160995347,Pause,False,False,0.0,0.0,0.0,2,0.0,,,,1.18,0.25,,False,False,False,No installs yet
120246694232840167,890.13,258187,5406,47,11,32.47,0,0.0,tw_meta_standard_ios_tw-en_pros_trial_ongoing_winning3,c1:ugc44_c2:video_c3:ugc_c4:testimonial_c5:ongoing_c6:camel_c7:outcome_c8:ba2026_monthlyprogress,video,testimonial,outcome,camel,2026-06-08,2026-06-11,4.0,Winning,ugc –  – outcome,ugc44_c2,0.1820385999295084,0.0426047787069062,80.92090909090909,0.0209383121535941,0.0,25.0,9.87,1019.9,110.0,34.0,30.0,2.0,0.0,3.2186054676688287,Phase 1 Winner,True,False,1.008,0.414,1.832,4,25.0,18.938936170212767,35.605199999999996,0.808855233513709,222.5325,4.0,3.235420934054836,True,True,False,Watch
120246694233280167,73.8,44061,224,0,0,0.0,0,0.0,tw_meta_standard_ios_tw-en_pros_trial_ongoing_winning3,c1:ugc6_c2:video_c3:ugc_c4:problemsolution_c5:ongoing_c6:qing_c7:englishintrovert_c8:winner,video,problemsolution,englishintrovert,qing,2026-06-07,2026-06-11,5.0,Winning,ugc – qing – englishintrovert,ugc6_c2,0.0,0.0,,0.0050838610108712,0.0,0.0,0.0,0.0,8.0,0.0,0.0,0.0,0.0,0.9244640528222776,Pause,False,False,0.0,0.0,0.0,5,0.0,,,,14.76,0.7672846993588632,,False,False,False,No installs yet
120246694233300167,58.0,17529,722,1,0,0.0,0,0.0,tw_meta_standard_ios_tw-en_pros_trial_ongoing_winning3,c1:na_c2:video_c3:influencer_c4:valueprop_c5:ongoing_c6:harryspeaks__c7:speak_company_c8:0601,video,valueprop,speak_company,harryspeaks_,2026-06-07,2026-06-10,4.0,Winning,influencer – harryspeaks,na_c2,0.0570483199269781,0.0,,0.0411888869872782,0.0,0.0,0.0,0.0,4.0,0.0,0.0,0.0,0.0,2.105438346238296,Pause,False,False,0.0,0.0,0.0,4,0.0,58.0,,0.26411823514583926,14.5,0.7537688442211055,0.19908409684359743,False,False,False,Pause
120246694233510167,84.17,27732,558,0,0,0.0,0,0.0,tw_meta_standard_ios_tw-en_pros_trial_ongoing_winning3,c1!na_c2!image_c3!influencer_c4!valueprop_c5!ongoing_c6!charliecareer_c7!valueprop_c8!foreign-company-scenarios-winning,,,,,2026-06-07,2026-06-10,4.0,Winning,influencer –  – valueprop,na_c2,0.0,0.0,,0.020121159671138,0.0,0.0,0.0,0.0,2.0,0.0,0.0,0.0,0.0,1.6101135253979806,Mid-Tier,False,False,0.0,0.0,0.0,4,0.0,,,,21.0425,1.0938745451394905,,False,False,False,No installs yet
120246694233530167,132.63,50829,262,7,2,5.8,0,0.0,tw_meta_standard_ios_tw-en_pros_trial_ongoing_winning3,c1_ugc_c2_video_c3_ugc_c4_problemsolution_c5_ongoing_c6_ai-gen_c7_painpoint_c8_thefixforenglishbrainfreeze-1direct -winning,,,,,2026-06-07,2026-06-14,8.0,Winning,c1_ugc_c2_video_c3_ugc_c4_problemsolution_c5_ongoing_c6_ai-gen_c7_painpoint_c8_t,Untagged,0.1377166578134529,0.0393476165181294,66.315,0.0051545377638749,0.0,1.0,0.39,40.6,18.0,2.0,2.0,0.0,0.0,4.448516174561974,Pause,False,False,0.0,0.0,1.398,8,5.0,18.947142857142858,26.526,0.8085048893101918,16.57875,0.8618307052503897,0.6967943389525909,False,False,False,Watch
120246694233580167,57.71,27987,676,0,0,0.0,0,0.0,tw_meta_standard_ios_tw-en_pros_trial_ongoing_winning3,c1:m19_c2:video_c3:motion_c4:testimonial_c5:ongoing_c6:na_c7:motiontestimonial_c8:jpwinning-textandwave,video,testimonial,motiontestimonial,na,2026-06-08,2026-06-10,3.0,Winning,motion – na – motiontestimonial,m19_c2,0.0,0.0,,0.0241540715332118,0.0,2.0,0.79,82.1,6.0,4.0,2.0,0.0,0.0,1.4268619292477278,Mid-Tier,False,False,1.455,0.0,4.711,3,0.0,,,,19.236666666666668,1.0,,True,False,False,No installs yet
120246694266000167,754.48,120414,1745,50,6,18.34,0,0.0,tw_meta_standard_ios_tw-en_pros_trial_ongoing_winning3,c1:na_c2:video_c3:influencer_c4:productdemo_c5:ongoing_c6:morning.jason_c7:influencer_c8:original-reels,video,productdemo,influencer,morning.jason,2026-06-07,2026-06-14,8.0,Winning,influencer – morning.jason – influencer,na_c2,0.4152341089906489,0.0498280930788778,125.74666666666668,0.0144916704037736,0.0,13.0,5.18,533.9,82.0,10.0,10.0,0.0,0.0,2.1546209121771858,Phase 1 Winner,True,False,0.621,0.133,1.275,8,30.0,15.0896,25.149333333333335,1.0151930891778893,94.31,4.0,4.060772356711557,False,True,True,Scalable winner
120246694266050167,350.04,66617,1476,7,2,6.4,0,0.0,tw_meta_standard_ios_tw-en_pros_trial_ongoing_winning3,c1!na_c2!video_c3!influencer_c4!productdemo_c5!ongoing_c6!techervincent_c7!valueprop_c8!og-video,,,,,2026-06-07,2026-06-14,8.0,Winning,influencer – techervincent – valueprop,na_c2,0.1050782833210742,0.030022366663164,175.02,0.022156506597415,0.0,4.0,1.6,164.8,12.0,8.0,6.0,2.0,0.0,1.8153255336618068,Mid-Tier,False,False,0.454,0.0,1.299,8,6.0,50.00571428571429,58.34,0.306342142238632,43.755,2.2745624675099636,0.696794338952591,False,False,False,Pause
120246912412500167,3322.46,623996,5670,146,23,40.06,6,2.0,tw_meta_standard_ios_tw-en_pros_trial_ongoing_winning,c1!ugc_c2!video_c3!ugc_c4!productdemo_c5!ongoing_c6!hua_c7!usertestimonials_c8!2026resolutionenglish5m_3invest_winning,,,,,2026-06-10,2026-06-15,6.0,Winning,ugc – hua – usertestimonials,ugc_c2,0.2339758588196078,0.0368592106359656,144.45478260869567,0.0090865967089532,8.0,31.0,12.22,1263.0,282.0,36.0,24.0,6.0,0.0,1.7700929829680168,Mid-Tier,False,False,0.501,0.258,0.819,6,89.0,22.756575342465755,37.33101123595506,0.6731618184161636,553.7433333333333,4.0,2.6926472736646545,False,False,False,Pause
120246913718270167,3268.76,741989,6004,111,28,48.47,4,0.0,tw_meta_standard_ios_tw-en_pros_trial_ongoing_winning,c1!video_c2!video_c3!generic_c4!valueprop_c5!ongoing_c6!na_c7!credibility _c8!andrew-founded-1920x1080_winning,,,,,2026-06-10,2026-09-07,8.0,Winning,generic – na,video_c2,0.1495979050902372,0.037736408491231,116.7414285714286,0.0080917641636196,4.0,50.0,19.6,2025.4,294.0,62.0,48.0,8.0,0.0,1.7690698053460887,Mid-Tier,False,False,0.651,0.351,1.052,8,53.0,29.44828828828829,61.67471698113208,0.5201951803952916,408.595,4.0,2.0807807215811662,False,False,False,Pause
120246913787420167,14650.28,4027013,69181,856,196,348.95,16,8.0,tw_meta_standard_ios_tw-en_pros_trial_ongoing_winning,c1!static_c2!image_c3!generic_c4!testimonial_c5!ongoing_c6!na_c7!testimonial_c8!threadspost-career-aitutor-1200x628_winning,,,,,2026-06-10,2026-09-15,96.0,Winning,generic – na – testimonial,static_c2,0.2125644987984891,0.0486713104725512,74.74632653061225,0.0171792343357222,24.0,252.0,95.99,9897.2,2262.0,479.0,303.0,110.0,26.0,2.4860403406465728,Phase 1 Winner,True,False,0.933,0.664,1.272,96,439.0,17.11481308411215,33.37193621867882,0.8950642676126754,152.60708333333335,3.096552298295396,2.7716133149981155,True,True,False,Watch
120246981244000167,8664.49,1360794,13074,557,146,241.17,11,3.0,tw_meta_standard_ios_tw-en_pros_trial_ongoing_winning,c1!ugc_c2!video_c3!ugc_c4!productdemo_c5!ongoing_c6!hua_c7!usertestimonials_c8!2026resolutionenglish5m_1full_winning,,,,,2026-06-11,2026-09-15,73.0,Winning,ugc – hua – usertestimonials,ugc_c2,0.4093198529681935,0.1072903025733505,59.345821917808216,0.0096076261359177,14.0,139.0,54.49,5566.8,1214.0,247.0,188.0,38.0,11.0,3.8891202160238367,Phase 1 Winner,True,False,0.789,0.518,1.13,73,293.0,15.555637342908438,29.57163822525597,0.9847785276019112,118.69164383561643,2.40837367754972,2.371714684092613,False,True,False,Watch
120246997845950167,51.150000000000006,35791,169,0,0,0.0,0,0.0,tw_meta_standard_ios_tw-en_pros_purchase_ongoing_no-disc_testing,c1!static_c2!image_c3!generic_c4!valueprop_c5!ongoing_c6!na_c7!outcome_c8!1yeartimeline-2026half-,,,,,2026-06-12,2026-06-24,11.0,Testing,generic – na – outcome,static_c2,0.0,0.0,,0.0047218574501969,0.0,0.0,0.0,0.0,2.0,0.0,0.0,0.0,0.0,0.5696311756380689,Pause,False,False,0.0,0.0,0.0,11,0.0,,,,4.65,0.25,,False,False,False,No installs yet
120246997845970167,55.85,42698,209,0,0,0.0,0,0.0,tw_meta_standard_ios_tw-en_pros_purchase_ongoing_no-disc_testing,c1!static_c2!image_c3!generic_c4!problemsolution_c5!ongoing_c6!na_c7!painpoint_c8!comic-realtutor-1200x628,,,,,2026-06-12,2026-06-24,12.0,Testing,generic – na – painpoint,static_c2,0.0,0.0,,0.0048948428497821,0.0,1.0,0.41,41.9,4.0,2.0,2.0,0.0,0.0,0.5716382701616,Pause,False,False,0.0,0.0,3.287,12,0.0,,,,4.654166666666667,0.25,,False,False,False,No installs yet
120246997847200167,55.11,27527,181,1,2,5.29,0,0.0,tw_meta_standard_ios_tw-en_pros_purchase_ongoing_no-disc_testing,c1!static_c2!image_c3!generic_c4!problemsolution_c5!ongoing_c6!na_c7!painpoint_c8!comic-engmeeting-1200x628,,,,,2026-06-12,2026-06-24,13.0,Testing,generic – na – painpoint,static_c2,0.0363279689032586,0.0726559378065172,27.555,0.0065753623714898,0.0,1.0,0.39,40.6,2.0,2.0,2.0,0.0,0.0,5.528056904221362,Pause,False,False,0.0,0.0,3.414,13,1.0,55.11,55.11,0.27796874684192846,4.239230769230769,0.25,0.06949218671048212,False,False,False,Pause
120246997861740167,1392.9,331292,1946,73,16,41.15,0,0.0,tw_meta_standard_ios_tw-en_pros_purchase_ongoing_no-disc_testing,c1!na_c2!video_c3!influencer_c4!productdemo_c5!ongoing_c6!havefunytchannel_c7!speakmethod_c8!vschatgpt-short,,,,,2026-06-12,2026-06-16,5.0,Testing,influencer – havefunytchannel – speakmethod,na_c2,0.2203494198471439,0.0482957632541685,87.05624999999999,0.0058739722057882,0.0,23.0,9.12,942.7,152.0,34.0,30.0,2.0,2.0,2.5269330392399127,Phase 1 Winner,True,False,0.588,0.239,1.076,5,45.0,19.08082191780822,30.953333333333337,0.8028405539575586,278.58000000000004,4.0,3.2113622158302344,False,True,False,Watch
120246997862210167,158.22,52310,552,0,0,0.0,0,0.0,tw_meta_standard_ios_tw-en_pros_purchase_ongoing_no-disc_testing,c1!na_c2!video_c3!influencer_c4!productdemo_c5!ongoing_c6!havefunytchannel_c7!speakmethod_c8!walkthrough-short,,,,,2026-06-12,2026-06-25,13.0,Testing,influencer – havefunytchannel – speakmethod,na_c2,0.0,0.0,,0.0105524756260753,0.0,0.0,0.0,0.0,2.0,0.0,0.0,0.0,0.0,0.7029713490773123,Pause,False,False,0.0,0.0,0.0,13,0.0,,,,12.170769230769231,0.3002403801678534,,False,False,False,No installs yet
120246997871260167,203.92,52685,430,4,0,0.0,0,0.0,tw_meta_standard_ios_tw-en_pros_purchase_ongoing_no-disc_testing,c1!na_c2!video_c3!influencer_c4!productdemo_c5!ongoing_c6!havefunytchannel_c7!speakmethod_c8!speaksystem-short,,,,,2026-06-12,2026-06-13,2.0,Testing,influencer – havefunytchannel – speakmethod,na_c2,0.075922938217709,0.0,,0.0081617158584037,0.0,2.0,0.79,81.5,18.0,4.0,4.0,0.0,0.0,0.5826043459475575,Pause,False,False,0.418,0.0,1.32,2,2.0,50.98,101.96,0.3004875958897348,101.96,2.515248509068931,0.7558009775553629,False,False,False,Pause
120247011565580167,31.9,12153,91,0,0,0.0,0,0.0,tw_meta_standard_ios_tw-en_pros_purchase_ongoing_no-disc_testing,c1!static_c2!image_c3!generic_c4!valueprop_c5!ongoing_c6!na_c7!valueprop_c8!appnotice-career-1200x628,,,,,2026-06-12,2026-06-24,11.0,Testing,generic – na – valueprop,static_c2,0.0,0.0,,0.0074878630790751,0.0,0.0,0.0,0.0,2.0,0.0,0.0,0.0,0.0,0.534024922736276,Pause,False,False,0.0,0.0,0.0,11,0.0,,,,2.9,0.25,,False,False,False,No installs yet
120247011565610167,26.14,20744,70,0,0,0.0,0,0.0,tw_meta_standard_ios_tw-en_pros_purchase_ongoing_no-disc_testing,c1!static_c2!image_c3!generic_c4!valueprop_c5!ongoing_c6!na_c7!valueprop_c8!appnotice-speakmore-1200x628,,,,,2026-06-12,2026-06-24,12.0,Testing,generic – na – valueprop,static_c2,0.0,0.0,,0.0033744697261858,0.0,0.0,0.0,0.0,0.0,0.0,0.0,0.0,0.0,0.4300438397237642,Pause,False,False,0.0,0.0,0.0,12,0.0,,,,2.1783333333333332,0.25,,False,False,False,No installs yet
120247011566490167,47.8,37834,150,2,0,0.0,0,0.0,tw_meta_standard_ios_tw-en_pros_purchase_ongoing_no-disc_testing,c1!static_c2!image_c3!generic_c4!valueprop_c5!ongoing_c6!na_c7!valueprop_c8!appnotice-norush-1080x1080,,,,,2026-06-12,2026-06-24,13.0,Testing,generic – na – valueprop,static_c2,0.0528625046254691,0.0,,0.0039646878469101,0.0,0.0,0.0,0.0,2.0,0.0,0.0,0.0,0.0,0.5624401062091386,Pause,False,False,0.0,0.0,0.0,13,1.0,23.9,47.8,0.6409563865463882,3.6769230769230767,0.25,0.16023909663659705,False,False,False,Pause
120247011569420167,157.86,120953,452,1,1,2.72,0,0.0,tw_meta_standard_ios_tw-en_pros_purchase_ongoing_no-disc_testing,c1!static_c2!image_c3!generic_c4!valueprop_c5!ongoing_c6!na_c7!valueprop_c8!appnotice-noanxiety-1200x628,,,,,2026-06-12,2026-06-27,15.0,Testing,generic – na – valueprop,static_c2,0.008267674220565,0.008267674220565,157.86,0.0037369887476953,0.0,2.0,0.81,83.4,18.0,4.0,4.0,0.0,0.0,1.5159792135375847,Mid-Tier,False,False,0.534,0.0,1.725,15,1.0,157.86,157.86,0.0970407806819883,10.524000000000001,0.2596162741216304,0.02519336591851209,False,False,False,Pause
120247011578560167,165.35,44354,502,4,1,3.04,0,1.0,tw_meta_standard_ios_tw-en_pros_purchase_ongoing_no-disc_testing,c1!ugc_c2!video_c3!ugc_c4!productdemo_c5!ongoing_c6!ai-gen_c7!outcome_c8!workplace-colleaguecompliment_2practice,,,,,2026-06-12,2026-06-24,13.0,Testing,ugc – ai-gen – outcome,ugc_c2,0.0901835234702619,0.0225458808675654,165.35,0.0113180321955178,1.0,1.0,0.41,42.1,14.0,3.0,3.0,0.0,0.0,1.164835925101747,Pause,False,False,0.0,0.0,1.132,13,5.0,41.3375,33.07,0.37058016663946,12.71923076923077,0.3137703631699821,0.11627707347005584,False,False,False,Pause
120247011579390167,151.79999999999998,45256,543,2,0,0.0,0,0.0,tw_meta_standard_ios_tw-en_pros_purchase_ongoing_no-disc_testing,c1!ugc_c2!video_c3!ugc_c4!productdemo_c5!ongoing_c6!ai-gen_c7!outcome_c8!workplace-colleaguecompliment_3display,,,,,2026-06-12,2026-06-24,13.0,Testing,ugc – ai-gen – outcome,ugc_c2,0.044193035177656,0.0,,0.0119984090507336,0.0,1.0,0.42,43.2,14.0,2.0,0.0,2.0,0.0,0.8409785388711829,Pause,False,False,0.0,0.0,1.297,13,2.0,75.89999999999999,75.89999999999999,0.20182948140261767,11.676923076923076,0.28805770262596475,0.058138536735027925,False,False,False,Pause
120247011580490167,717.0,158050,1241,37,13,32.36,0,0.0,tw_meta_standard_ios_tw-en_pros_purchase_ongoing_no-disc_testing,c1!ugc_c2!video_c3!ugc_c4!productdemo_c5!ongoing_c6!ai-gen_c7!outcome_c8!workplace-colleaguecompliment_1direct,,,,,2026-06-12,2026-06-24,13.0,Testing,ugc – ai-gen – outcome,ugc_c2,0.2341031319202784,0.0822524517557734,55.15384615384615,0.0078519455868396,0.0,16.0,6.46,667.6,94.0,33.0,27.0,4.0,0.0,3.30751854512372,Phase 1 Winner,True,False,0.847,0.263,1.663,13,31.0,19.37837837837838,23.129032258064516,0.7905128767405454,55.15384615384615,1.3605887535099916,1.0755629295980162,True,True,False,Pause
120247187088560167,216.33,54296,706,1,2,4.99,0,0.0,tw_meta_standard_ios_tw-en_pros_purchase_ongoing_no-disc_testing,c1!na_c2!video_c3!influencer_c4!productdemo_c5!ongoing_c6!chuchushoetw_c7!valueprop_c8!og-video,,,,,2026-06-15,2026-06-16,2.0,Testing,influencer –  – valueprop,na_c2,0.0184175629880654,0.0368351259761308,108.165,0.0130027994695741,0.0,2.0,0.8,82.3,16.0,4.0,4.0,0.0,0.0,1.9173159635204475,Mid-Tier,False,False,0.39,0.0,1.254,2,2.0,216.33,108.165,0.07081245152525621,108.165,2.6683194878721164,0.18895024438884073,False,False,False,Pause
120247189268040167,2576.62,678218,4175,59,10,25.77,0,0.0,tw_meta_standard_ios_tw-en_pros_purchase_ongoing_no-disc_testing,c1!na_c2!video_c3!influencer_c4!productdemo_c5!ongoing_c6!garytalk369_c7!valueprop_c8!og-reels,,,,,2026-06-15,2026-06-28,14.0,Testing,influencer – garytalk369 – valueprop,na_c2,0.0869926778705372,0.0147445216729724,257.662,0.0061558377984659,0.0,20.0,8.36,863.3,198.0,41.0,33.0,6.0,0.0,1.37096548404795,Pause,False,False,0.296,0.107,0.561,14,37.0,43.67152542372881,69.63837837837838,0.3507745032907693,184.0442857142857,4.0,1.4030980131630773,False,False,False,Pause
120247235137270167,243.91,48489,1206,4,0,0.0,0,0.0,tw_meta_standard_ios_tw-en_pros_purchase_ongoing_no-disc_testing,c1!na_c2!video_c3!influencer_c4!productdemo_c5!ongoing_c6!scps_jia_c7!product_c8!og-reels,,,,,2026-06-15,2026-06-16,2.0,Testing,influencer –  – product,na_c2,0.0824929365423085,0.0,,0.024871620367506,0.0,4.0,1.6,164.9,32.0,9.0,8.0,1.0,0.0,2.022129288695313,Pause,False,False,0.456,0.0,1.73,2,3.0,60.9775,81.30333333333333,0.25122147740492273,121.955,3.0085046285161,0.7558009775553628,False,False,False,Pause
120247235677870167,382.5,100399,1347,3,1,2.53,0,0.0,tw_meta_standard_ios_tw-en_pros_purchase_ongoing_no-disc_testing,c1!na_c2!video_c3!influencer_c4!productdemo_c5!ongoing_c6!techtips_c7!valueprop_c8!og-reels,,,,,2026-06-15,2026-06-30,13.0,Testing,influencer – techtips – valueprop,na_c2,0.0298807757049373,0.0099602585683124,382.5,0.0134164682915168,0.0,2.0,0.83,84.9,8.0,0.0,0.0,0.0,0.0,1.2330897259415403,Pause,False,False,0.223,0.0,0.726,13,3.0,127.5,127.5,0.12014790304673473,29.423076923076923,0.7258370965377571,0.08720780510254188,False,False,False,Pause
120247254596060167,31.54,8052,96,3,1,2.73,0,0.0,tw_meta_standard_ios_tw-en_pros_purchase_ongoing_no-disc_testing,c1_na_c2_video_c3_influencer_c4_valueprop_c5_promo_c6_petersunreview_c7_justspeak_c8_0616,,,,,2026-06-15,2026-06-21,6.0,Testing,c1_na_c2_video_c3_influencer_c4_valueprop_c5_promo_c6_petersunreview_c7_justspea,Untagged,0.3725782414307004,0.1241927471435668,31.54,0.0119225037257824,0.0,1.0,0.4,41.7,6.0,2.0,2.0,0.0,0.0,4.47812280220455,Pause,False,False,0.0,0.0,5.916,6,2.0,10.513333333333334,15.77,1.4570885515337995,5.256666666666667,0.25,0.36427213788344986,False,False,False,"Efficient, unproven scale"
120247256194240167,199.21,52537,560,13,4,10.75,0,0.0,tw_meta_standard_ios_tw-en_pros_purchase_ongoing_no-disc_testing,c1!ugc_c2!video_c3!whitelist_c4!testimonial_c5!ongoing_c6!swm-tsai_c7!testimonial_c8!2-weeks-testmonial,,,,,2026-06-15,2026-06-24,10.0,Testing,whitelist – swm-tsai – testimonial,ugc_c2,0.2474446580505168,0.0761368178616974,49.8025,0.0106591545006376,0.0,5.0,2.03,209.6,32.0,10.0,6.0,2.0,0.0,2.804666427014676,Phase 1 Winner,True,False,0.934,0.0,2.58,10,8.0,15.323846153846155,24.90125,0.99967446061926,19.921,0.4914306154292093,0.4912706354109858,True,True,False,Watch
120247333574270167,1315.68,224949,2251,86,21,36.77,2,0.0,tw_meta_standard_ios_tw-en_pros_trial_ongoing_winning,c1!na_c2!video_c3!influencer_c4!productdemo_c5!ongoing_c6!havefunytchannel_c7!speakmethod_c8!vschatgpt-short_winning,,,,,2026-06-16,2026-07-21,36.0,Winning,influencer – havefunytchannel – speakmethod,na_c2,0.3823088789014399,0.0933544936852353,62.651428571428575,0.0100067126326411,2.0,16.0,6.56,670.2,144.0,30.0,22.0,4.0,2.0,3.864927094187961,Phase 1 Winner,True,False,0.506,0.174,0.969,36,40.0,15.298604651162792,32.892,1.0013238453935958,36.54666666666667,0.7415688852037934,0.7425506077565044,False,True,False,"Efficient, unproven scale"
120247758597150167,4610.49,900074,10848,119,34,54.55,1,0.0,tw_meta_standard_ios_tw-en_pros_trial_ongoing_scaling2,c1!na_c2!video_c3!influencer_c4!productdemo_c5!ongoing_c6!techervincent_c7!valueprop_c8!og-video_scaling,,,,,2026-06-22,2026-06-29,8.0,Scaling,influencer – techervincent – valueprop,na_c2,0.1322113515110979,0.0377746718603137,135.60264705882352,0.0120523423629612,1.0,48.0,19.8,2044.8,272.0,72.0,49.0,12.0,0.0,1.7279627708990266,Mid-Tier,False,False,0.401,0.206,0.665,8,64.0,38.74361344537815,72.03890625,0.3953905244294169,576.31125,2.0086339391316823,0.7941948265800014,False,False,False,Pause
120247887628100167,5285.38,1209962,7022,217,54,87.24,0,0.0,tw_meta_standard_ios_tw-en_pros_trial_ongoing_scaling2,c1!ugc_c2!video_c3!ugc_c4!productdemo_c5!ongoing_c6!ai-gen_c7!outcome_c8!workplace-colleaguecompliment_1direct_scaling,,,,,2026-06-24,2026-06-28,5.0,Scaling,ugc – ai-gen – outcome,ugc_c2,0.1793444752810419,0.0446295007611809,97.8774074074074,0.0058034880434261,0.0,58.0,24.23,2503.8,464.0,113.0,86.0,12.0,0.0,2.755343150672988,Phase 1 Winner,True,False,0.375,0.193,0.62,5,131.0,24.356589861751154,40.34641221374046,0.6289409858033921,1057.076,3.684256952890582,2.317180199904004,False,True,False,Pause
120247887774070167,1745.1,552251,3328,56,13,22.52,0,0.0,tw_meta_standard_ios_tw-en_pros_trial_ongoing_scaling2,c1!ugc_c2!video_c3!whitelist_c4!testimonial_c5!ongoing_c6!swm-tsai_c7!testimonial_c8!2-weeks-testmonial_scaling,,,,,2026-06-24,2026-07-04,11.0,Scaling,whitelist – swm-tsai – testimonial,ugc_c2,0.1014031663138681,0.0235400207514336,134.23846153846154,0.006026245312367,0.0,28.0,11.57,1185.7,188.0,54.0,42.0,10.0,0.0,1.6740070127991398,Mid-Tier,False,False,0.617,0.259,1.104,11,33.0,31.162499999999998,52.881818181818176,0.4915798680612492,158.64545454545453,0.5529315006239642,0.2718099941236369,False,False,False,Pause
120247888457690167,299.54,85933,1632,4,0,0.0,0,0.0,tw_meta_standard_ios_tw-en_pros_trial_ongoing_winning,c1!na_c2!video_c3!influencer_c4!productdemo_c5!ongoing_c6!chuchushoetw_c7!valueprop_c8!og-video_retest_winning,,,,,2026-06-24,2026-07-16,23.0,Winning,influencer –  – valueprop,na_c2,0.0465478919623427,0.0,,0.0189915399206358,0.0,1.0,0.42,43.5,20.0,2.0,2.0,0.0,0.0,1.155844024331107,Pause,False,False,0.0,0.0,0.619,23,1.0,74.885,299.54,0.20456510166867434,13.023478260869567,0.264259565543293,0.05405828489228344,False,False,False,Pause
120247888972120167,465.06,531956,1639,8,6,10.52,2,0.0,tw_meta_standard_ios_tw-en_pros_trial_ongoing_scaling2,c1!static_c2!image_c3!generic_c4!problemsolution_c5!ongoing_c6!na_c7!painpoint_c8!comic-engmeeting_scaling,,,,,2026-06-24,2026-07-22,28.0,Scaling,generic – na – painpoint,static_c2,0.0150388377986149,0.0112791283489611,77.51,0.0030810818939912,2.0,10.0,4.1,416.8,72.0,20.0,18.0,2.0,0.0,3.463086574873296,Pause,False,False,0.887,0.2,1.896,28,7.0,58.1325,66.43714285714286,0.2635162368461476,16.609285714285715,0.25,0.0658790592115369,True,False,False,Pause
120247889143360167,2324.15,318624,3722,115,27,44.99,0,0.0,tw_meta_standard_ios_tw-en_pros_trial_ongoing_winning,c1!ugc_c2!video_c3!ugc_c4!productdemo_c5!ongoing_c6!ai-gen_c7!outcome_c8!workplace-colleaguecompliment_2practice_winning,,,,,2026-06-24,2026-08-04,42.0,Winning,ugc – ai-gen – outcome,ugc_c2,0.3609269860399718,0.0847393793311238,86.07962962962964,0.0116814803655719,0.0,30.0,11.87,1209.8,227.0,59.0,53.0,6.0,0.0,3.244552549956411,Phase 1 Winner,True,False,0.466,0.205,0.835,42,51.0,20.21,45.57156862745098,0.7579840494041898,55.33690476190476,1.1228418490034895,0.8510962115481528,False,True,False,Pause
120247889446440167,9024.99,4206360,61435,412,118,199.12,9,2.0,tw_meta_standard_ios_tw-en_pros_trial_ongoing_scaling2,c1!static_c2!image_c3!generic_c4!testimonial_c5!ongoing_c6!na_c7!testimonial_c8!threadspost-career-aitutor-1200x628_scaling,,,,,2026-06-24,2026-09-06,56.0,Scaling,generic – na – testimonial,static_c2,0.0979469184758318,0.0280527582042431,76.48296610169491,0.0146052644091328,11.0,161.0,63.47,6497.4,1250.0,317.0,230.0,50.0,17.0,3.67361973516688,Phase 1 Winner,True,False,0.767,0.502,1.109,56,237.0,21.90531553398058,38.08012658227848,0.6993214781451255,161.16053571428571,0.561697384328968,0.3928070450791845,False,True,False,Pause
120248324906930167,2788.57,734334,5335,57,12,20.35,0,0.0,tw_meta_standard_ios_tw-en_pros_trial_ongoing_scaling2,c1!ugc_c2!video_c3!ugc_c4!productdemo_c5!ongoing_c6!ai-gen_c7!outcome_c8!workplace-colleaguecompliment_2practice_winning_scaling,,,,,2026-06-29,2026-07-01,3.0,Scaling,ugc – ai-gen – outcome,ugc_c2,0.0776213548603224,0.016341337865331,232.38083333333336,0.007265086459295,0.0,22.0,9.17,945.3,150.0,31.0,23.0,6.0,0.0,1.458080433928939,Mid-Tier,False,False,0.307,0.12,0.568,3,29.0,48.92228070175439,96.15758620689655,0.31312640005169123,929.5233333333334,3.2396940273995094,1.0144337280685736,False,False,False,Pause
120248334930940167,41.24,46550,175,0,0,0.0,0,0.0,tw_meta_standard_ios_tw-en_pros_purchase_ongoing_no-disc_testing,c1!static_c2!image_c3!generic_c4!problemsolution_c5!ongoing_c6!na_c7!painpoint_c8!comic-realtutor-1080x1080,,,,,2026-06-29,2026-07-11,10.0,Testing,generic – na – painpoint,static_c2,0.0,0.0,,0.0037593984962406,0.0,0.0,0.0,0.0,6.0,0.0,0.0,0.0,0.0,0.6353295122015044,Pause,False,False,0.0,0.0,0.0,10,0.0,,,,4.1240000000000006,0.25,,False,False,False,No installs yet
120248334931480167,23.56,23555,85,0,0,0.0,0,0.0,tw_meta_standard_ios_tw-en_pros_purchase_ongoing_no-disc_testing,c1!static_c2!image_c3!generic_c4!problemsolution_c5!ongoing_c6!na_c7!painpoint_c8!comic-blankmind-1080x1080,,,,,2026-06-29,2026-07-16,16.0,Testing,generic – na – painpoint,static_c2,0.0,0.0,,0.0036085756739545,0.0,1.0,0.42,42.2,4.0,3.0,3.0,0.0,0.0,0.5706079273702692,Pause,False,False,0.0,0.0,7.82,16,0.0,,,,1.4725,0.25,,False,False,False,No installs yet
120248334932420167,34.68,34284,138,0,0,0.0,0,0.0,tw_meta_standard_ios_tw-en_pros_purchase_ongoing_no-disc_testing,c1!static_c2!image_c3!generic_c4!problemsolution_c5!ongoing_c6!na_c7!painpoint_c8!comic-engmeeting-299-1080x1080,,,,,2026-06-29,2026-07-06,8.0,Testing,generic – na – painpoint,static_c2,0.0,0.0,,0.004025201260063,0.0,0.0,0.0,0.0,8.0,0.0,0.0,0.0,0.0,0.6176947864345795,Pause,False,False,0.0,0.0,0.0,8,0.0,,,,4.335,0.25,,False,False,False,No installs yet
120248334933310167,30.35,46130,133,0,0,0.0,0,0.0,tw_meta_standard_ios_tw-en_pros_purchase_ongoing_no-disc_testing,c1!static_c2!image_c3!generic_c4!problemsolution_c5!ongoing_c6!na_c7!painpoint_c8!comic-realtutor-299-1080x1080,,,,,2026-06-29,2026-07-06,8.0,Testing,generic – na – painpoint,static_c2,0.0,0.0,,0.0028831562974203,0.0,1.0,0.41,41.6,8.0,2.0,2.0,0.0,0.0,0.7073272774363948,Pause,False,False,0.0,0.0,6.055,8,0.0,,,,3.79375,0.25,,False,False,False,No installs yet
120248334960360167,187.43,76008,441,3,2,4.779999999999999,0,0.0,tw_meta_standard_ios_tw-en_pros_purchase_ongoing_no-disc_testing,c1!ugc_c2!video_c3!ugc_c4!testimonial_c5!ongoing_c6!swm-claire_c7!usertestimonials_c8!afterworklearnformyself,,,,,2026-06-29,2026-06-30,2.0,Testing,ugc – swm-claire – usertestimonials,ugc_c2,0.039469529523208,0.0263130196821387,93.715,0.0058020208399115,0.0,2.0,0.83,86.1,18.0,4.0,4.0,0.0,0.0,1.6193359698474477,Mid-Tier,False,False,0.45,0.0,1.45,2,2.0,62.47666666666667,93.715,0.24519326103279107,93.715,2.3118528249057957,0.5668507331665222,False,False,False,Pause
120248334979440167,1437.92,355933,2552,82,21,41.59,0,0.0,tw_meta_standard_ios_tw-en_pros_purchase_ongoing_no-disc_testing,c1!na_c2!video_c3!influencer_c4!problemsolution_c5!ongoing_c6!drama_engbook_c7!testimonial_c8!input_output_short,,,,,2026-06-29,2026-07-06,8.0,Testing,influencer –  – testimonial,na_c2,0.2303804367675939,0.0589998679526764,68.47238095238096,0.0071698887150109,0.0,43.0,17.81,1806.2,224.0,59.0,49.0,4.0,2.0,3.312787653344816,Phase 1 Winner,True,False,1.021,0.507,1.718,8,41.0,17.53560975609756,35.07121951219512,0.8735856837331781,179.74,4.0,3.4943427349327125,True,True,False,Watch
120248334982400167,1313.8200000000002,339827,6691,92,23,53.23,0,0.0,tw_meta_standard_ios_tw-en_pros_purchase_ongoing_no-disc_testing,c1!ugc_c2!video_c3!ugc_c4!valueprop_c5!ongoing_c6!swm-jenny_c7!scenario_c8!salarynegotiation,,,,,2026-06-29,2026-06-30,2.0,Testing,ugc – swm-jenny – scenario,ugc_c2,0.2707259870463501,0.0676814967615875,57.12260869565218,0.0196894302100774,0.0,37.0,15.38,1583.6,218.0,63.0,50.0,5.0,2.0,2.493313504629591,Phase 1 Winner,True,False,0.986,0.458,1.717,2,59.0,14.280652173913046,22.268135593220343,1.072700143656055,656.9100000000001,4.0,4.29080057462422,True,True,True,Scalable winner
120248335034210167,132.29,50662,484,1,0,0.0,0,0.0,tw_meta_standard_ios_tw-en_pros_purchase_ongoing_no-disc_testing,c1!na_c2!video_c3!influencer_c4!problemsolution_c5!ongoing_c6!drama_engbook_c7!testimonial_c8!why_using_speak_0625,,,,,2026-06-29,2026-07-09,11.0,Testing,influencer –  – testimonial,na_c2,0.0197386601397497,0.0,,0.0095535115076388,0.0,1.0,0.42,43.4,14.0,2.0,0.0,2.0,0.0,0.6750104892424859,Pause,False,False,0.0,0.0,1.481,11,0.0,132.29,,0.1157975481023409,12.026363636363635,0.29667804242727,0.03435458988888013,False,False,False,Pause
120248341533720167,149.98000000000002,99030,399,0,0,0.0,0,0.0,tw_meta_standard_ios_tw-en_pros_purchase_ongoing_no-disc_testing,c1!static_c2!image_c3!generic_c4!valueprop_c5!ongoing_c6!na_c7!outcome_c8!1yeartimeline-career-mnc-10mins-1080x1350,,,,,2026-06-30,2026-07-17,15.0,Testing,generic – na – outcome,static_c2,0.0,0.0,,0.0040290820963344,0.0,2.0,0.82,82.7,10.0,4.0,4.0,0.0,0.0,0.4282909086755498,Pause,False,False,0.563,0.0,1.813,15,0.0,,,,9.998666666666669,0.25,,False,False,False,No installs yet
120248341545680167,56.99,58156,200,0,0,0.0,0,0.0,tw_meta_standard_ios_tw-en_pros_purchase_ongoing_no-disc_testing,c1!static_c2!image_c3!generic_c4!valueprop_c5!ongoing_c6!na_c7!valueprop_c8!appnotice-career-1200x628,,,,,2026-06-30,2026-07-18,16.0,Testing,generic – na – valueprop,static_c2,0.0,0.0,,0.0034390260678175,0.0,0.0,0.0,0.0,4.0,0.0,0.0,0.0,0.0,0.4564233251202318,Pause,False,False,0.0,0.0,0.0,16,0.0,,,,3.561875,0.25,,False,False,False,No installs yet
120248341547190167,110.88,75822,384,3,0,0.0,0,0.0,tw_meta_standard_ios_tw-en_pros_purchase_ongoing_no-disc_testing,c1!static_c2!image_c3!generic_c4!valueprop_c5!ongoing_c6!na_c7!outcome_c8!3750sentences-1200x628,,,,,2026-06-30,2026-07-18,17.0,Testing,generic – na – outcome,static_c2,0.0395663527736013,0.0,,0.0050644931550209,0.0,2.0,0.81,82.2,18.0,4.0,4.0,0.0,0.0,0.4455813291047198,Pause,False,False,0.769,0.0,2.429,17,2.0,36.96,55.44,0.414471256451804,6.522352941176471,0.25,0.103617814112951,False,False,False,Pause
120248341548470167,36.26,23037,137,0,0,0.0,0,0.0,tw_meta_standard_ios_tw-en_pros_purchase_ongoing_no-disc_testing,c1!static_c2!image_c3!generic_c4!valueprop_c5!ongoing_c6!na_c7!valueprop_c8!compareboba-1200x628,,,,,2026-07-01,2026-07-11,8.0,Testing,generic – na – valueprop,static_c2,0.0,0.0,,0.0059469548986413,0.0,0.0,0.0,0.0,4.0,0.0,0.0,0.0,0.0,0.5593388728791175,Pause,False,False,0.0,0.0,0.0,8,0.0,,,,4.5325,0.25,,False,False,False,No installs yet
120248341561120167,487.97,194727,1081,23,7,14.4,0,0.0,tw_meta_standard_ios_tw-en_pros_purchase_ongoing_no-disc_testing,c1!motion_c2!video_c3!generic_c4!valueprop_c5!ongoing_c6!na_c7!outcome_c8!3750sentences-1080x1920,,,,,2026-06-30,2026-07-19,20.0,Testing,generic – na – outcome,motion_c2,0.1181140776574383,0.0359477627653073,69.71000000000001,0.0055513616498996,0.0,11.0,4.44,449.5,68.0,22.0,15.0,3.0,4.0,2.572253993793717,Phase 1 Winner,True,False,0.826,0.189,1.771,20,11.0,21.21608695652174,44.3609090909091,0.7220397272056674,24.398500000000002,0.6018859430023374,0.43458556209433363,True,True,False,Pause
120248341577480167,942.27,277290,2309,36,18,34.37,0,0.0,tw_meta_standard_ios_tw-en_pros_purchase_ongoing_no-disc_testing,c1!video_c2!video_c3!generic_c4!valueprop_c5!ongoing_c6!na_c7!credibility_c8!connor-keyskillsintheaiera-2cut,,,,,2026-06-30,2026-07-06,7.0,Testing,generic – na,video_c2,0.1298279779292437,0.0649139889646218,52.34833333333333,0.0083270222510728,0.0,17.0,6.99,707.4,84.0,30.0,10.0,14.0,4.0,2.7951245000307545,Phase 2 Winner,True,True,0.778,0.259,1.536,7,24.0,26.174166666666665,39.26125,0.5852662983906018,134.60999999999999,3.320690484560306,1.9434882279995043,False,True,False,Pause
120248489704700167,3975.57,855525,15023,208,61,99.14,4,2.0,tw_meta_standard_ios_tw-en_pros_trial_ongoing_winning,c1!ugc_c2!video_c3!ugc_c4!valueprop_c5!ongoing_c6!swm-jenny_c7!scenario_c8!salarynegotiation_winning,,,,,2026-06-30,2026-07-07,8.0,Winning,ugc – swm-jenny – scenario,ugc_c2,0.2431255661728178,0.071301247771836,65.17327868852459,0.0175599777914146,6.0,98.0,40.53,4103.6,452.0,112.0,80.0,15.0,11.0,2.793937479850682,Phase 1 Winner,True,False,0.982,0.596,1.491,8,109.0,19.11331730769231,36.47311926605505,0.8014756094847795,496.94625,4.0,3.205902437939118,True,True,False,Watch
120248526868210167,3158.94,713599,12770,169,49,78.51,3,1.0,tw_meta_standard_ios_tw-en_pros_trial_ongoing_winning,c1!ugc_c2!video_c3!ugc_c4!valueprop_c5!ongoing_c6!swm-jenny_c7!scenario_c8!salarynegotiation_winning_ccp-control,,,,,2026-07-01,2026-07-04,4.0,Winning,ugc – swm-jenny – scenario,ugc_c2,0.2368276861374525,0.0686660155073087,64.46816326530612,0.0178952044495578,4.0,97.0,39.68,4017.5,354.0,97.0,71.0,18.0,8.0,2.7350738188864248,Phase 1 Winner,True,False,1.168,0.684,1.791,4,87.0,18.691952662721892,36.30965517241379,0.8195429292419345,789.735,4.0,3.278171716967738,True,True,False,Watch
120248530261670167,668.82,132304,2750,67,14,28.69,0,0.0,tw_meta_standard_ios_tw-en_pros_purchase_ongoing_no-disc_testing,c1!na_c2!video_c3!influencer_c4!productdemo_c5!ongoing_c6!brianptseng_c7!product_c8!og-video,,,,,2026-07-01,2026-07-03,3.0,Testing,influencer – brianptseng – product,na_c2,0.5064094811948241,0.1058169065183214,47.77285714285715,0.0207854637803845,0.0,18.0,7.36,745.4,124.0,34.0,24.0,6.0,4.0,3.220084186590388,Phase 2 Winner,True,True,0.992,0.344,1.956,3,36.0,9.982388059701494,18.578333333333333,1.5345884719008573,222.94000000000003,4.0,6.138353887603429,True,True,True,Scalable winner
120248612012470167,7804.69,1110140,19560,522,121,212.58,0,0.0,tw_meta_standard_ios_tw-en_pros_trial_ongoing_scaling2,c1!na_c2!video_c3!influencer_c4!productdemo_c5!ongoing_c6!brianptseng_c7!product_c8!og-video_scaling,,,,,2026-07-03,2026-08-02,31.0,Scaling,influencer – brianptseng – product,na_c2,0.4702109643828706,0.1089952618588646,64.50157024793388,0.0176193993550363,0.0,114.0,45.71,4629.1,866.0,186.0,146.0,20.0,12.0,3.047126534384584,Phase 1 Winner,True,False,0.425,0.243,0.67,31,290.0,14.951513409961684,26.912724137931033,1.0245690331423067,251.76419354838708,0.8774808817620827,0.8990397386278359,False,True,False,"Efficient, unproven scale"
120248612089090167,9847.74,2633171,37870,411,110,185.62,5,0.0,tw_meta_standard_ios_tw-en_pros_trial_ongoing_scaling2,c1!ugc_c2!video_c3!ugc_c4!valueprop_c5!ongoing_c6!swm-jenny_c7!scenario_c8!salarynegotiation_scaling,,,,,2026-07-03,2026-08-09,22.0,Scaling,ugc – swm-jenny – scenario,ugc_c2,0.156085571351044,0.0417747271255835,89.52490909090909,0.0143818992385986,5.0,167.0,65.44,6663.4,1098.0,266.0,181.0,49.0,26.0,2.6653832007751395,Phase 1 Winner,True,False,0.576,0.362,0.865,22,258.0,23.96043795620438,38.16953488372093,0.6393396342111507,447.62454545454545,1.5601185192695657,0.9974456034358462,False,True,False,Pause
120248612147470167,162.16,45972,604,4,3,6.069999999999999,0,0.0,tw_meta_standard_ios_tw-en_pros_purchase_ongoing_no-disc_testing,c1!na_c2!video_c3!influencer_c4!productdemo_c5!ongoing_c6!bigeartv_c7!product_c8!og-reel,,,,,2026-07-03,2026-07-05,3.0,Testing,influencer – bigeartv – product,na_c2,0.0870094840337596,0.0652571130253197,54.053333333333335,0.0131384320890977,0.0,0.0,0.0,0.0,2.0,0.0,0.0,0.0,0.0,2.4897183376340264,Pause,False,False,0.0,0.0,0.0,3,2.0,40.54,81.08,0.37787019335122535,54.053333333333335,1.333440232217268,0.5038673183702419,False,False,False,Pause
120248612260260167,157.56,52091,662,9,3,5.550000000000001,0,0.0,tw_meta_standard_ios_tw-en_pros_purchase_ongoing_no-disc_testing,c1!na_c2!video_c3!influencer_c4!productdemo_c5!ongoing_c6!bigeartv_c7!product_c8!og-video,,,,,2026-07-03,2026-07-07,5.0,Testing,influencer – bigeartv – product,na_c2,0.1727745675836516,0.0575915225278838,52.52,0.0127085293044863,0.0,3.0,1.24,125.7,16.0,6.0,6.0,0.0,0.0,3.558885528710072,Pause,False,False,0.602,0.0,2.158,5,5.0,17.506666666666668,31.512,0.8750299488837782,31.512,0.7773686839719515,0.6802208797998266,False,False,False,Watch
120248686842540167,1851.85,502152,4254,62,13,22.05,3,1.0,tw_meta_standard_ios_tw-en_pros_trial_ongoing_winning,c1!video_c2!video_c3!generic_c4!valueprop_c5!ongoing_c6!na_c7!credibility_c8!connor-keyskillsintheaiera-2cut_winning,,,,,2026-07-06,2026-07-19,14.0,Winning,generic – na,video_c2,0.123468591183546,0.0258885755707435,142.45,0.0084715384983033,4.0,25.0,10.05,1017.5,164.0,32.0,24.0,6.0,2.0,1.3229456855869557,Pause,False,False,0.611,0.273,1.074,14,31.0,29.868548387096773,59.737096774193546,0.5128758666114632,132.275,2.6839937328620516,1.3765556117213609,False,False,False,Pause
120248715194060167,817.61,264704,2277,19,5,8.99,0,0.0,tw_meta_standard_ios_tw-en_pros_trial_ongoing_scaling2,c1!video_c2!video_c3!generic_c4!valueprop_c5!ongoing_c6!na_c7!credibility_c8!connor-keyskillsintheaiera-2cut_scaling,,,,,2026-07-06,2026-07-08,3.0,Scaling,generic – na,video_c2,0.0717782882011605,0.0188890232108317,163.522,0.0086020611702127,0.0,7.0,2.87,290.3,44.0,12.0,10.0,2.0,0.0,1.3257215766926882,Pause,False,False,0.329,0.0,0.802,3,8.0,43.032105263157895,102.20125,0.3559867114280829,272.5366666666667,0.9498797712598618,0.3381445760228578,False,False,False,Pause
120248715237150167,7091.79,1705941,10630,284,93,166.42000000000002,4,2.0,tw_meta_standard_ios_tw-en_pros_trial_ongoing_scaling2,c1!na_c2!video_c3!influencer_c4!problemsolution_c5!ongoing_c6!drama_engbook_c7!testimonial_c8!input_output_short_scaling,,,,,2026-07-06,2026-08-06,32.0,Scaling,influencer –  – testimonial,na_c2,0.1664770352550293,0.0545153671785835,76.2558064516129,0.0062311650871864,6.0,120.0,48.18,4883.2,765.0,207.0,151.0,14.0,40.0,2.9693023783161605,Phase 1 Winner,True,False,0.589,0.363,0.893,32,174.0,24.971091549295775,40.757413793103446,0.6134636769168664,221.6184375,0.7724130235178188,0.4738473335057152,False,True,False,Pause
120248718076390167,348.7,63913,913,14,0,0.0,0,0.0,tw_meta_standard_ios_tw-en_pros_trial_ongoing_winning,c1!na_c2!video_c3!influencer_c4!productdemo_c5!ongoing_c6!bigeartv_c7!product_c8!og-video_winning,,,,,2026-07-06,2026-08-02,28.0,Winning,influencer – bigeartv – product,na_c2,0.2190477680597061,0.0,,0.0142850437313222,0.0,0.0,0.0,0.0,26.0,0.0,0.0,0.0,0.0,0.8709322522541133,Pause,False,False,0.0,0.0,0.0,28,4.0,24.907142857142855,87.175,0.6150387351259579,12.453571428571427,0.2526955786508079,0.15541756906531487,False,False,False,Pause
120248718399620167,1093.54,261339,9030,132,21,41.21,0,0.0,tw_meta_standard_ios_tw-en_pros_purchase_ongoing_no-disc_testing,c1!na_c2!video_c3!influencer_c4!productdemo_c5!ongoing_c6!eaglish.fam_c7!product_c8!og-video,,,,,2026-07-06,2026-07-09,4.0,Testing,influencer – eaglish.fam – product,na_c2,0.5050910885860893,0.0803554004568778,52.07333333333333,0.0345528221964574,0.0,30.0,12.3,1245.1,268.0,48.0,40.0,0.0,6.0,3.4819705911611805,Phase 2 Winner,True,True,0.902,0.403,1.578,4,58.0,8.284393939393938,18.854137931034483,1.8491223076216194,273.385,4.0,7.396489230486478,True,True,True,Scalable winner
120248719356730167,697.65,199468,3270,84,20,38.92,0,0.0,tw_meta_standard_ios_tw-en_pros_purchase_ongoing_no-disc_testing,c1!na_c2!video_c3!influencer_c4!productdemo_c5!ongoing_c6!harryspeaks__c7!product_c8!og-video,,,,,2026-07-07,2026-07-09,3.0,Testing,influencer – harryspeaks – product,na_c2,0.4211201796779433,0.1002667094471293,34.8825,0.0163936069946056,0.0,34.0,14.01,1418.2,162.0,39.0,27.0,6.0,2.0,2.757058581370131,Phase 2 Winner,True,True,1.801,0.82,3.137,3,48.0,8.305357142857142,14.534374999999999,1.844455015595971,232.54999999999998,4.0,7.377820062383884,True,True,True,Scalable winner
120248719873780167,163.88,118078,1009,0,0,0.0,0,0.0,tw_meta_standard_ios_tw-en_pros_purchase_ongoing_no-disc_testing,c1!static_c2!image_c3!generic_c4!testimonial_c5!ongoing_c6!na_c7!testimonial_c8!instagramstory-native-,,,,,2026-07-06,2026-07-14,9.0,Testing,generic – na – testimonial,static_c2,0.0,0.0,,0.0085451989362963,0.0,1.0,0.41,41.7,18.0,2.0,2.0,0.0,0.0,0.5694944975947418,Pause,False,False,0.0,0.0,1.13,9,0.0,,,,18.20888888888889,0.44919459228697145,,False,False,False,No installs yet
120248719893710167,397.06,125077,822,5,2,3.94,0,0.0,tw_meta_standard_ios_tw-en_pros_purchase_ongoing_no-disc_testing,c1!na_c2!video_c3!generic_c4!senario_c5!ongoing_c6!na_c7!us-winning_c8!start-tomorrow,,,,,2026-07-06,2026-07-12,7.0,Testing,generic – na – us-winning,na_c2,0.0399753751688959,0.0159901500675583,198.53,0.0065719516777664,0.0,5.0,2.04,206.7,36.0,10.0,6.0,0.0,2.0,1.0308706062830204,Pause,False,False,0.446,0.0,1.176,7,4.0,79.412,99.265,0.19290356165892658,56.722857142857144,1.3992946435729836,0.26992892055548673,False,False,False,Pause
120248719912650167,1040.91,374169,3494,29,10,18.87,0,0.0,tw_meta_standard_ios_tw-en_pros_purchase_ongoing_no-disc_testing,c1!ugc_c2!video_c3!ugc_c4!testimonial_c5!ongoing_c6!mip-asianleadership_c7!usertestimonials_c8!fromsilenttospeakingup,,,,,2026-07-07,2026-07-12,6.0,Testing,ugc – mip-asianleadership – usertestimonials,ugc_c2,0.0775050846008087,0.0267258912416581,104.091,0.0093380263998353,0.0,13.0,5.24,530.5,116.0,26.0,22.0,2.0,2.0,1.643500037998067,Mid-Tier,False,False,0.452,0.106,0.932,6,17.0,35.89344827586207,61.230000000000004,0.42678701474219827,173.485,4.0,1.707148058968793,False,False,False,Pause
120248720012760167,317.38,204017,1770,12,1,1.97,0,0.0,tw_meta_standard_ios_tw-en_pros_purchase_ongoing_no-disc_testing,c1!static_c2!image_c3!generic_c4!testimonial_c5!ongoing_c6!na_c7!testimonial_c8!instagramstory-introvert-,,,,,2026-07-07,2026-07-13,7.0,Testing,generic – na – testimonial,static_c2,0.058818627859443,0.0049015523216202,317.38,0.0086757476092678,0.0,8.0,3.27,331.3,52.0,17.0,12.0,2.0,0.0,0.8920039580915998,Pause,False,False,0.92,0.0,2.209,7,5.0,26.448333333333334,63.476,0.5791993561708492,45.339999999999996,1.11849124559813,0.647829409333168,True,False,False,Pause
120248720435220167,268.15,108054,1334,1,1,1.98,0,0.0,tw_meta_standard_ios_tw-en_pros_purchase_ongoing_no-disc_testing,c1!na_c2!image_c3!ugc_c4!senario_c5!ongoing_c6!miso.speaks_c7!interview_c8!interview-tips-carousel,,,,,2026-07-06,2026-07-11,6.0,Testing,ugc – miso.speaks – interview,na_c2,0.0092546319432876,0.0092546319432876,268.15,0.0123456790123456,0.0,4.0,1.6,162.5,26.0,8.0,6.0,0.0,2.0,0.8181028150219599,Pause,False,False,0.431,0.0,1.475,6,0.0,268.15,,0.05712794196702845,44.69166666666666,1.102497527963309,0.06298341479628024,False,False,False,Pause
120248789397960167,43484.13,7571144,133476,2799,659,1020.98,0,0.0,tw_meta_standard_ios_tw-en_pros_trial_ongoing_scaling2,c1!na_c2!video_c3!influencer_c4!productdemo_c5!ongoing_c6!harryspeaks__c7!product_c8!og-video_scaling,,,,,2026-07-08,2026-09-15,47.0,Scaling,influencer – harryspeaks – product,na_c2,0.3696931401648152,0.0870410072771036,65.98502276176023,0.0176295682660374,0.0,735.0,278.87,28508.6,5154.0,1156.0,869.0,173.0,54.0,2.5446162254050297,Phase 1 Winner,True,False,0.213,0.133,0.316,47,1605.0,15.535594855305465,27.092915887850467,0.9860489914377002,925.1942553191489,3.2246057690591767,3.1796192663649907,False,True,False,Watch
120248790253970167,10853.99,2110493,42334,956,192,314.53,0,0.0,tw_meta_standard_ios_tw-en_pros_trial_ongoing_winning,c1!na_c2!video_c3!influencer_c4!productdemo_c5!ongoing_c6!eaglish.fam_c7!product_c8!og-video_c9!app-cpr,,,,,2026-07-08,2026-09-15,37.0,Winning,influencer – eaglish.fam – product,na_c2,0.4529747314963849,0.0909740046519936,56.53119791666666,0.0200588203798828,0.0,225.0,85.95,8782.8,1958.0,339.0,285.0,36.0,8.0,2.962635377207312,Phase 1 Winner,True,False,0.49,0.297,0.748,37,462.0,11.353546025104603,23.493484848484847,1.3492575451392987,293.3510810810811,4.0,5.397030180557195,False,True,True,Scalable winner
120248822296120167,5251.9800000000005,1005778,20895,409,93,159.63,0,0.0,tw_meta_standard_ios_tw-en_pros_trial_ongoing_scaling2,c1!na_c2!video_c3!influencer_c4!productdemo_c5!ongoing_c6!eaglish.fam_c7!product_c8!og-video_scaling,,,,,2026-07-09,2026-08-05,28.0,Scaling,influencer – eaglish.fam – product,na_c2,0.4066503741382293,0.0924657329947563,56.472903225806455,0.0207749622680154,0.0,91.0,35.68,3614.7,787.0,168.0,138.0,12.0,12.0,2.9802514846739254,Phase 1 Winner,True,False,0.518,0.29,0.821,28,249.0,12.841026894865527,21.092289156626506,1.1929620398648888,187.5707142857143,0.6537455284821486,0.7798935992106137,False,True,False,"Efficient, unproven scale"
120248898262300167,3.57,2310,12,0,0,0.0,0,0.0,tw_meta_standard_ios_tw-en_pros_purchase_ongoing_no-disc_testing,c1!static_c2!image_c3!generic_c4!valueprop_c5!ongoing_c6!na_c7!valueprop_c8!billboard-canspeak-1200x628,,,,,2026-07-12,2026-07-16,5.0,Testing,generic – na – valueprop,static_c2,0.0,0.0,,0.0051948051948051,0.0,0.0,0.0,0.0,0.0,0.0,0.0,0.0,0.0,0.5930733515568692,Pause,False,False,0.0,0.0,0.0,5,0.0,,,,0.714,0.25,,False,False,False,No installs yet
120248898263350167,288.0,122085,865,2,0,0.0,0,0.0,tw_meta_standard_ios_tw-en_pros_purchase_ongoing_no-disc_testing,c1!static_c2!image_c3!generic_c4!valueprop_c5!ongoing_c6!na_c7!valueprop_c8!billboard-fromspeak-1200x628,,,,,2026-07-12,2026-07-17,6.0,Testing,generic – na – valueprop,static_c2,0.016382028914281,0.0,,0.0070852275054265,0.0,4.0,1.59,160.6,16.0,8.0,2.0,4.0,2.0,0.521534689948807,Pause,False,False,0.543,0.0,1.659,6,2.0,144.0,144.0,0.1063809558226297,48.0,1.184110714351792,0.12596682959256048,False,False,False,Pause
120248898272860167,307.96,98979,1674,2,2,4.25,0,0.0,tw_meta_standard_ios_tw-en_pros_purchase_ongoing_no-disc_testing,c1!na_c2!video_c3!influencer_c4!productdemo_c5!ongoing_c6!atiendai_c7!product_c8!speak-product,,,,,2026-07-12,2026-07-16,5.0,Testing,influencer – atiendai – product,na_c2,0.0202063063882237,0.0202063063882237,153.98,0.0169126784469432,0.0,2.0,0.8,81.4,16.0,5.0,3.0,0.0,2.0,1.4010743361856828,Mid-Tier,False,False,0.254,0.0,0.834,5,3.0,153.98,102.65333333333332,0.09948602181100583,61.592,1.5194113982990745,0.15116019551107257,False,False,False,Pause
120248898277620167,284.55,111730,1417,6,0,0.0,0,0.0,tw_meta_standard_ios_tw-en_pros_purchase_ongoing_no-disc_testing,c1!ugc_c2!image_c3!ugc_c4!painpoint _c5!ongoing_c6!jessica_c7!ba.lifestyle.walking_c8!dontletenglishholdyouback_v2_engiperson,,,,,2026-07-13,2026-07-14,2.0,Testing,ugc – jessica – ba.lifestyle.walking,ugc_c2,0.05370088606462,0.0,,0.0126823592589277,0.0,2.0,0.82,83.1,18.0,4.0,2.0,2.0,0.0,1.0426349354088575,Pause,False,False,0.302,0.0,1.031,2,3.0,47.425000000000004,94.85000000000001,0.3230122854709262,142.275,3.5097781642583583,1.133701466333044,False,False,False,Pause
120248898277700167,258.67,122792,1071,5,1,2.11,0,0.0,tw_meta_standard_ios_tw-en_pros_purchase_ongoing_no-disc_testing,c1!ugc_c2!image_c3!ugc_c4!painpoint _c5!ongoing_c6!jessica_c7!ba.lifestyle.walking_c8!dontletenglishholdyouback_v1_og,,,,,2026-07-13,2026-07-15,3.0,Testing,ugc – jessica – ba.lifestyle.walking,ugc_c2,0.0407192650987035,0.0081438530197406,258.67,0.0087220665841422,0.0,1.0,0.4,40.9,16.0,2.0,0.0,0.0,0.0,0.9178107242502233,Pause,False,False,0.0,0.0,0.725,3,4.0,51.734,64.6675,0.29610812306140405,86.22333333333334,2.1270411005651253,0.6298341479628025,False,False,False,Pause
120248898278030167,159.5,53424,672,0,0,0.0,1,1.0,tw_meta_standard_ios_tw-en_pros_purchase_ongoing_no-disc_testing,c1!ugc_c2!video_c3!ugc_c4!testimonial_c5!ongoing_c6!qing_c7!product_c8!doesaienglishlearningwork_3cut,,,,,2026-07-13,2026-07-15,3.0,Testing,ugc – qing – product,ugc_c2,0.0,0.0,,0.0125786163522012,2.0,0.0,0.0,0.0,0.0,0.0,0.0,0.0,0.0,0.8674871009166114,Pause,False,False,0.0,0.0,0.0,3,1.0,,159.5,,53.166666666666664,1.3115670759660474,,False,False,False,No installs yet
120248898278710167,187.26,63868,1197,0,0,0.0,0,0.0,tw_meta_standard_ios_tw-en_pros_purchase_ongoing_no-disc_testing,c1!na_c2!video_c3!influencer_c4!productdemo_c5!ongoing_c6!atiendai_c7!product_c8!vs-online-course,,,,,2026-07-13,2026-07-15,3.0,Testing,influencer – atiendai – product,na_c2,0.0,0.0,,0.0187417799210872,0.0,1.0,0.41,41.5,12.0,2.0,2.0,0.0,0.0,0.9612139553234051,Pause,False,False,0.0,0.0,0.975,3,0.0,,,,62.419999999999995,1.5398373081216425,,False,False,False,No installs yet
120248898291360167,253.0,83208,1330,8,3,6.09,1,0.0,tw_meta_standard_ios_tw-en_pros_purchase_ongoing_no-disc_testing,c1!na_c2!video_c3!influencer_c4!productdemo_c5!ongoing_c6!atiendai_c7!product_c8!og-video,,,,,2026-07-13,2026-07-22,6.0,Testing,influencer – atiendai – product,na_c2,0.0961446014806268,0.036054225555235,84.33333333333333,0.0159840399961542,1.0,1.0,0.41,41.7,30.0,2.0,0.0,2.0,0.0,1.9993108417524093,Mid-Tier,False,False,0.0,0.0,0.793,6,8.0,31.625,31.625,0.4843907553662823,42.166666666666664,1.0402083705937617,0.5038673183702419,False,False,False,Pause
120248964820460167,347.26,157589,581,16,3,5.07,0,0.0,tw_meta_standard_ios_tw-en_pros_trial_ongoing_scaling2,c1!motion_c2!video_c3!generic_c4!valueprop_c5!ongoing_c6!na_c7!outcome_c8!3750sentences-1080x1920_scaling,,,,,2026-07-15,2026-07-22,8.0,Scaling,generic – na – outcome,motion_c2,0.1015299291194182,0.0190368617098909,115.75333333333332,0.0036868055511488,0.0,8.0,3.13,317.1,60.0,14.0,14.0,0.0,0.0,5.212631929745832,Phase 1 Winner,True,False,0.817,0.0,1.881,8,10.0,21.70375,34.726,0.7058161671811866,43.4075,0.25,0.17645404179529664,True,True,False,Pause
120249017523680167,76.19,17801,105,3,1,1.52,1,0.0,tw_meta_standard_ios_tw-en_pros_trial_ongoing_winning,c1!motion_c2!video_c3!generic_c4!valueprop_c5!ongoing_c6!na_c7!outcome_c8!3750sentences-1080x1920_winning,,,,,2026-07-17,2026-07-29,11.0,Winning,generic – na – outcome,motion_c2,0.1685298578731532,0.056176619291051,76.19,0.0058985450255603,1.0,2.0,0.77,78.0,10.0,4.0,2.0,2.0,0.0,2.774327984355531,Pause,False,False,1.157,0.0,4.015,11,2.0,25.396666666666665,38.095,0.6031837894129943,6.926363636363636,0.25,0.15079594735324858,True,False,False,Pause
120249017782920167,188.91,59734,1862,10,0,0.0,0,0.0,tw_meta_standard_ios_tw-en_pros_purchase_ongoing_no-disc_testing,c1!ugc_c2!image_c3!whitelist_c4!valueprop_c5!ongoing_c6!mip-alicechenlife_c7!ba.lifestyle.testscore_c8!9-year-in-us,,,,,2026-07-16,2026-07-19,4.0,Testing,whitelist – mip-alicechenlife – ba.lifestyle.testscore,ugc_c2,0.1674088458834164,0.0,,0.0311715271034921,0.0,1.0,0.4,40.4,26.0,2.0,2.0,0.0,0.0,2.5222358440593573,Phase 1 Winner,True,False,0.0,0.0,0.992,4,5.0,18.891,37.782,0.810907714703228,47.2275,1.1650539325426927,0.9447512219442037,False,True,False,Watch
120249017877220167,393.93,101594,3677,29,9,20.49,0,0.0,tw_meta_standard_ios_tw-en_pros_purchase_ongoing_no-disc_testing,c1!ugc_c2!image_c3!whitelist_c4!valueprop_c5!ongoing_c6!mip-emily_life_c7!allenhook_c8!learning-technique-sharing,,,,,2026-07-16,2026-07-20,5.0,Testing,whitelist –  – allenhook,ugc_c2,0.2854499281453629,0.0885879087347678,43.77,0.0361930822686379,0.0,15.0,5.89,596.1,78.0,27.0,22.0,2.0,2.0,3.3605418299320737,Phase 1 Winner,True,False,1.387,0.451,2.746,5,14.0,13.583793103448276,28.137857142857143,1.1277304889581947,78.786,1.9435697237691725,2.1918228349105524,True,True,True,Scalable winner
120249017985740167,293.3,74476,1436,4,3,6.68,0,0.0,tw_meta_standard_ios_tw-en_pros_purchase_ongoing_no-disc_testing,c1!ugc_c2!video_c3!whitelist_c4!testimonial_c5!ongoing_c6!mip-asianleadership_c7!usertestimonials_c8!og-post,,,,,2026-07-16,2026-07-22,4.0,Testing,whitelist – mip-asianleadership – usertestimonials,ugc_c2,0.0537085772597883,0.0402814329448412,97.76666666666668,0.019281379236264,0.0,5.0,1.98,201.6,14.0,6.0,2.0,0.0,2.0,2.549348265069421,Pause,False,False,0.602,0.0,1.604,4,3.0,73.325,97.76666666666667,0.2089172538487375,73.325,1.8088524610384407,0.37790048877768145,False,False,False,Pause
120249018197870167,280.07,108885,1446,2,1,2.17,0,0.0,tw_meta_standard_ios_tw-en_pros_purchase_ongoing_no-disc_testing,c1!ugc_c2!video_c3!whitelist_c4!productdemo_c5!ongoing_c6!mip-xlittleprince_c7!indoorselfie.vs_c8!vs-cramschool,,,,,2026-07-16,2026-08-09,13.0,Testing,whitelist – mip-xlittleprince – indoorselfie.vs,ugc_c2,0.0183680029388804,0.0091840014694402,280.07,0.0132800661248105,0.0,3.0,1.13,115.2,28.0,6.0,4.0,2.0,0.0,1.12916199785803,Pause,False,False,0.344,0.0,1.346,13,1.0,140.035,280.07,0.10939306343741692,21.543846153846154,0.5314645637315807,0.05813853673502791,False,False,False,Pause
120249018598560167,529.9699999999999,131910,7413,13,4,9.08,0,0.0,tw_meta_standard_ios_tw-en_pros_purchase_ongoing_no-disc_testing,c1!ugc_c2!video_c3!whitelist_c4!productdemo_c5!ongoing_c6!mip-kellyyangdes_c7!patterninterrupt_c8!pineapple-cutting,,,,,2026-07-16,2026-07-19,4.0,Testing,whitelist – mip-kellyyangdes – patterninterrupt,ugc_c2,0.0985520430596618,0.030323705556819,132.49249999999998,0.0561974073231748,0.0,7.0,2.74,277.8,42.0,14.0,6.0,6.0,2.0,4.326697440219352,Phase 1 Winner,True,False,0.531,0.0,1.326,4,9.0,40.76692307692307,58.88555555555555,0.3757668345377339,132.49249999999998,3.268453933776141,1.2281765885274647,False,True,False,Pause
120249019731940167,33054.54,5043361,101586,1899,388,629.12,0,0.0,tw_meta_standard_ios_tw-en_pros_trial_ongoing_scaling2,c1:video_c2:video_c3:influencer_c4:productdemo_c5:promo_c6:atiendai_c7:valueprop_c8:speak-with-me-conv_scaling,video,productdemo,valueprop,atiendai,2026-07-16,2026-08-14,30.0,Scaling,influencer – atiendai – valueprop,video_c2,0.3765346164987991,0.0769328231708973,85.19211340206186,0.0201425200377288,0.0,464.0,175.64,18146.0,3869.0,719.0,567.0,66.0,68.0,2.510190040396695,Phase 1 Winner,True,False,0.224,0.14,0.336,30,1082.0,17.406287519747234,30.549482439926063,0.8800761001494206,1101.818,3.840197514010341,3.3796660519337207,False,True,False,Watch
120249020624430167,489.18,168667,1898,42,8,18.340000000000003,0,0.0,tw_meta_standard_ios_tw-en_pros_purchase_ongoing_no-disc_testing,c1!ugc_c2!video_c3!ugc_c4!testimonial_c5!ongoing_c6!jpkol_c7!ba.lifestyle_c8!japanofficeguyvlog,,,,,2026-07-17,2026-07-20,4.0,Testing,ugc – jpkol – ba.lifestyle,ugc_c2,0.2490113655901865,0.0474307363028926,61.1475,0.0112529421878612,0.0,15.0,5.82,588.7,108.0,26.0,20.0,4.0,2.0,2.0360727140747943,Phase 1 Winner,True,False,1.144,0.369,2.288,4,24.0,11.647142857142857,20.3825,1.3152459642979364,122.295,3.016892079409425,3.967955132165656,True,True,True,Scalable winner
120249020669720167,311.17,123878,964,5,0,0.0,0,0.0,tw_meta_standard_ios_tw-en_pros_purchase_ongoing_no-disc_testing,c1!video_c2!video_c3!generic_c4!valueprop_c5!ongoing_c6!na_c7!credibility _c8!andrew-tech-frame-1080x1080,,,,,2026-07-17,2026-08-03,17.0,Testing,generic – na,video_c2,0.040362291932385,0.0,,0.0077818498845638,0.0,3.0,1.12,116.7,30.0,7.0,5.0,0.0,2.0,0.590989104179421,Pause,False,False,0.303,0.0,1.059,17,0.0,62.234,,0.2461493337799061,18.304117647058824,0.45154378797162636,0.11114720258167102,False,False,False,Pause
120249020714940167,3120.4700000000003,637245,5579,141,35,71.28999999999999,2,1.0,tw_meta_standard_ios_tw-en_pros_purchase_ongoing_no-disc_testing,c1!ugc_c2!video_c3!ugc_c4!testimonial_c5!ongoing_c6!qing_c7!product_c8!doesaienglishlearningwork_2humantutor,,,,,2026-07-17,2026-08-09,22.0,Testing,ugc – qing – product,ugc_c2,0.2212649765788668,0.0549239303564563,89.15628571428572,0.0087548744988191,3.0,42.0,15.67,1629.4,372.0,85.0,75.0,2.0,8.0,2.9462712167491576,Phase 1 Winner,True,False,0.505,0.262,0.822,22,86.0,22.13099290780142,36.28453488372093,0.6921902556418338,141.83954545454546,3.499035947739902,2.421998587166049,False,True,False,Pause
120249020715110167,207.4,81251,826,4,1,2.45,0,0.0,tw_meta_standard_ios_tw-en_pros_purchase_ongoing_no-disc_testing,c1!ugc_c2!video_c3!ugc_c4!testimonial_c5!ongoing_c6!qing_c7!product_c8!doesaienglishlearningwork_1og,,,,,2026-07-17,2026-07-28,12.0,Testing,ugc – qing – product,ugc_c2,0.0492301633210668,0.0123075408302667,207.4,0.0101660287258002,0.0,6.0,2.29,231.6,24.0,12.0,8.0,4.0,0.0,1.11455402255472,Pause,False,False,1.169,0.0,3.012,12,3.0,51.85,69.13333333333334,0.2954456632296755,17.283333333333335,0.426362087077364,0.12596682959256048,True,False,False,Pause
120249069884080167,1877.2,441932,9007,65,14,23.23,0,0.0,tw_meta_standard_ios_tw-en_pros_trial_ongoing_scaling2,c1!ugc_c2!image_c3!whitelist_c4!valueprop_c5!ongoing_c6!mip-emily_life_c7!allenhook_c8!learning-technique-sharing_scaling,,,,,2026-07-19,2026-07-21,3.0,Scaling,whitelist –  – allenhook,ugc_c2,0.1470814514450187,0.0316790818496963,134.0857142857143,0.0203809635871582,0.0,21.0,8.11,820.7,154.0,42.0,36.0,4.0,2.0,2.059394184205241,Phase 1 Winner,True,False,0.407,0.153,0.77,3,26.0,28.88,72.2,0.5304313586723919,625.7333333333333,2.1808861273822635,1.156810391657145,False,True,False,Pause
120249069900960167,25.99,5356,26,1,0,0.0,0,0.0,tw_meta_standard_ios_tw-en_pros_trial_ongoing_winning,c1!motion_c2!video_c3!generic_c4!valueprop_c5!ongoing_c6!na_c7!outcome_c8!3750sentences_winning,,,,,2026-07-19,2026-07-26,6.0,Winning,generic – na – outcome,motion_c2,0.186706497386109,0.0,,0.0048543689320388,0.0,0.0,0.0,0.0,4.0,0.0,0.0,0.0,0.0,0.4589523106922161,Pause,False,False,0.0,0.0,0.0,6,0.0,25.99,,0.5894135297598568,4.331666666666666,0.25,0.1473533824399642,False,False,False,Pause
120249069928080167,190.99,42779,2028,1,0,0.0,0,0.0,tw_meta_standard_ios_tw-en_pros_purchase_ongoing_no-disc_testing,c1!ugc_c2!video_c3!whitelist_c4!productdemo_c5!ongoing_c6!mip-little_0202_c7!openquestion_c8!foreign-company-wannabe,,,,,2026-07-19,2026-07-22,4.0,Testing,whitelist –  – openquestion,ugc_c2,0.0233759554921807,0.0,,0.0474064377381425,0.0,0.0,0.0,0.0,6.0,0.0,0.0,0.0,0.0,3.894138023888079,Pause,False,False,0.0,0.0,0.0,4,1.0,190.99,190.99,0.08020764248630126,47.7475,1.1778817986148373,0.09447512219442036,False,False,False,Pause
120249069950380167,224.28,71924,1360,3,0,0.0,0,0.0,tw_meta_standard_ios_tw-en_pros_purchase_ongoing_no-disc_testing,c1!ugc_c2!video_c3!whitelist_c4!productdemo_c5!ongoing_c6!mip-sunthings_c7!lifestyle.sharing_c8!canada-internship,,,,,2026-07-19,2026-07-22,4.0,Testing,whitelist – mip-sunthings – lifestyle.sharing,ugc_c2,0.0417106946221011,0.0,,0.0189088482286858,0.0,1.0,0.38,38.2,16.0,0.0,0.0,0.0,0.0,1.4731710435102798,Mid-Tier,False,False,0.0,0.0,0.833,4,2.0,74.76,112.14,0.20490713802111657,56.07,1.383189328202187,0.283425366583261,False,False,False,Pause
120249069969790167,295.78000000000003,67412,1902,9,1,2.27,0,0.0,tw_meta_standard_ios_tw-en_pros_purchase_ongoing_no-disc_testing,c1!ugc_c2!video_c3!whitelist_c4!productdemo_c5!ongoing_c6!mip-shih_veganwonderland_c7!lifestyle.sharing_c8!move-to-german,,,,,2026-07-19,2026-07-21,3.0,Testing,whitelist –  – lifestyle.sharing,ugc_c2,0.1335073874087699,0.0148341541565299,295.78000000000003,0.02821456120572,0.0,0.0,0.0,0.0,16.0,0.0,0.0,0.0,0.0,2.548173993282273,Pause,False,False,0.0,0.0,0.0,3,6.0,32.864444444444445,49.296666666666674,0.46612251925798937,98.59333333333335,2.4321962992428685,1.1337014663330445,False,False,False,Pause
120249069983680167,972.48,231979,4005,31,7,17.18,0,0.0,tw_meta_standard_ios_tw-en_pros_purchase_ongoing_no-disc_testing,c1!ugc_c2!video_c3!whitelist_c4!productdemo_c5!ongoing_c6!mip-happygang5215_c7!openquestion_c8!learn-with-child,,,,,2026-07-19,2026-07-26,8.0,Testing,whitelist – mip-happygang5215 – openquestion,ugc_c2,0.1336327857262941,0.0301751451640019,138.9257142857143,0.0172644937688325,0.0,14.0,5.33,539.4,82.0,26.0,20.0,4.0,2.0,2.198385241798213,Phase 1 Winner,True,False,0.54,0.166,1.105,8,24.0,31.370322580645162,40.52,0.48832324242371977,121.56,2.998760384095913,1.4643643940135156,False,True,False,Pause
120249089547390167,1742.09,316034,13372,41,10,15.49,0,0.0,tw_meta_standard_ios_tw-en_pros_trial_ongoing_winning,c1!ugc_c2!video_c3!whitelist_c4!productdemo_c5!ongoing_c6!mip-kellyyangdes_c7!patterninterrupt_c8!pineapple-cutting_winning,,,,,2026-07-20,2026-07-23,4.0,Winning,whitelist – mip-kellyyangdes – patterninterrupt,ugc_c2,0.129732876842365,0.0316421650835036,174.209,0.0423119031496611,0.0,14.0,5.37,543.5,106.0,22.0,12.0,6.0,4.0,3.1290582899049246,Phase 1 Winner,True,False,0.311,0.088,0.643,4,23.0,42.489999999999995,75.74304347826087,0.3605285393847653,435.5225,4.0,1.4421141575390612,False,True,False,Pause
120249089572460167,1221.8,267434,5072,41,8,13.7,0,0.0,tw_meta_standard_ios_tw-en_pros_trial_ongoing_scaling2,c1!UGC_c2!video_c3!whitelist_c4!valueprop_c5!ongoing_c6!MIP-emily_life_c7!AllEnHook_c8!learning-technique-sharing_scaling,,,,,2026-07-20,2026-07-20,1.0,Scaling,whitelist –  – AllEnHook,UGC_c2,0.1533088537732674,0.0299139226874668,152.725,0.0189654269838539,0.0,12.0,4.65,470.7,94.0,25.0,17.0,2.0,6.0,1.780850579604071,Mid-Tier,False,False,0.345,0.077,0.726,1,16.0,29.799999999999997,76.3625,0.5140556254516335,1221.8,4.0,2.056222501806534,False,False,False,Pause
120249089633250167,695.64,128447,4335,61,3,4.7,0,0.0,tw_meta_standard_ios_tw-en_pros_trial_ongoing_winning,c1:video_c2:video_c3:influencer_c4:productdemo_c5:promo_c6:atiendai_c7:valueprop_c8:speak-with-me-conv_winning,video,productdemo,valueprop,atiendai,2026-07-20,2026-07-23,4.0,Winning,influencer – atiendai – valueprop,video_c2,0.4749040460267659,0.0233559366898409,231.88,0.0337493285168201,0.0,12.0,4.63,468.4,110.0,14.0,8.0,4.0,2.0,2.786767113489356,Phase 1 Winner,True,False,0.675,0.14,1.42,4,16.0,11.403934426229508,43.4775,1.34329583684949,173.91,3.528810055430273,4.740235856492104,False,True,True,Scalable winner
120249105317450167,974.49,248806,6414,31,3,4.6,0,0.0,tw_meta_standard_ios_tw-en_pros_trial_ongoing_winning,c1!ugc_c2!image_c3!whitelist_c4!valueprop_c5!ongoing_c6!mip-alicechenlife_c7!ba.lifestyle.testscore_c8!9-year-in-us_winning,,,,,2026-07-20,2026-07-23,4.0,Winning,whitelist – mip-alicechenlife – ba.lifestyle.testscore,ugc_c2,0.124595066035385,0.0120575870356824,324.83,0.025779121082289,0.0,9.0,3.41,347.8,66.0,8.0,8.0,0.0,0.0,2.069203894264044,Phase 1 Winner,True,False,0.33,0.084,0.756,4,14.0,31.43516129032258,69.60642857142857,0.48731601842216854,243.6225,4.0,1.9492640736886742,False,True,False,Pause
120249105347140167,19963.77,5600558,46589,879,203,334.78,0,0.0,tw_meta_standard_ios_tw-en_pros_trial_ongoing_scaling2,c1!ugc_c2!video_c3!ugc_c4!testimonial_c5!ongoing_c6!jpkol_c7!ba.lifestyle_c8!japanofficeguyvlog_scaling,,,,,2026-07-20,2026-08-13,18.0,Scaling,ugc – jpkol – ba.lifestyle,ugc_c2,0.1569486469026836,0.036246388306308,98.3436945812808,0.0083186353931161,0.0,329.0,125.85,12817.4,2396.0,526.0,385.0,74.0,45.0,2.201808536058322,Phase 1 Winner,True,False,0.332,0.204,0.503,18,517.0,22.711911262798637,38.6146421663443,0.6744856239179862,1109.0983333333334,3.865571866188136,2.6072726519657192,False,True,False,Pause
120249114098820167,813.8199999999999,212628,9008,18,2,3.09,0,0.0,tw_meta_standard_ios_tw-en_pros_trial_ongoing_winning,c1!na_c2!video_c3!influencer_c4!productdemo_c5!ongoing_c6!atiendai_c7!product_c8!og-video_winning,,,,,2026-07-21,2026-07-23,3.0,Winning,influencer – atiendai – product,na_c2,0.0846548902308256,0.0094060989145361,406.91,0.0423650695110709,0.0,5.0,1.9,192.5,62.0,8.0,4.0,2.0,2.0,3.533062361466726,Phase 1 Winner,True,False,0.222,0.0,0.628,3,9.0,45.212222222222216,90.42444444444443,0.33882116130379714,271.2733333333333,4.0,1.3552846452151885,False,True,False,Pause
120249135201100167,1800.67,486434,12489,33,1,1.48,0,0.0,tw_meta_standard_ios_tw-en_pros_trial_ongoing_winning,c1!ugc_c2!image_c3!whitelist_c4!valueprop_c5!ongoing_c6!mip-alicechenlife_c7!ba.lifestyle.testscore_c8!9-year-in-us_winning,,,,,2026-07-21,2026-07-26,6.0,Winning,whitelist – mip-alicechenlife – ba.lifestyle.testscore,ugc_c2,0.0678406525859623,0.0020557773510897,1800.67,0.0256746033377601,0.0,18.0,6.84,694.8,190.0,32.0,21.0,9.0,0.0,1.9286931524964248,Mid-Tier,False,False,0.409,0.147,0.787,6,12.0,54.56575757575758,150.05583333333334,0.28074122524901085,300.1116666666667,4.0,1.1229649009960434,False,False,False,Pause
120249176070740167,155.78,33251,835,5,4,9.79,0,0.0,tw_meta_standard_ios_tw-en_pros_purchase_ongoing_no-disc_testing,c1!na_c2!video_c3!influencer_c4!speakmethod_c5!ongoing_c6!thedodomen_c7!noframe_c8!no-pressure,,,,,2026-07-23,2026-07-29,7.0,Testing,influencer – thedodomen – noframe,na_c2,0.1503714174009804,0.1202971339207843,38.945,0.0251120267059637,0.0,7.0,2.65,267.8,28.0,14.0,4.0,4.0,4.0,2.6336184534879297,Pause,False,False,1.674,0.0,4.226,7,5.0,31.156,31.156,0.49168242516557575,22.254285714285714,0.5489903782194112,0.2699289205554868,True,False,False,Pause
120249176071730167,291.96,76532,879,64,12,27.49,0,0.0,tw_meta_standard_ios_tw-en_pros_purchase_ongoing_no-disc_testing,c1!na_c2!video_c3!influencer_c4!speakmethod_c5!ongoing_c6!thedodomen_c7!noframe_c8!speak-without-fear,,,,,2026-07-23,2026-07-26,4.0,Testing,influencer – thedodomen – noframe,na_c2,0.8362515026394188,0.156797156744891,24.33,0.0114853917315632,0.0,13.0,4.96,501.8,124.0,22.0,18.0,2.0,0.0,4.145584187044348,Phase 2 Winner,True,True,1.641,0.389,3.355,4,42.0,4.561875,6.951428571428571,3.35801784101026,72.99,1.8005883550111934,6.046407820442903,True,True,True,Scalable winner
120249176072350167,228.45,80005,935,8,3,6.16,0,0.0,tw_meta_standard_ios_tw-en_pros_purchase_ongoing_no-disc_testing,c1!na_c2!video_c3!influencer_c4!speakmethod_c5!ongoing_c6!thedodomen_c7!frame-learning_c8!keep-learning,,,,,2026-07-23,2026-08-09,13.0,Testing,influencer – thedodomen – frame-learning,na_c2,0.0999937503906005,0.0374976563964752,76.14999999999999,0.0116867695769014,0.0,5.0,1.88,193.8,36.0,8.0,8.0,0.0,0.0,2.707171433930049,Pause,False,False,0.802,0.0,2.074,13,4.0,28.55625,57.1125,0.5364450037542982,17.573076923076922,0.4335097639321584,0.23255414694011162,True,False,False,Pause
120249176072690167,426.36,138910,1593,4,2,3.88,0,0.0,tw_meta_standard_ios_tw-en_pros_purchase_ongoing_no-disc_testing,c1!na_c2!video_c3!influencer_c4!speakmethod_c5!ongoing_c6!thedodomen_c7!frame-spanish_c8!no-pressure,,,,,2026-07-23,2026-08-04,12.0,Testing,influencer – thedodomen – frame-spanish,na_c2,0.028795623065294,0.014397811532647,213.18,0.0114678568857533,0.0,8.0,2.97,307.8,34.0,12.0,10.0,2.0,0.0,1.194839771753821,Pause,False,False,0.69,0.0,1.663,12,2.0,106.59,213.18,0.14371758737647694,35.53,0.8764886183524827,0.12596682959256048,False,False,False,Pause
120249176075550167,1434.11,391643,15197,94,21,49.88,1,0.0,tw_meta_standard_ios_tw-en_pros_purchase_ongoing_no-disc_testing,c1!na_c2!video_c3!influencer_c4!speakmethod_c5!ongoing_c6!thedodomen_c7!noframe_c8!og-video,,,,,2026-07-23,2026-07-26,4.0,Testing,influencer – thedodomen – noframe,na_c2,0.2400145030040113,0.0536202613094067,68.29095238095239,0.038803195767574,1.0,30.0,11.46,1159.8,288.0,54.0,48.0,6.0,0.0,3.528631748689909,Phase 1 Winner,True,False,0.803,0.361,1.395,4,57.0,15.256489361702126,25.159824561403507,1.0040879834985572,358.5275,4.0,4.016351933994229,True,True,True,Scalable winner
120249176077580167,3614.26,971171,13807,170,44,89.0,1,0.0,tw_meta_standard_ios_tw-en_pros_purchase_ongoing_no-disc_testing,c1!na_c2!video_c3!influencer_c4!speakmethod_c5!ongoing_c6!thedodomen_c7!noframe_c8!product-demo,,,,,2026-07-23,2026-08-02,11.0,Testing,influencer – thedodomen – noframe,na_c2,0.1750464130415755,0.0453061304342901,82.14227272727273,0.0142168577933237,1.0,60.0,22.52,2297.9,504.0,116.0,88.0,16.0,10.0,2.0017523823320063,Phase 1 Winner,True,False,0.589,0.312,0.958,11,102.0,21.26035294117647,35.433921568627454,0.7205363749530955,328.5690909090909,4.0,2.882145499812382,False,True,False,Pause
120249190061250167,382.75,96632,1523,6,2,2.95,0,0.0,tw_meta_standard_ios_tw-en_pros_trial_ongoing_winning,c1!ugc_c2!video_c3!whitelist_c4!productdemo_c5!ongoing_c6!mip-happygang5215_c7!openquestion_c8!learn-with-child_winning,,,,,2026-07-23,2026-07-27,5.0,Winning,whitelist – mip-happygang5215 – openquestion,ugc_c2,0.0620912327179402,0.0206970775726467,191.375,0.0157608245715704,0.0,2.0,0.76,76.8,18.0,4.0,4.0,0.0,0.0,2.131687712028316,Pause,False,False,0.221,0.0,0.716,5,3.0,63.791666666666664,127.58333333333333,0.24013885259504134,76.55,1.5532770383714989,0.3730021657567557,False,False,False,Pause
120249242631140167,3543.6,1062460,25363,157,32,52.79,1,0.0,tw_meta_standard_ios_tw-en_pros_trial_ongoing_scaling2,c1!na_c2!video_c3!influencer_c4!speakmethod_c5!ongoing_c6!thedodomen_c7!noframe_c8!og-video_scaling,,,,,2026-07-26,2026-07-29,4.0,Scaling,influencer – thedodomen – noframe,na_c2,0.1477702689983623,0.0301187809423413,110.7375,0.0238719575325188,1.0,50.0,18.69,1894.5,419.0,93.0,75.0,8.0,6.0,2.187615164781717,Phase 1 Winner,True,False,0.496,0.253,0.823,4,84.0,22.570700636942675,42.18571428571428,0.6787054546895847,885.9,3.087652386929385,2.0956065171942897,False,True,False,Pause
120249242654880167,37726.6,7735511,85068,2500,496,827.8100000000001,28,10.0,tw_meta_standard_ios_tw-en_pros_trial_ongoing_scaling2,c1!na_c2!video_c3!influencer_c4!speakmethod_c5!ongoing_c6!thedodomen_c7!noframe_c8!speak-without-fear_scaling,,,,,2026-07-26,2026-09-15,31.0,Scaling,influencer – thedodomen – noframe,na_c2,0.3231848548854755,0.0641198752092783,76.0616935483871,0.010997075694159,38.0,657.0,251.52,26066.2,5736.0,1053.0,813.0,137.0,48.0,2.5428547932158,Phase 1 Winner,True,False,0.687,0.517,0.897,31,1574.0,15.090639999999999,23.96861499364676,1.0151231252258803,1216.9870967741936,4.0,4.060492500903521,False,True,True,Scalable winner
120249248763350167,25.4,5697,123,0,0,0.0,0,0.0,tw_meta_standard_ios_tw-en_pros_trial_ongoing_winning,c1!ugc_c2!video_c3!whitelist_c4!productdemo_c5!ongoing_c6!mip-happygang5215_c7!openquestion_c8!learn-with-child_winning,,,,,2026-07-26,2026-07-27,2.0,Winning,whitelist – mip-happygang5215 – openquestion,ugc_c2,0.0,0.0,,0.0215903106898367,0.0,0.0,0.0,0.0,0.0,0.0,0.0,0.0,0.0,1.7101858783352726,Mid-Tier,False,False,0.0,0.0,0.0,2,0.0,,,,12.7,0.2576958639754152,,False,False,False,No installs yet
120249315126190167,3083.25,792630,9974,135,36,57.6,3,2.0,tw_meta_standard_ios_tw-en_pros_trial_ongoing_scaling2,c1!na_c2!video_c3!influencer_c4!speakmethod_c5!ongoing_c6!thedodomen_c7!noframe_c8!product-demo_scaling,,,,,2026-07-28,2026-08-09,11.0,Scaling,influencer – thedodomen – noframe,na_c2,0.1703190643806063,0.0454184171681616,85.64583333333333,0.012583424800979,5.0,45.0,16.86,1730.6,383.0,82.0,72.0,2.0,8.0,1.963695562012147,Mid-Tier,False,False,0.592,0.319,0.944,11,87.0,22.83888888888889,35.439655172413794,0.6707356786481542,280.29545454545456,0.9769216946300143,0.6552562358337675,False,False,False,Pause
120249469567010167,1805.31,362082,3723,124,34,82.82000000000001,2,0.0,tw_meta_standard_ios_tw-en_pros_purchase_ongoing_no-disc_testing,c1!ugc_c2!video_c3!ugc_c4!testimonial_c5!promo_c6!qing_c7!testimonial.ba.hook_c8!2026nyr-v2-putoffforyears,,,,,2026-08-09,2026-08-20,12.0,Testing,ugc – qing – testimonial.ba.hook,ugc_c2,0.3424638617771665,0.0939013814550295,53.09735294117647,0.0102822012693257,2.0,45.0,17.73,1843.3,376.0,84.0,63.0,13.0,0.0,4.502467559280278,Phase 2 Winner,True,True,0.999,0.506,1.663,12,83.0,14.558951612903225,21.750722891566266,1.052195106197205,150.4425,3.7112620029972803,3.904971717369375,True,True,True,Scalable winner
120249469567030167,164.65,39358,624,3,0,0.0,0,0.0,tw_meta_standard_ios_tw-en_pros_purchase_ongoing_no-disc_testing,c1!ugc_c2!video_c3!ugc_c4!painpoint _c5!promo_c6!camel_c7!testimonial.ba.hook_c8!workplaceengcomms-v3-fluentcoworker,,,,,2026-08-09,2026-08-17,9.0,Testing,ugc –  – testimonial.ba.hook,ugc_c2,0.0762233853346206,0.0,,0.015854464149601,0.0,0.0,0.0,0.0,16.0,0.0,0.0,0.0,0.0,0.871802825036862,Pause,False,False,0.0,0.0,0.0,9,0.0,54.88333333333333,,0.2791167501693048,18.294444444444444,0.45130515999542253,0.1259668295925605,False,False,False,Pause
120249469567140167,234.26,46811,505,4,0,0.0,0,0.0,tw_meta_standard_ios_tw-en_pros_purchase_ongoing_no-disc_testing,c1!ugc_c2!video_c3!ugc_c4!senario_c5!promo_c6!jenny_c7!hook.realscene.fulleng_c8!interviewsalarynegotiation-v2-cut,,,,,2026-08-08,2026-08-11,4.0,Testing,ugc – jenny – hook.realscene.fulleng,ugc_c2,0.085450001068125,0.0,,0.0107880626348507,0.0,4.0,1.53,158.7,22.0,8.0,4.0,2.0,0.0,0.8552635216726345,Pause,False,False,0.669,0.0,1.946,4,5.0,58.565,46.852,0.26157018079840655,58.565,1.4447384163752643,0.37790048877768145,False,False,False,Pause
120249469567200167,1124.75,220651,2910,50,10,27.37,2,0.0,tw_meta_standard_ios_tw-en_pros_purchase_ongoing_no-disc_testing,c1!ugc_c2!video_c3!ugc_c4!speakmethod_c5!promo_c6!sophia_c7!hook.testimonial_c8!outputinputandspeakmethod-v2-cut,,,,,2026-08-09,2026-08-17,9.0,Testing,ugc – sophia – hook.testimonial,ugc_c2,0.2266021907899805,0.0453204381579961,112.475,0.0131882475039768,2.0,20.0,7.7,800.9,144.0,38.0,26.0,10.0,2.0,2.5241355697589345,Phase 1 Winner,True,False,0.781,0.311,1.455,9,27.0,22.495,41.657407407407405,0.6809894482533309,124.97222222222223,3.082936402701801,2.099447159876008,False,True,False,Pause
120249469568100167,173.31,135862,621,2,0,0.0,0,0.0,tw_meta_standard_ios_tw-en_pros_purchase_ongoing_no-disc_testing,c1!static_c2!image_c3!generic_c4!outcome_c5!ongoing_c6!na_c7!progress_c8!line26q3day1,,,,,2026-08-08,2026-08-14,7.0,Testing,generic – na – progress,static_c2,0.0147208196552384,0.0,,0.0045708145029515,0.0,5.0,1.9,198.0,44.0,11.0,4.0,7.0,0.0,0.6666706413877701,Pause,False,False,1.161,0.0,3.44,7,1.0,86.655,173.31,0.1767798469616142,24.75857142857143,0.6107685354294913,0.10797156822219471,True,False,False,Pause
120249641611010167,385.35,114708,1560,2,0,0.0,0,0.0,tw_meta_standard_ios_tw-en_pros_purchase_ongoing_no-disc_testing,c1!ugc_c2!video_c3!ugc_c4!problemsolution_c5!ongoing_c6!mip-youth.may_c7!testimonial.ba.aboardlife_c8!product-walk-through,,,,,2026-08-08,2026-08-13,6.0,Testing,ugc – mip-youth.may – testimonial.ba.aboardlife,ugc_c2,0.0174355755483488,0.0,,0.0135997489277121,0.0,3.0,1.16,120.3,34.0,4.0,2.0,0.0,0.0,0.9967136052265326,Pause,False,False,0.247,0.0,0.923,6,0.0,192.675,,0.07950620287249864,64.22500000000001,1.5843648047759136,0.12596682959256048,False,False,False,Pause
120249641651420167,252.15,76578,1803,3,1,2.43,0,0.0,tw_meta_standard_ios_tw-en_pros_purchase_ongoing_no-disc_testing,c1!ugc_c2!video_c3!ugc_c4!boldclaim _c5!ongoing_c6!mip-lavendora_c7!testimonial.aboardlife_c8!product-walk-through,,,,,2026-08-08,2026-08-11,4.0,Testing,ugc – mip-lavendora – testimonial.aboardlife,ugc_c2,0.0391757423803181,0.0130585807934393,252.15,0.0235446211705711,0.0,2.0,0.76,79.1,34.0,5.0,5.0,0.0,0.0,2.038138963802881,Pause,False,False,0.334,0.0,1.062,4,1.0,84.05,252.15,0.18225886541890157,63.0375,1.5550703990823143,0.28342536658326106,False,False,False,Pause
120249641692540167,207.29,58652,3185,8,1,2.25,0,0.0,tw_meta_standard_ios_tw-en_pros_purchase_ongoing_no-disc_testing,c1!ugc_c2!video_c3!ugc_c4!problemsolution_c5!ongoing_c6!mip-yclife_c7!aboardlife_c8!learn-with-kid-dou-ling,,,,,2026-08-08,2026-08-10,3.0,Testing,ugc – mip-yclife – aboardlife,ugc_c2,0.1363977357975857,0.0170497169746982,207.29,0.0543033485644138,0.0,2.0,0.77,79.9,30.0,4.0,4.0,0.0,0.0,4.841998744327688,Pause,False,False,0.405,0.0,1.31,3,6.0,25.91125,34.54833333333333,0.5912048873928768,69.09666666666666,1.7045438192915483,1.007734636740484,False,False,False,Pause
120249641760720167,287.41,77838,5529,1,0,0.0,0,0.0,tw_meta_standard_ios_tw-en_pros_purchase_ongoing_no-disc_testing,c1!ugc_c2!video_c3!ugc_c4!problemsolution_c5!ongoing_c6!mip-bpw.study_c7!share.learnskill_c8!how-i-promo-myself,,,,,2026-08-08,2026-08-10,3.0,Testing,ugc – mip-bpw.study – share.learnskill,ugc_c2,0.0128471954572316,0.0,,0.071032143683034,0.0,6.0,2.3,239.0,46.0,10.0,6.0,4.0,0.0,5.387300396814489,Pause,False,False,0.855,0.0,2.192,3,0.0,287.41,,0.053299668203815716,95.80333333333334,2.3633698639711707,0.12596682959256048,True,False,False,Pause
120249641997610167,430.95,50529,1046,18,4,8.33,1,0.0,tw_meta_standard_ios_tw-en_pros_trial_ongoing_winning,c1!ugc_c2!video_c3!ugc_c4!testimonial_c5!ongoing_c6!qing_c7!product_c8!doesaienglishlearningwork_2humantutor_winning,,,,,2026-08-08,2026-08-18,11.0,Winning,ugc – qing – product,ugc_c2,0.3562310752241287,0.0791624611609174,107.7375,0.0207009835935799,1.0,7.0,2.74,284.5,64.0,13.0,11.0,2.0,0.0,3.902811571913676,Phase 1 Winner,True,False,0.649,0.0,1.554,11,6.0,23.941666666666666,71.825,0.639840903799179,39.17727272727273,0.7949465467444896,0.5086393169410306,False,True,False,Pause
120249642037430167,599.51,140017,1487,39,5,8.82,2,0.0,tw_meta_standard_ios_tw-en_pros_trial_ongoing_winning,c1!na_c2!video_c3!influencer_c4!speakmethod_c5!ongoing_c6!thedodomen_c7!frame-learning_c8!keep-learning_winning,,,,,2026-08-08,2026-08-10,3.0,Winning,influencer – thedodomen – frame-learning,na_c2,0.2785376061478249,0.0357099495061314,119.902,0.0106201389831234,2.0,11.0,4.2,436.4,122.0,20.0,18.0,0.0,0.0,1.6607255301852604,Mid-Tier,False,False,0.727,0.162,1.496,3,19.0,15.372051282051283,31.55315789473684,0.9965395871626634,199.83666666666667,4.0,3.9861583486506538,False,False,False,Watch
120249652815090167,726.49,180075,2182,9,3,4.89,1,0.0,tw_meta_standard_ios_tw-en_pros_trial_ongoing_scaling2,c1!ugc_c2!video_c3!ugc_c4!testimonial_c5!ongoing_c6!qing_c7!product_c8!doesaienglishlearningwork_2humantutor_scaling,,,,,2026-08-09,2026-08-09,1.0,Scaling,ugc – qing – product,ugc_c2,0.0499791753436068,0.0166597251145356,242.16333333333333,0.0121171733999722,1.0,7.0,2.67,278.1,56.0,14.0,11.0,2.0,0.0,1.4693416557159595,Mid-Tier,False,False,0.382,0.0,0.909,1,4.0,80.72111111111111,181.6225,0.18977510873670403,726.49,2.5320561943563935,0.48052123961142956,False,False,False,Pause
120249701534270167,16060.83,3078281,57722,782,157,226.68,0,0.0,tw_meta_standard_ios_tw-en_pros_trial_ongoing_scaling2,c1!video_c2!video_c3!influencer_c4!productdemo_c5!promo_c6!illyandlean_c7!relaunch_c8!speak-with-me,,,,,2026-08-10,2026-09-13,17.0,Scaling,influencer – illyandlean – relaunch,video_c2,0.254037886729639,0.0510024913255157,102.29828025477708,0.0187513745496268,0.0,188.0,69.24,7199.9,1708.0,356.0,280.0,31.0,0.0,1.977901889210313,Mid-Tier,False,False,0.296,0.176,0.459,17,411.0,20.53814578005115,39.07744525547445,0.745873449459006,944.7547058823529,3.292780361982635,2.4559974469028623,False,False,False,Pause
120249779562090167,488.63,111040,1325,25,4,10.39,0,0.0,tw_meta_standard_ios_tw-en_pros_purchase_ongoing_no-disc_testing,c1!video_c2!video_c3!influencer_c4!productdemo_c5!promo_c6!morning.jason_c7!26q3campaign_c8!og-video_c9!app,,,,,2026-08-13,2026-08-17,5.0,Testing,influencer – morning.jason – 26q3campaign,video_c2,0.2251440922190201,0.0360230547550432,122.1575,0.011932636887608,0.0,7.0,2.71,281.7,76.0,12.0,8.0,2.0,0.0,1.7892674210234671,Mid-Tier,False,False,0.558,0.0,1.345,5,13.0,19.5452,37.58692307692308,0.7837657142653274,97.726,2.410800076473817,1.8895024438884072,False,False,False,Pause
120249779562110167,654.7800000000001,122370,2286,41,8,19.81,2,0.0,tw_meta_standard_ios_tw-en_pros_purchase_ongoing_no-disc_testing,c1!video_c2!video_c3!influencer_c4!productdemo_c5!promo_c6!dachien_c7!26q3campaign_c8!police-conversation_c9!app,,,,,2026-08-13,2026-08-17,5.0,Testing,influencer – dachien – 26q3campaign,video_c2,0.3350494402222767,0.0653755005311759,81.84750000000001,0.0186810492767835,2.0,14.0,5.54,576.1,106.0,26.0,22.0,2.0,2.0,2.072836169937897,Phase 1 Winner,True,False,0.86,0.282,1.694,5,24.0,15.970243902439027,27.282500000000002,0.9592125037062917,130.95600000000002,3.230550056430277,3.098784007976988,True,True,False,Watch
120249779562130167,177.67,35572,623,6,1,2.68,0,0.0,tw_meta_standard_ios_tw-en_pros_purchase_ongoing_no-disc_testing,c1!video_c2!video_c3!influencer_c4!senario_c5!promo_c6!chenlily_c7!26q3campaign_c8!brick-hook_c9!app,,,,,2026-08-13,2026-08-17,5.0,Testing,influencer –  – 26q3campaign,video_c2,0.1686719892049926,0.0281119982008321,177.67,0.0175137748791184,0.0,2.0,0.78,80.6,14.0,4.0,2.0,0.0,0.0,1.6109149080891652,Mid-Tier,False,False,0.478,0.0,1.541,5,3.0,29.611666666666665,59.22333333333333,0.5173250736238649,35.534,0.8765872942453453,0.4534805865332178,False,False,False,Pause
120249779562150167,1579.27,335794,5540,78,20,44.13,0,0.0,tw_meta_standard_ios_tw-en_pros_purchase_ongoing_no-disc_testing,c1!n:a_c2!video_c3!influencer_c4!campaign_c5!promo_c6!illyandlean_c7!26q3campaign_c8!outro-promo-long_c9!app,,,,,2026-08-13,2026-08-25,13.0,Testing,influencer – illyandlean – 26q3campaign,n,0.2322852701358571,0.0595603256758607,78.9635,0.0164982102122134,0.0,30.0,11.91,1239.0,230.0,57.0,44.0,11.0,2.0,2.4415943981370765,Phase 1 Winner,True,False,0.718,0.32,1.294,13,34.0,20.24705128205128,46.44911764705882,0.7565969693591197,121.48230769230769,2.9968437946383886,2.267402932666089,False,True,False,Pause
120249779562330167,160.59,48553,651,1,0,0.0,0,0.0,tw_meta_standard_ios_tw-en_pros_purchase_ongoing_no-disc_testing,c1!video_c2!video_c3!influencer_c4!productdemo_c5!promo_c6!harryspeaks_c7!26q3campaign_c8!og-video_c9!app,,,,,2026-08-13,2026-08-16,4.0,Testing,influencer – harryspeaks – 26q3campaign,video_c2,0.0205960496776718,0.0,,0.0134080283401643,0.0,1.0,0.39,40.3,14.0,2.0,0.0,0.0,0.0,0.93720655412141,Pause,False,False,0.0,0.0,1.174,4,1.0,160.59,160.59,0.0953911055386928,40.1475,0.9903976021758035,0.09447512219442036,False,False,False,Pause
120249784171630167,8053.83,1438996,15215,391,64,120.3,1,1.0,tw_meta_standard_ios_tw-en_pros_trial_ongoing_scaling2,c1!video_c2!video_c3!influencer_c4!productdemo_c5!promo_c6!morning.jason_c7!26q3campaign_c8!og-video_c9!app_scaling,,,,,2026-08-14,2026-08-20,7.0,Scaling,influencer – morning.jason – 26q3campaign,video_c2,0.2717172250652538,0.0444754537191208,125.84109375,0.0105733441927566,2.0,79.0,31.06,3230.2,864.0,149.0,119.0,25.0,2.0,2.03484001156476,Phase 1 Winner,True,False,0.363,0.206,0.569,7,236.0,20.598030690537083,34.12639830508475,0.7437049623144942,1150.547142857143,4.0,2.974819849257977,False,True,False,Pause
120249784181830167,2054.77,449624,7295,31,8,14.77,0,0.0,tw_meta_standard_ios_tw-en_pros_trial_ongoing_scaling2,c1!video_c2!video_c3!influencer_c4!productdemo_c5!promo_c6!harryspeaks_c7!26q3campaign_c8!og-video_c9!app_scaling,,,,,2026-08-14,2026-08-20,7.0,Scaling,influencer – harryspeaks – 26q3campaign,video_c2,0.0689464975179261,0.0177926445207551,256.84625,0.0162246677223635,0.0,16.0,6.24,648.7,118.0,31.0,21.0,6.0,0.0,1.5489652441108526,Mid-Tier,False,False,0.308,0.094,0.602,7,20.0,66.28290322580645,102.7385,0.23111325685707843,293.5385714285714,1.0230783053699857,0.236446959173878,False,False,False,Pause
120249784194200167,14687.99,2594782,33706,774,174,327.12,17,8.0,tw_meta_standard_ios_tw-en_pros_trial_ongoing_scaling2,c1!video_c2!video_c3!influencer_c4!productdemo_c5!promo_c6!dachien_c7!26q3campaign_c8!police-conversation_c9!app_scaling,,,,,2026-08-14,2026-09-10,19.0,Scaling,influencer – dachien – 26q3campaign,video_c2,0.2982909546929183,0.0670576564813537,84.4137356321839,0.0129899159158649,25.0,191.0,74.98,7797.7,1792.0,353.0,298.0,31.0,10.0,2.9868876815360355,Phase 1 Winner,True,False,0.736,0.519,1.004,19,481.0,18.97673126614987,30.536361746361745,0.8072442731896615,773.0521052631578,2.69434041995324,2.174990874030681,False,True,False,Watch
120249859615790167,9010.98,2226519,32995,384,118,185.96,5,1.0,tw_meta_standard_ios_tw-en_pros_trial_ongoing_scaling2,c1!ugc_c2!video_c3!ugc_c4!testimonial_c5!promo_c6!qing_c7!testimonial.ba.hook_c8!2026nyr-v2-putoffforyears_c9!scaling,,,,,2026-08-17,2026-09-15,18.0,Scaling,ugc – qing – testimonial.ba.hook,ugc_c2,0.17246652734605,0.0529975266323799,76.36423728813558,0.014819096535893,6.0,162.0,61.5,6395.7,931.0,259.0,203.0,28.0,7.0,3.683502357206712,Phase 1 Winner,True,False,0.63,0.399,0.937,18,238.0,23.46609375,37.86126050420168,0.6528081666109715,500.60999999999996,1.7447902262340211,1.1390133087085736,False,True,False,Pause
120249917976060167,7633.47,1701163,20956,428,73,139.88,5,4.0,tw_meta_standard_ios_tw-en_pros_trial_ongoing_winning,c1!ugc_c2!video_c3!ugc_c4!testimonial_c5!promo_c6!qing_c7!testimonial.ba.hook_c8!2026nyr-v2-putoffforyears_c9!cpr,,,,,2026-08-20,2026-09-15,27.0,Winning,ugc – qing – testimonial.ba.hook,ugc_c2,0.2515925869537487,0.0429118197374384,104.56808219178085,0.0123186314303802,9.0,117.0,42.93,4463.7,1246.0,216.0,160.0,28.0,10.0,2.8659691418628497,Phase 1 Winner,True,False,0.666,0.423,0.978,27,215.0,17.835210280373833,35.50451162790698,0.8589109630692612,282.7211111111111,4.0,3.4356438522770447,False,True,False,Watch
120249918145530167,2940.65,676030,25458,113,32,50.39,3,3.0,tw_meta_standard_ios_tw-en_pros_trial_ongoing_scaling2,c1!ugc_c2!video_c3!ugc_c4!speakmethod_c5!promo_c6!sophia_c7!hook.testimonial_c8!outputinputandspeakmethod-v2-cut_c9!scaling,,,,,2026-08-20,2026-09-15,19.0,Scaling,ugc – sophia – hook.testimonial,ugc_c2,0.1671523453101193,0.0473351774329541,91.8953125,0.0376580920965045,6.0,34.0,12.82,1333.4,254.0,65.0,47.0,4.0,2.0,2.372513770873246,Phase 1 Winner,True,False,0.528,0.276,0.874,19,62.0,26.02345132743363,47.42983870967742,0.5886558798720795,154.77105263157895,0.5394279377869604,0.3175374273455645,False,True,False,Pause
120249918254160167,5000.08,1394288,11532,182,40,80.39,4,2.0,tw_meta_standard_ios_tw-en_pros_trial_ongoing_scaling2,c1!ugc_c2!video_c3!ugc_c4!testimonial_c5!promo_c6!qing_c7!testimonial.ba.hook_c8!2026nyr-v2-putoffforyears_c9!scaling,,,,,2026-08-20,2026-08-24,5.0,Scaling,ugc – qing – testimonial.ba.hook,ugc_c2,0.1305325728974214,0.0286884775598728,125.002,0.0082708880805113,6.0,58.0,22.98,2389.4,550.0,120.0,89.0,19.0,4.0,2.796902295301927,Phase 1 Winner,True,False,0.531,0.3,0.826,5,108.0,27.472967032967034,46.297037037037036,0.5575974964799522,1000.016,3.4853841171323805,1.9434414579840038,False,True,False,Pause
120249918291540167,2802.09,851542,9638,51,20,40.35,0,0.0,tw_meta_standard_ios_tw-en_pros_trial_ongoing_scaling2,c1!n:a_c2!video_c3!influencer_c4!campaign_c5!promo_c6!illyandlean_c7!26q3campaign_c8!outro-promo-long_c9!app-scaling,,,,,2026-08-20,2026-09-07,12.0,Scaling,influencer – illyandlean – 26q3campaign,n,0.0598913500449772,0.0234868039392067,140.10449999999997,0.0113182908183037,0.0,32.0,12.73,1324.1,208.0,62.0,44.0,10.0,0.0,1.80262853022408,Mid-Tier,False,False,0.434,0.193,0.755,12,38.0,54.94294117647059,73.73921052631579,0.2788139351560416,233.50750000000002,0.8138503101263274,0.22691280759428617,False,False,False,Pause
120249918296230167,2229.72,505509,6976,115,21,44.71,2,2.0,tw_meta_standard_ios_tw-en_pros_trial_ongoing_winning,c1!video_c2!video_c3!influencer_c4!productdemo_c5!promo_c6!morning.jason_c7!26q3campaign_c8!og-video_c9!app-cpr,,,,,2026-08-20,2026-09-15,19.0,Winning,influencer – morning.jason – 26q3campaign,video_c2,0.2274934768718262,0.0415422870809421,106.17714285714284,0.0137999521274596,4.0,27.0,10.37,1078.0,268.0,55.0,42.0,6.0,0.0,1.9047986277614997,Mid-Tier,False,False,0.541,0.25,0.932,19,40.0,19.38886956521739,55.742999999999995,0.7900851355429147,117.35368421052631,2.3812251215220175,1.8813705728959167,False,False,False,Pause
120249918716020167,184.87,47252,1315,0,0,0.0,0,0.0,tw_meta_standard_ios_tw-en_pros_purchase_ongoing_no-disc_testing,c1!ugc_c2!video_c3!ugc_c4!senario_c5!ongoing_c6!mip-linwen_stay_c7!abroadlife.vlog_c8!speak-without-fear_c9!app-testing,,,,,2026-08-20,2026-08-22,3.0,Testing,ugc –  – abroadlife.vlog,ugc_c2,0.0,0.0,,0.0278295098620164,0.0,1.0,0.4,41.2,8.0,2.0,2.0,0.0,0.0,1.8215825024021517,Mid-Tier,False,False,0.0,0.0,0.984,3,0.0,,,,61.623333333333335,1.5201843594598319,,False,False,False,No installs yet
120249918769370167,177.55,41849,1276,1,0,0.0,0,0.0,tw_meta_standard_ios_tw-en_pros_purchase_ongoing_no-disc_testing,c1!ugc_c2!video_c3!ugc_c4!entertainment_c5!ongoing_c6!mip-kevins_lifesnotte_c7!pun_c8!english-break-through_c9!app-testing,,,,,2026-08-20,2026-08-26,7.0,Testing,ugc –  – pun,ugc_c2,0.0238954335826423,0.0,,0.0304905732514516,0.0,1.0,0.4,41.9,4.0,2.0,2.0,0.0,0.0,1.117563345041495,Pause,False,False,0.0,0.0,1.049,7,0.0,177.55,,0.08627911933798184,25.364285714285717,0.6257108849201211,0.05398578411109735,False,False,False,Pause
120249918847860167,197.18,60999,1303,5,1,2.22,0,0.0,tw_meta_standard_ios_tw-en_pros_purchase_ongoing_no-disc_testing,c1!ugc_c2!video_c3!ugc_c4!senario_c5!ongoing_c6!mip-bubble_studylog_c7!abroadlife.oneshot.demo_c8!prep-3-senario-3-country_c9!app-testing,,,,,2026-08-20,2026-08-24,5.0,Testing,ugc –  – abroadlife.oneshot.demo,ugc_c2,0.0819685568615879,0.0163937113723175,197.18,0.0213610059181298,0.0,2.0,0.81,83.8,24.0,4.0,4.0,0.0,0.0,1.6778283744580205,Mid-Tier,False,False,0.429,0.0,1.365,5,1.0,39.436,197.18,0.38844856573837805,39.436,0.9728456277328598,0.37790048877768145,False,False,False,Pause
120249918894470167,172.99,41233,1877,3,1,2.1,0,0.0,tw_meta_standard_ios_tw-en_pros_purchase_ongoing_no-disc_testing,c1!ugc_c2!video_c3!ugc_c4!painpoint _c5!ongoing_c6!mip-sanawu33_c7!oneshot_c8!english-degrade_c9!app-testing,,,,,2026-08-20,2026-08-25,6.0,Testing,ugc – mip-sanawu33 – oneshot,ugc_c2,0.0727572575364392,0.024252419178813,172.99,0.0455217907986321,0.0,1.0,0.39,41.0,14.0,2.0,2.0,0.0,0.0,1.7075182090525538,Mid-Tier,False,False,0.0,0.0,1.074,6,2.0,57.663333333333334,86.495,0.2656602862325917,28.831666666666667,0.7112476127629045,0.18895024438884075,False,False,False,Pause
120249918980570167,3907.98,1029411,30711,157,36,76.53999999999999,0,0.0,tw_meta_standard_ios_tw-en_pros_purchase_ongoing_no-disc_testing,c1!ugc_c2!video_c3!ugc_c4!painpoint _c5!ongoing_c6!mip-chenchensiss_c7!vlog.walking.allenglish_c8!taiwanese-good-at-english-yesandno_c9!app-testing,,,,,2026-08-20,2026-09-01,13.0,Testing,ugc – mip-chenchensiss – vlog.walking.allenglish,ugc_c2,0.1525143990106964,0.0349714545502233,108.555,0.0298335650192197,0.0,52.0,19.73,2051.4,520.0,96.0,55.0,21.0,2.0,2.3936991291210634,Phase 1 Winner,True,False,0.501,0.255,0.832,13,95.0,24.891592356687898,41.136631578947366,0.6154229676810046,300.61384615384617,4.0,2.4616918707240183,False,True,False,Pause
120249919047430167,248.47,52921,2861,6,1,2.38,0,0.0,tw_meta_standard_ios_tw-en_pros_purchase_ongoing_no-disc_testing,c1!ugc_c2!video_c3!ugc_c4!senario_c5!ongoing_c6!mip-yoyo_business_english_c7!oneshot_c8!teach-egnlish_c9!app-testing,,,,,2026-08-20,2026-09-07,7.0,Testing,ugc –  – oneshot,ugc_c2,0.1133765423933788,0.0188960903988964,248.47,0.0540617146312428,0.0,1.0,0.4,41.8,18.0,2.0,2.0,0.0,0.0,1.44462504325272,Mid-Tier,False,False,0.0,0.0,0.75,7,5.0,41.41166666666667,49.694,0.3699164721324589,35.495714285714286,0.8756428249850885,0.32391470466658406,False,False,False,Pause
120249990578130167,201.89,47316,1112,5,0,0.0,0,0.0,tw_meta_standard_ios_tw-en_pros_purchase_ongoing_no-disc_testing,c1!ugc_c2!video_c3!whitelist_c4!painpoint _c5!ongoing_c6!mip-kellyyen0122_c7!oneshot_c8!ai-conversion-interview_c9!app-testing,,,,,2026-08-25,2026-08-28,4.0,Testing,whitelist – mip-kellyyen0122 – oneshot,ugc_c2,0.105672499788655,0.0,,0.0235015639529968,0.0,1.0,0.38,39.2,14.0,2.0,2.0,0.0,0.0,1.823255972324913,Mid-Tier,False,False,0.0,0.0,0.916,4,4.0,40.378,50.4725,0.37938624098416657,50.4725,1.245104750627517,0.4723756109721018,False,False,False,Pause
120249990614210167,2377.09,498853,15054,28,13,28.74,0,0.0,tw_meta_standard_ios_tw-en_pros_purchase_ongoing_no-disc_testing,c1!ugc_c2!video_c3!whitelist_c4!painpoint _c5!ongoing_c6!mip-saraworld_c7!aboardlife.remoworker_c8!ai-conversion-self-discipline_c9!app-testing,,,,,2026-08-25,2026-09-13,13.0,Testing,whitelist – mip-saraworld – aboardlife.remoworker,ugc_c2,0.0561287593740039,0.0260597811379304,182.8530769230769,0.0301772265577234,0.0,22.0,7.87,818.3,184.0,45.0,32.0,6.0,0.0,2.037102771769312,Phase 1 Winner,True,False,0.35,0.136,0.658,13,17.0,84.89607142857143,139.82882352941178,0.18044247961871152,182.85307692307694,4.0,0.7217699184748461,False,True,False,Pause
120249990690510167,273.53,74458,3876,1,0,0.0,0,0.0,tw_meta_standard_ios_tw-en_pros_purchase_ongoing_no-disc_testing,c1!ugc_c2!video_c3!whitelist_c4!painpoint _c5!ongoing_c6!mip-mrjun_c7!oneshot.home_c8!fear-speak-interview_c9!,,,,,2026-08-25,2026-08-27,3.0,Testing,whitelist – mip-mrjun – oneshot.home,ugc_c2,0.0134303902871417,0.0,,0.0520561927529614,0.0,2.0,0.76,79.1,22.0,4.0,4.0,0.0,0.0,3.287500150293166,Pause,False,False,0.308,0.0,0.996,3,1.0,273.53,273.53,0.05600430533564391,91.17666666666666,2.2492347478933725,0.1259668295925605,False,False,False,Pause
120249990716300167,165.01999999999998,40868,1337,1,0,0.0,0,0.0,tw_meta_standard_ios_tw-en_pros_purchase_ongoing_no-disc_testing,c1!ugc_c2!video_c3!whitelist_c4!speakmethod_c5!ongoing_c6!mip-chiayen_c7!interview.punhook_c8!street-interview_c9!app-testing,,,,,2026-08-25,2026-08-27,3.0,Testing,whitelist – mip-chiayen – interview.punhook,ugc_c2,0.0244690222178721,0.0,,0.0327150827052951,0.0,3.0,1.11,115.5,20.0,2.0,2.0,0.0,0.0,2.3071721774011653,Pause,False,False,0.573,0.0,2.074,3,0.0,165.01999999999998,,0.09283030928650272,55.00666666666666,1.3569579866828658,0.12596682959256048,False,False,False,Pause
120249991414980167,1116.18,277571,26717,17,8,17.6,0,0.0,tw_meta_standard_ios_tw-en_pros_purchase_ongoing_no-disc_testing,c1!ugc_c2!video_c3!whitelist_c4!painpoint _c5!ongoing_c6!mip-saraworld_c7!aboardlife.sharing_c8!highschool-english-fail_c9!app-testing,,,,,2026-08-25,2026-09-13,20.0,Testing,whitelist – mip-saraworld – aboardlife.sharing,ugc_c2,0.0612455912181027,0.0288214546908718,139.5225,0.096252850622003,0.0,10.0,3.56,370.0,70.0,18.0,12.0,4.0,0.0,1.7525224433390338,Mid-Tier,False,False,0.354,0.079,0.782,20,11.0,65.65764705882353,101.4709090909091,0.23331414274919596,55.809000000000005,1.3767507261928993,0.32121541546102933,False,False,False,Pause
120249991458770167,210.29,52244,1990,6,2,4.52,0,0.0,tw_meta_standard_ios_tw-en_pros_purchase_ongoing_no-disc_testing,c1!ugc_c2!video_c3!whitelist_c4!speakmethod_c5!ongoing_c6!mip-cocoinfinland_c7!vlog_c8!international-relationship_c9!app-testing,,,,,2026-08-25,2026-08-28,4.0,Testing,whitelist – mip-cocoinfinland – vlog,ugc_c2,0.1148457239108797,0.0382819079702932,105.145,0.0380904984304417,0.0,3.0,1.12,116.6,30.0,2.0,2.0,0.0,0.0,3.2031850378293543,Pause,False,False,0.451,0.0,1.654,4,4.0,35.04833333333333,52.5725,0.43707806282158956,52.5725,1.2969095943804079,0.5668507331665221,False,False,False,Pause
120249992156470167,202.35,48539,2276,3,0,0.0,0,0.0,tw_meta_standard_ios_tw-en_pros_purchase_ongoing_no-disc_testing,c1!ugc_c2!video_c3!whitelist_c4!speakmethod_c5!ongoing_c6!mip-jenny_c7!ba_c8!mom-study-english_c9!app-testing,,,,,2026-08-25,2026-08-28,4.0,Testing,whitelist – mip-jenny – ba,ugc_c2,0.0618059704567461,0.0,,0.046890129586518,0.0,0.0,0.0,0.0,10.0,0.0,0.0,0.0,0.0,3.4748124005080525,Pause,False,False,0.0,0.0,0.0,4,1.0,67.45,202.35,0.22711427188226357,50.5875,1.2479416825473182,0.28342536658326106,False,False,False,Pause
120249992189790167,266.66,81302,2698,0,0,0.0,0,0.0,tw_meta_standard_ios_tw-en_pros_purchase_ongoing_no-disc_testing,c1!ugc_c2!video_c3!whitelist_c4!speakmethod_c5!ongoing_c6!mip-shiiiwen_c7!oneshot.personalevent_c8!break-up-motivation_c9!app-testing,,,,,2026-08-25,2026-08-30,6.0,Testing,whitelist – mip-shiiiwen – oneshot.personalevent,ugc_c2,0.0,0.0,,0.0331849155002337,0.0,4.0,1.49,155.4,20.0,8.0,6.0,0.0,0.0,2.580149812840884,Pause,False,False,0.427,0.0,1.515,6,0.0,,,,44.443333333333335,1.096371399614753,,False,False,False,No installs yet
120249992226780167,195.46,61447,1712,2,0,0.0,0,0.0,tw_meta_standard_ios_tw-en_pros_purchase_ongoing_no-disc_testing,c1!ugc_c2!video_c3!whitelist_c4!speakmethod_c5!ongoing_c6!mip-shiiiwen_c7!whileing.vlog_c8!restaurant.conversation_c9!app-testing,,,,,2026-08-25,2026-08-29,5.0,Testing,whitelist – mip-shiiiwen – whileing.vlog,ugc_c2,0.032548375022377,0.0,,0.0278614090191547,0.0,0.0,0.0,0.0,14.0,0.0,0.0,0.0,0.0,1.6665382958313355,Mid-Tier,False,False,0.0,0.0,0.0,5,0.0,97.73,,0.15674672708951884,39.092,0.9643595009466719,0.15116019551107257,False,False,False,Pause
120249992335170167,209.1,50921,2040,5,1,2.26,0,0.0,tw_meta_standard_ios_tw-en_pros_purchase_ongoing_no-disc_testing,c1!ugc_c2!video_c3!whitelist_c4!speakmethod_c5!ongoing_c6!mip-kaooopei_c7!qa_c8!ask-question-to-boyfriend_c9!app-testing,,,,,2026-08-25,2026-08-27,3.0,Testing,whitelist – mip-kaooopei – qa,ugc_c2,0.0981913159600165,0.0196382631920033,209.1,0.0400620569116867,0.0,4.0,1.53,159.2,24.0,8.0,8.0,0.0,0.0,3.223914041053921,Pause,False,False,0.511,0.0,1.927,3,1.0,41.82,209.1,0.3663045824595571,69.7,1.7194274331316646,0.6298341479628025,False,False,False,Pause
120249992963230167,217.16,56769,1934,5,2,3.98,0,0.0,tw_meta_standard_ios_tw-en_pros_purchase_ongoing_no-disc_testing,c1!ugc_c2!video_c3!whitelist_c4!productdemo_c5!ongoing_c6!mip-yclife_c7!vlog.parent_c8!learn-with-kid_c9!app-testing,,,,,2026-08-25,2026-08-30,6.0,Testing,whitelist – mip-yclife – vlog.parent,ugc_c2,0.0880762387922986,0.0352304955169194,108.58,0.0340678891648611,0.0,4.0,1.5,155.6,14.0,8.0,4.0,2.0,0.0,1.8746130147969464,Mid-Tier,False,False,0.744,0.0,2.094,6,1.0,43.432,217.16,0.35270900806913513,36.193333333333335,0.8928523705855387,0.3149170739814012,False,False,False,Pause
120249993034910167,204.63,54041,4460,0,2,4.23,0,0.0,tw_meta_standard_ios_tw-en_pros_purchase_ongoing_no-disc_testing,c1!ugc_c2!video_c3!whitelist_c4!productdemo_c5!ongoing_c6!mip-amychou_c7!oneshot.appscreen_c8!en-esp-restaurant_c9!app-testing,,,,,2026-08-26,2026-08-30,5.0,Testing,whitelist – mip-amychou – oneshot.appscreen,ugc_c2,0.0,0.0370089376584445,102.315,0.0825299309783312,0.0,2.0,0.73,76.2,10.0,4.0,0.0,4.0,0.0,1.7846817674264863,Mid-Tier,False,False,0.42,0.0,1.59,5,1.0,,204.63,,40.926,1.0096023978241966,,False,False,False,No installs yet
120250094596930167,724.64,165185,5715,44,7,12.91,0,0.0,tw_meta_standard_ios_tw-en_pros_trial_ongoing_winning,c1!ugc_c2!video_c3!ugc_c4!painpoint _c5!ongoing_c6!mip-chenchensiss_c7!vlog.walking.allenglish_c8!taiwanese-good-at-english-yesandno_c9!app-cpr,,,,,2026-09-01,2026-09-15,15.0,Winning,ugc – mip-chenchensiss – vlog.walking.allenglish,ugc_c2,0.2663680116233314,0.0423767291218936,103.52,0.0345975724188031,0.0,9.0,3.18,330.4,142.0,14.0,8.0,6.0,0.0,2.8656035852871304,Phase 1 Winner,True,False,0.522,0.115,1.194,15,15.0,16.46909090909091,48.309333333333335,0.9301580593014211,48.309333333333335,0.9802453064102095,0.9117830718498473,False,True,False,Watch
120250112779340167,291.29,57232,1450,30,1,1.75,0,0.0,tw_meta_standard_ios_tw-en_pros_trial_ongoing_winning,c1!video_c2!video_c3!influencer_c4!productdemo_c5!promo_c6!harryspeaks_c7!26q3campaign_c8!og-video_c9!app_cpr,,,,,2026-09-01,2026-09-07,7.0,Winning,influencer – harryspeaks – 26q3campaign,video_c2,0.524182275649986,0.0174727425216662,291.29,0.0253354766564159,0.0,1.0,0.35,35.9,56.0,0.0,0.0,0.0,0.0,1.5713794240740264,Mid-Tier,False,False,0.0,0.0,0.637,7,9.0,9.709666666666667,32.36555555555556,1.5776914042835672,41.612857142857145,0.8443670215680394,1.3321505919884133,False,False,False,"Efficient, unproven scale"
120250114976680167,96.58,19216,260,6,1,2.53,0,0.0,tw_meta_standard_ios_tw-en_pros_purchase_ongoing_no-disc_testing,c1!ugc_c2!video_c3!ugc_c4!speakmethod_c5!promo_c6!sophia_c7!hook.testimonial_c8!outputinputandspeakmethod-v1-full,,,,,2026-09-02,2026-09-04,3.0,Testing,ugc – sophia – hook.testimonial,ugc_c2,0.3122398001665279,0.0520399666944213,96.58,0.0135303913405495,0.0,8.0,2.84,295.4,76.0,14.0,10.0,0.0,0.0,2.1972816326202067,Pause,False,False,2.927,0.0,6.874,3,14.0,16.096666666666668,6.898571428571429,0.9516788758620011,32.193333333333335,0.7941764777228894,0.7558009775553629,True,False,False,Watch
